"Item","Sku","Warehouse","Location","Type","Units","Active Item","Pickable","Sellable","Creation Date"
"Thicc Buddy 30 | Nebula","thicc30-nebula","Primary","MH158-1","Floor",288,"yes","yes","yes","2026-01-22 15:05:07"
"Bottle Buddy 32oz | Atlanta Braves ","bottle32-navy-mlb-braves-stripe","Primary","MG153-4","Bay",240,"yes","no","yes","2026-01-21 21:35:22"
"Bottle Buddy 32oz | Tennessee Volunteers | Gameday ","bottle32-white-ncaa-tennessee-stripe","Primary","MG145-3","Bay",240,"yes","no","yes","2026-01-21 21:26:28"
"Bottle Buddy 32oz | Atlanta Braves ","bottle32-navy-mlb-braves-stripe","Primary","MF157-1","Floor",260,"yes","yes","yes","2026-01-21 21:22:28"
"Bottle Buddy 32oz | Tennessee Volunteers | Gameday ","bottle32-white-ncaa-tennessee-stripe","Primary","MG102-1","Floor",259,"yes","yes","yes","2026-01-21 21:18:37"
"Bottle Buddy | Navy","bottle32-navy","Primary","MH114-4","Bay",240,"yes","no","yes","2026-01-21 21:17:16"
"Bottle Buddy | Navy","bottle32-navy","Primary","MI158-3","Bay",240,"yes","no","yes","2026-01-21 21:13:34"
"Bottle Buddy | Navy","bottle32-navy","Primary","MH112-4","Bay",240,"yes","no","yes","2026-01-21 21:09:41"
"Bottle Buddy | Navy","bottle32-navy","Primary","MG156-2","Bay",240,"yes","no","yes","2026-01-21 21:05:15"
"Bottle Buddy | Navy","bottle32-navy","Primary","MG168-3","Bay",240,"yes","no","yes","2026-01-21 21:02:04"
"Universal Buddy | Merica","uni-merica","Primary","CC129-1","Floor",350,"yes","no","yes","2026-01-21 20:58:25"
"Bottle Buddy | Navy","bottle32-navy","Primary","MH110-2","Bay",240,"yes","no","yes","2026-01-21 20:51:50"
"Bottle Buddy | Navy","bottle32-navy","Primary","MH123-3","Bay",240,"yes","no","yes","2026-01-21 20:51:14"
"Bottle Buddy 32oz | Boston Red Sox ","bottle32-navy-mlb-redsox-stripe","Primary","MG153-3","Bay",240,"yes","no","yes","2026-01-21 20:42:22"
"Bottle Buddy 32oz | Boston Red Sox ","bottle32-navy-mlb-redsox-stripe","Primary","MF142-1","Floor",260,"yes","yes","yes","2026-01-21 20:37:11"
"Bottle Buddy | Royal","bottle32-royal","Primary","MG163-4","Bay",240,"yes","no","yes","2026-01-21 20:33:35"
"Bottle Buddy 24oz | Pencil 24oz","bottle24-pencil","Primary","MG166-4","Bay",240,"yes","no","yes","2026-01-21 20:06:02"
"Replacement Silicone | To-Go Buddy | White","togorubber-white","Primary","MA158-4","Bay",500,"yes","no","yes","2026-01-21 20:04:36"
"Replacement Silicone | To-Go Buddy | Black","togorubber-black","Primary","MA158-4","Bay",500,"yes","no","yes","2026-01-21 20:03:40"
"Bottle Buddy 24 | Royal","bottle24-royal","Primary","MH128-2","Bay",240,"yes","no","yes","2026-01-21 20:01:03"
"Bottle Buddy 24 | Royal","bottle24-royal","Primary","MG155-4","Bay",240,"yes","no","yes","2026-01-21 20:00:56"
"Bottle Buddy 24oz | Pencil 24oz","bottle24-pencil","Primary","MG157-4","Bay",240,"yes","no","yes","2026-01-21 19:58:20"
"Universal Buddy | Indiana Hoosiers | CFB National Champs ","c-c-crimson-ncaa-indiana-nc25-16and0-uni","Primary","MA110-1","Floor ",99,"yes","yes","yes","2026-01-21 19:58:16"
"Bottle Buddy 24 | Royal","bottle24-royal","Primary","ME164-4","Bay",240,"yes","no","yes","2026-01-21 19:54:53"
"Bottle Buddy 24 | Royal","bottle24-royal","Primary","ME168-4","Bay",240,"yes","no","yes","2026-01-21 19:51:51"
"Bottle Buddy 24 | Crimson","bottle24-crimson","Primary","MG155-2","Bay",240,"yes","no","yes","2026-01-21 19:51:05"
"Bottle Buddy 24oz | Pencil 24oz","bottle24-pencil","Primary","MG158-3","Bay",240,"yes","no","yes","2026-01-21 19:40:51"
"Bottle Buddy 24 | Crimson","bottle24-crimson","Primary","MG130-3","Bay",240,"yes","no","yes","2026-01-21 19:32:29"
"Bottle Buddy | Purple Glitz","bottle32-purpleglitz","Primary","MD128-4","Bay",240,"yes","no","yes","2026-01-21 19:31:01"
"Bottle Buddy | Purple Glitz","bottle32-purpleglitz","Primary","MD126-4","Bay",240,"yes","no","yes","2026-01-21 19:30:25"
"To-Go Buddy | Kansas Jayhawks","c-c-white-ncaa-kansas-stripe-tgb","Primary","Delete Me","Bin",1,"yes","no","no","2026-01-21 19:26:06"
"Bottle Buddy 24 | Navy","bottle24-navy","Primary","Big Box Processing","Floor",800,"yes","no","yes","2026-01-21 19:25:21"
"Bottle Buddy 24 | Crimson","bottle24-crimson","Primary","MF118-3","Bay",240,"yes","no","yes","2026-01-21 19:23:20"
"To-Go Buddy | Caramel","togo30-caramel","Primary","MH102-4","Bay",400,"yes","no","yes","2026-01-21 18:58:39"
"Mystery Returns Assortment Return 10","return10","Primary","MG164-2","Bay",27,"yes","no","yes","2026-01-21 18:53:26"
"To-Go Buddy | Little Loves","c-c-gumdrop-littleloves-tgb","Primary","MA113-1","Floor ",76,"yes","yes","yes","2026-01-21 18:53:09"
"Bottle Buddy 24 | Crimson","bottle24-crimson","Primary","MH117-3","Bay",240,"yes","no","yes","2026-01-21 18:52:19"
"Bottle Buddy | Purple Glitz","bottle32-purpleglitz","Primary","MD124-3","Bay",240,"yes","no","yes","2026-01-21 18:51:57"
"Bottle Buddy | Purple Glitz","bottle32-purpleglitz","Primary","MD102-3","Bay",240,"yes","no","yes","2026-01-21 18:50:29"
"To-Go Buddy | No Love Club","c-c-gumdrop-noloveclub-tgb","Primary","MA110-1","Floor ",24,"yes","yes","yes","2026-01-21 18:47:53"
"To-Go Buddy | Buddy Of The Week | Poisoned Petals ","c-c-black-poisonedpetals-tgb","Primary","MA103-1","Floor ",4,"yes","yes","yes","2026-01-21 18:46:36"
"Bottle Buddy | Royal","bottle32-royal","Primary","MC158-2","Bay",60,"yes","no","yes","2026-01-21 18:45:03"
"To-Go Buddy | Gumdrop","togo30-gumdrop","Primary","MB115-4","Bay",100,"yes","no","yes","2026-01-21 18:39:00"
"Bottle Buddy 24 | Crimson","bottle24-crimson","Primary","MB104-4","Bay",80,"yes","no","yes","2026-01-21 18:35:53"
"Bottle Buddy | Purple Glitz","bottle32-purpleglitz","Primary","MD123-4","Bay",240,"yes","no","yes","2026-01-21 18:35:45"
"Bottle Buddy | Tactical Green","bottle32-tactical","Primary","MA160-4","Bay",40,"yes","no","yes","2026-01-21 18:33:26"
"Bottle Buddy | Purple Glitz","bottle32-purpleglitz","Primary","MD124-4","Bay",240,"yes","no","yes","2026-01-21 18:10:08"
"Unboxed ToGo Buddy | Black","togo30-black-unboxed","Primary","CD126-1","Floor",450,"yes","yes","yes","2026-01-21 18:09:16"
"Bottle Buddy | Purple Glitz","bottle32-purpleglitz","Primary","MF106-3","Bay",240,"yes","no","yes","2026-01-21 17:53:15"
"Bottle Buddy | Purple Glitz","bottle32-purpleglitz","Primary","MF104-4","Bay",240,"yes","no","yes","2026-01-21 17:51:28"
"Bottle Buddy 24 | Crimson","bottle24-crimson","Primary","MH127-2","Bay",240,"yes","no","yes","2026-01-21 17:21:49"
"Universal Buddy | Indiana Hoosiers | CFB National Champs ","c-c-black-ncaa-indiana-nc25-undefeated-uni","Primary","MA115-1","Floor ",173,"yes","yes","yes","2026-01-21 17:09:10"
"Bottle Buddy 24oz | Pencil 24oz","bottle24-pencil","Primary","MI150-2","Bay",240,"yes","no","yes","2026-01-21 17:07:14"
"To-Go Buddy | Caramel","togo30-caramel","Primary","Delete Me","Bin",4,"yes","no","no","2026-01-21 17:03:29"
"Bottle Buddy 32oz | Michigan Wolverines ","bottle32-navy-ncaa-michigan-stripe","Primary","MD122-4","Bay",240,"yes","no","yes","2026-01-21 16:57:45"
"Bottle Buddy 24 | Royal","bottle24-royal","Primary","MH122-1","Floor",300,"yes","yes","yes","2026-01-21 16:54:42"
"Bottle Buddy 24 | Crimson","bottle24-crimson","Primary","MI154-2","Bay",240,"yes","no","yes","2026-01-21 16:49:06"
"Bottle Buddy 32oz | Michigan Wolverines ","bottle32-navy-ncaa-michigan-stripe","Primary","MD121-3","Bay",240,"yes","no","yes","2026-01-21 16:44:33"
"To-Go Buddy | Cupids Bows ","c-c-red-bows-tgb","Primary","Delete Me","Bin",1,"yes","no","no","2026-01-21 16:41:33"
"Bottle Buddy | Royal","bottle32-royal","Primary","MH123-2","Bay",240,"yes","no","yes","2026-01-21 16:40:26"
"Bottle Buddy 32oz | Michigan Wolverines ","bottle32-navy-ncaa-michigan-stripe","Primary","MD121-4","Bay",240,"yes","no","yes","2026-01-21 16:33:47"
"Bottle Buddy 32oz | Michigan Wolverines ","bottle32-navy-ncaa-michigan-stripe","Primary","MD120-4","Bay",240,"yes","no","yes","2026-01-21 16:27:53"
"Bottle Buddy 24 | Cream","bottle24-cream","Primary","Big Box Processing","Floor",800,"yes","no","yes","2026-01-21 16:22:01"
"To-Go Buddy | Cream","togo30-cream","Primary","MH111-3","Bay",200,"yes","no","yes","2026-01-21 16:20:08"
"Bottle Buddy | Cowabunga","bottle32-cowabunga","Primary","MD117-4","Bay",240,"yes","no","yes","2026-01-21 16:16:57"
"Bottle Buddy | Cowabunga","bottle32-cowabunga","Primary","MD118-3","Bay",240,"yes","no","yes","2026-01-21 16:08:58"
"Bottle Buddy | Cowabunga","bottle32-cowabunga","Primary","MD114-4","Bay",240,"yes","no","yes","2026-01-21 16:02:43"
"Bottle Buddy | Cowabunga","bottle32-cowabunga","Primary","MD110-4","Bay",240,"yes","no","yes","2026-01-21 15:56:28"
"Bottle Buddy 24 | Royal","bottle24-royal","Primary","MG150-3","Bay",240,"yes","no","yes","2026-01-21 15:51:58"
"Bottle Buddy | Royal","bottle32-royal","Primary","MD111-3","Bay",400,"yes","no","yes","2026-01-21 15:47:54"
"Bottle Buddy 24oz | Pencil 24oz","bottle24-pencil","Primary","MG166-3","Bay",240,"yes","no","yes","2026-01-21 15:43:25"
"To-Go Buddy | Indiana Hoosiers | CFB National Champs ","c-c-white-ncaa-indiana-nc25-gradient-tgb","Primary","MA113-1","Floor ",7,"yes","yes","yes","2026-01-21 15:39:31"
"Bottle Buddy | Royal","bottle32-royal","Primary","MD109-4","Bay",240,"yes","no","yes","2026-01-21 15:38:46"
"Bottle Buddy | Tactical Green","bottle32-tactical","Primary","ME159-3","Bay",240,"yes","no","yes","2026-01-21 15:36:09"
"Bottle Buddy | Tactical Green","bottle32-tactical","Primary","MG162-3","Bay",240,"yes","no","yes","2026-01-21 15:24:28"
"Bottle Buddy | Royal","bottle32-royal","Primary","MD107-3","Bay",240,"yes","no","yes","2026-01-21 15:21:48"
"To-Go Buddy | Alabama Crimson Tide","c-c-crimson-ncaa-alabama-stripe-tgb","Primary","Delete Me","Bin",1,"yes","no","no","2026-01-21 15:20:27"
"Bottle Buddy 16oz | Rocket Pop ","bottle16-rocketpop","Primary","Delete Me","Bin",1,"yes","no","no","2026-01-21 15:15:37"
"To-Go Buddy | Caramel","togo30-caramel","Primary","MD105-3","Bay",400,"yes","no","yes","2026-01-21 15:04:39"
"To-Go Buddy | Cream","togo30-cream","Primary","MD108-4","Bay",400,"yes","no","yes","2026-01-21 14:44:05"
"thicc40-glow-oldlid","thicc40-glow-oldlid","Primary","MF148-1","Floor",144,"yes","yes","yes","2026-01-21 14:41:07"
"Bottle Buddy | Tactical Green","bottle32-tactical","Primary","MD106-4","Bay",240,"yes","no","yes","2026-01-21 14:37:30"
"Bottle Buddy | I Scream For Ice Cream","bottle32-iscream4icecream","Primary","Delete Me","Bin",1,"yes","no","no","2026-01-21 14:34:00"
"Bottle Buddy | Tactical Green","bottle32-tactical","Primary","MD104-4","Bay",240,"yes","no","yes","2026-01-21 14:31:40"
"Bottle Buddy | White","bottle32-white","Primary","MG151-1","Floor",238,"yes","yes","yes","2026-01-21 14:23:26"
"To-Go Buddy | Caramel","togo30-caramel","Primary","MD102-4","Bay",400,"yes","no","yes","2026-01-21 14:19:21"
"To-Go Buddy | Caramel","togo30-caramel","Primary","MD101-3","Bay",400,"yes","no","yes","2026-01-21 14:04:37"
"Universal Buddy | Indiana Hoosiers | CFB National Champs ","c-c-crimson-ncaa-indiana-nc25-undefeated-uni","Primary","MA128-1","Floor ",23,"yes","yes","yes","2026-01-21 13:57:12"
"Universal Buddy | Indiana Hoosiers | CFB National Champs ","c-c-white-ncaa-indiana-nc25-allover-uni","Primary","MA127-1","Floor ",18,"yes","yes","yes","2026-01-21 13:56:10"
"Universal Buddy | Indiana Hoosiers | CFB National Champs ","c-c-crimson-ncaa-indiana-nc25-stripe-uni","Primary","MA125-1","Floor ",144,"yes","yes","yes","2026-01-21 13:55:05"
"To-Go Buddy | Caramel","togo30-caramel","Primary","ME166-1","Floor",248,"yes","yes","yes","2026-01-21 13:53:48"
"To-Go Buddy | Gumdrop","togo30-gumdrop","Primary","Unboxing","Shelf",900,"yes","no","yes","2026-01-21 13:43:00"
"Bottle Buddy 32 | Indiana Hoosiers | CFB National Champs ","c-c-crimson-ncaa-indiana-nc25-champs-b32","Primary","MA126-1","Floor ",31,"yes","yes","yes","2026-01-21 13:41:17"
"To-Go Buddy | Black","togo30-black","Primary","CA124-1","Floor",400,"yes","no","yes","2026-01-20 19:51:24"
"Universal Buddy | Alabama Crimson Tide | Legacy","uni-alabama3d","Primary","MD159-1","Floor",294,"yes","yes","yes","2026-01-20 19:38:12"
"Bottle Buddy 16 | Dark Night","bottle16-darknight","Primary","Delete Me","Bin",1,"yes","no","no","2026-01-20 19:35:13"
"Thicc Buddy 40oz | Indiana Hoosiers | CFB National Champs ","c-c-black-ncaa-indiana-nc25-champs-t40","Primary","MA112-1","Floor ",95,"yes","yes","yes","2026-01-20 19:25:43"
"Bottle Buddy 32 | Indiana Hoosiers | CFB National Champs ","c-c-black-ncaa-indiana-nc25-champs-b32","Primary","MA105-1","Floor ",13,"yes","yes","yes","2026-01-20 19:21:40"
"Bottle Buddy | Gumdrop","bottle32-gumdrop","Primary","MM140-3","Bay",240,"yes","no","yes","2026-01-20 17:51:25"
"Bottle Buddy 24 | Black","bottle24-black","Primary","Big Box Processing","Floor",1500,"yes","no","yes","2026-01-20 17:21:01"
"Mystery Returns Assortment Return 10","return10","Primary","MG162-2","Bay",27,"yes","no","yes","2026-01-20 16:52:18"
"Mystery Returns Assortment Return 10","return10","Primary","MG165-2","Bay",27,"yes","no","yes","2026-01-20 16:50:20"
"Thicc Buddy 40oz | Neon Rewind ","c-c-black-neonrewind-t40","Primary","MA105-1","Floor ",48,"yes","yes","yes","2026-01-20 16:44:38"
"Universal Buddy | Florida State Seminoles | Drip","uni-floridastatedrip","Primary","MG104-2","Bay",600,"yes","no","yes","2026-01-20 16:03:59"
"To-Go Buddy | LA Dodgers | World Series Champs 2025 ","c-c-royal-mlb-dodgers-ws25-tgb","Primary","MB215-3","Bin",1,"yes","yes","yes","2026-01-20 15:05:22"
"Bottle Buddy | Dark Night","bottle32-darknight","Primary","ME125-1","Floor",181,"yes","yes","yes","2026-01-20 14:42:14"
"Universal Buddy | Merica","uni-merica","Primary","CA101-1","Floor",600,"yes","no","yes","2026-01-20 14:36:24"
"Bottle Buddy 16oz | Pencil 16oz","bottle16-pencil","Primary","ME137-1","Floor",307,"yes","yes","yes","2026-01-20 14:30:25"
"Universal Buddy | Black & White Checkered ","c-c-black-blackwhitecheckered-uni","Primary","MA122-1","Floor ",7,"yes","yes","yes","2026-01-20 13:51:17"
"Universal Buddy |  Chase Elliott | Napa ","c-c-navy-hmsl-elliott-9napa-uni","Primary","MB143-1","Bin",1,"yes","yes","yes","2026-01-19 20:58:02"
"Bottle Buddy | Gunmetal Glory","c-c-black-gunmetalglory-bottle32","Primary","MB286-2","Bin",4,"yes","yes","yes","2026-01-19 20:16:49"
"Mini Thicc Buddy | Pink Checkered","thicc16-pinkcheckered","Primary","MH147-1","Floor",218,"yes","yes","yes","2026-01-19 18:32:29"
"Thicc Buddy 30 | Pink Checkered","thicc30-pinkcheckered","Primary","MH152-1","Floor",384,"yes","yes","yes","2026-01-19 18:26:13"
"Bottle Buddy | White","bottle32-white","Primary","Corporate Processing","",309,"yes","yes","yes","2026-01-19 17:34:27"
"To-Go Buddy Lid | Black","togolid-black","Primary","MA178-2","Bin",3,"yes","yes","yes","2026-01-19 15:52:01"
"Universal Buddy | Champagne Glitz","uni-champagneglitz","Primary","MD140-1","Floor",580,"yes","yes","yes","2026-01-19 15:34:19"
"Thicc Buddy 40 | Mademoiselle Old Lid","thicc40-mademoiselle-oldlid","Primary","MJ139-1","Floor",146,"yes","yes","yes","2026-01-19 14:52:43"
"Bottle Buddy | Ghostbusters | Specter Sparks ","c-c-black-ghostbusters-neonstreams-bottle32","Primary","MB242-3","Bin",1,"yes","yes","yes","2026-01-19 14:45:19"
"Replacement Lid | Bottle Buddy 32 | Navy","b32lid-navy","Primary","MA144-4","Bay",14,"yes","no","yes","2026-01-19 14:21:36"
"Universal Buddy | Texas Tech Red Raiders | Big 12 Champions ","c-c-black-ncaa-texastech-big1225-uni","Primary","MB118-2","Bin",1,"yes","yes","yes","2026-01-19 13:58:19"
"Thicc Buddy 40 | Navy","thicc40-navy","Primary","CC126-1","Floor",120,"yes","no","yes","2026-01-16 20:56:14"
"Bottle Buddy | Gumdrop","bottle32-gumdrop","Primary","Big Box Processing","Floor",1500,"yes","no","yes","2026-01-16 20:41:32"
"Universal Buddy | Dark Night","uni-darknight","Primary","CA110-1","Floor",600,"yes","no","yes","2026-01-16 20:33:39"
"To-Go Buddy | Buddy Of The Week | Polka Dot","c-c-black-botw-polkadot-tgb","Primary","MA119-1","Floor ",200,"yes","yes","yes","2026-01-16 20:24:29"
"Bottle Buddy | Black","bottle32-black","Primary","Big Box Processing","Floor",1000,"yes","no","yes","2026-01-16 20:23:28"
"Universal Buddy | Nashville Predators","c-c-white-nhl-predators-stripe-uni","Primary","Corporate Processing","",2,"yes","yes","yes","2026-01-16 18:10:43"
"Universal Buddy | Dark Night","uni-darknight","Primary","CC122-1","Floor",600,"yes","no","yes","2026-01-16 18:04:13"
"Universal Buddy | White","uni-allwhite","Primary","CC124-1","Floor",300,"yes","no","yes","2026-01-16 17:48:57"
"Universal XL | Shake My Bones ","unixl-shakemybones","Primary","MP110-2","Bay",100,"yes","no","yes","2026-01-16 16:23:34"
"Thicc Buddy 40 | Black & White Checkered ","thicc40-blackwhitecheckered","Primary","MP108-2","Bay",48,"yes","no","yes","2026-01-16 16:21:19"
"Universal XL | Burnt Titanium ","unixl-burntitanium","Primary","MP106-2","Bay",100,"yes","no","yes","2026-01-16 16:19:05"
"Thicc Buddy 16 | Love Sparks","thicc16-lovesparks","Primary","MQ165-2","Bay",312,"yes","no","yes","2026-01-16 16:17:04"
"Thicc Buddy 40 | Love Sparks","thicc40-lovesparks","Primary","MP105-2","Bay",120,"yes","no","yes","2026-01-16 16:14:30"
"Thicc Buddy 40 | Black & White Checkered ","thicc40-blackwhitecheckered","Primary","MQ139-4","Bay",144,"yes","no","yes","2026-01-16 16:11:52"
"Thicc Buddy 40 | Black & White Checkered ","thicc40-blackwhitecheckered","Primary","MQ137-4","Bay",144,"yes","no","yes","2026-01-16 16:09:00"
"Thicc Buddy 40oz | Blue Floral ","thicc40-bluefloral","Primary","MQ116-3","Bay",144,"yes","no","yes","2026-01-16 15:32:02"
"Thicc Buddy 40 | Love Sparks","thicc40-lovesparks","Primary","MQ122-4","Bay",144,"yes","no","yes","2026-01-16 15:28:01"
"To-Go Buddy | Pink Checkered","togo30-pinkcheckered","Primary","MG154-1","Floor",231,"yes","yes","yes","2026-01-16 15:18:50"
"Thicc Buddy | Pencil 40oz","thicc40-pencil","Primary","MI138-1","Floor",23,"yes","yes","yes","2026-01-16 15:08:47"
"Universal Buddy | Oregon Ducks | Night Game ","c-c-darknight-ncaa-oregon-blackout-uni","Primary","MB133-3","Bin",1,"yes","yes","yes","2026-01-16 15:00:19"
"Universal Buddy | Indiana Hoosiers | Night Game ","c-c-darknight-ncaa-indiana-blackout-uni","Primary","MB159-3","Bin",3,"yes","yes","yes","2026-01-16 14:56:10"
"Universal Buddy | Louisville Cardinals | Night Game ","c-c-darknight-ncaa-louisville-blackout-uni","Primary","MB169-1","Bin",23,"yes","yes","yes","2026-01-16 14:54:53"
"Universal Buddy | Miami Hurricanes | Night Game ","c-c-darknight-ncaa-miami-blackout-uni","Primary","MB170-2","Bin",5,"yes","yes","yes","2026-01-16 14:50:11"
"Universal XL | Night Ops ","c-c-darknight-nightops-xl","Primary","MB240-1","Bin",8,"yes","yes","yes","2026-01-16 14:48:05"
"Universal XL | Old Glory","c-c-black-oldglory-unixl","Primary","MB242-2","Bin",6,"yes","yes","yes","2026-01-16 14:46:50"
"Universal Buddy | Texas Tech Red Rebels | Night Game ","c-c-darknight-ncaa-texastech-blackout-uni","Primary","MA108-1","Floor ",67,"yes","yes","yes","2026-01-16 14:42:43"
"Bottle Buddy 24 | Rocket Pop (DSG)","b24-rocketpop","Primary","CE114-3","Bay",288,"yes","no","yes","2026-01-16 14:41:35"
"Bottle Buddy 24 | Pencil (DSG)","b24-pencil","Primary","CE112-3","Bay",288,"yes","no","yes","2026-01-16 14:38:06"
"Bottle Buddy | Oregon Ducks | Blackout ","c-c-darknight-ncaa-oregon-blackout-bottle32","Primary","MB273-1","Bin",4,"yes","yes","yes","2026-01-16 14:36:24"
"Bottle Buddy 24 | Ice Cream (DSG)","b24-icecream","Primary","CE110-3","Bay",288,"yes","no","yes","2026-01-16 14:32:07"
"Bottle Buddy 16 | Rocket Pop (DSG)","b16-rocketpop","Primary","CE106-3","Bay",288,"yes","no","yes","2026-01-16 14:24:44"
"Bottle Buddy 16 | Ice Cream (DSG)","b16-icecream","Primary","CE110-2","Bay",174,"yes","no","yes","2026-01-16 14:12:07"
"Bottle Buddy 16 | Pencil (DSG)","b16-pencil","Primary","CE111-2","Bay",264,"yes","no","yes","2026-01-16 13:56:44"
"Bottle Buddy | Iowa Hawkeyes | Blackout ","c-c-darknight-ncaa-iowa-blackout-bottle32","Primary","MA123-1","Floor ",14,"yes","yes","yes","2026-01-16 13:49:34"
"Bottle Buddy | Indiana Hoosiers | Big Ten Champions ","c-c-darknight-ncaa-indiana-big1025-bottle32","Primary","MB245-3","Bin",7,"yes","yes","yes","2026-01-16 13:45:17"
"Bottle Buddy 16 | Pencil (DSG)","b16-pencil","Primary","MB157-5","Bay",288,"yes","no","yes","2026-01-15 21:23:55"
"Universal Buddy | Blue Titanium ","uni-bluetitanium","Primary","ME102-1","Floor",500,"yes","yes","yes","2026-01-15 21:10:21"
"To-Go Buddy | Winnipeg Jets","c-c-navy-nhl-jets-biglogo-tgb","Primary","MB259-2","Bin",1,"yes","yes","yes","2026-01-15 21:06:59"
"Universal Buddy | Love Sparks","uni-lovesparks","Primary","MQ161-4","Bay",500,"yes","no","yes","2026-01-15 21:06:33"
"Universal Buddy | Burnt Titanium ","uni-burntitanium","Primary","MQ159-2","Bay",600,"yes","no","yes","2026-01-15 21:04:45"
"Thicc Buddy 40oz | Blue Floral ","thicc40-bluefloral","Primary","MG121-3","Bay",144,"yes","no","yes","2026-01-15 21:04:22"
"Thicc Buddy 40oz | Blue Floral ","thicc40-bluefloral","Primary","MH158-3","Bay",144,"yes","no","yes","2026-01-15 20:59:35"
"Universal Buddy | Full Bloom","c-c-white-fullbloom-uni","Primary","MB263-1","Bin",14,"yes","yes","yes","2026-01-15 20:56:51"
"Thicc Buddy 40oz | Blue Floral ","thicc40-bluefloral","Primary","MI115-3","Bay",144,"yes","no","yes","2026-01-15 20:56:39"
"Universal Buddy | Margaritaville | Lime & Time","c-c-white-margaritaville-splashglass-uni","Primary","MB265-3","Bin",1,"yes","yes","yes","2026-01-15 20:55:34"
"Universal Buddy | Miss St Selling in Stadium","c-c-white-ncaa-missst-stadium-uni","Primary","MB267-2","Bin",2,"yes","yes","yes","2026-01-15 20:54:08"
"Universal Buddy | Washington Nationals","c-c-navy-mlb-nationals-stripe-uni","Primary","MB269-3","Bin",2,"yes","yes","yes","2026-01-15 20:53:32"
"To-Go Buddy | Missouri Tigers","c-c-black-ncaa-missouri-stripe-tgb","Primary","MB235-2","Bin",3,"yes","yes","yes","2026-01-15 20:50:38"
"Universal Buddy | Cincinnati Bearcats","c-c-black-ncaa-cincinnati-stripe-uni","Primary","MB235-1","Bin",10,"yes","yes","yes","2026-01-15 20:47:19"
"Bottle Buddy 16 | Pencil (DSG)","b16-pencil","Primary","MN125-2","Bay",288,"yes","no","yes","2026-01-15 20:47:14"
"Universal Buddy | Dispatch","c-c-black-dispatch-uni","Primary","MB233-3","Bin",6,"yes","yes","yes","2026-01-15 20:45:53"
"Universal Buddy | Miami Marlins","c-c-black-mlb-marlins-stripe-uni","Primary","MB231-2","Bin",2,"yes","yes","yes","2026-01-15 20:44:24"
"Universal Buddy | LSU Tigers","c-c-black-ncaa-lsu-stripe-uni","Primary","MB227-1","Bin",13,"yes","yes","yes","2026-01-15 20:42:58"
"Sports Buddy Bumper Red / 24oz","Bumper-sports24red","Primary","ML155-1","Floor",442,"yes","yes","yes","2026-01-15 20:41:51"
"Universal Buddy | UNC Tarheels","c-c-white-ncaa-northcarolina-stripe-uni","Primary","MB231-3","Bin",2,"yes","yes","yes","2026-01-15 20:41:50"
"Thicc Buddy 50 | Flip Straw Lid | Clear","thicclidreplacement50-clear","Primary","MF125-2","Bay",400,"yes","no","yes","2026-01-15 20:40:46"
"Universal Buddy | Appalachian State Mountaineers","c-c-black-ncaa-appstate-stripe-uni","Primary","MB229-2","Bin",14,"yes","yes","yes","2026-01-15 20:38:06"
"Thicc Buddy | Cowabunga 40oz","thicc40-cowabunga","Primary","MH146-2","Bay",144,"yes","no","yes","2026-01-15 20:36:57"
"Universal Buddy | Maryland Terrapins","c-c-black-ncaa-maryland-stripe-uni","Primary","MB229-3","Bin",2,"yes","yes","yes","2026-01-15 20:36:57"
"Universal Buddy | Oregon State Beavers","c-c-orange-ncaa-oregonstate-stripe-uni","Primary","MB227-3","Bin",1,"yes","yes","yes","2026-01-15 20:35:41"
"Thicc Buddy 40oz | Alabama Crimson Tide | Legacy","thicc40-alabama3d","Primary","MQ140-3","Bay",144,"yes","no","yes","2026-01-15 20:35:10"
"Universal Buddy | Kentucky Wildcats","c-c-black-ncaa-kentucky-stripe-uni","Primary","MB215-1","Bin",7,"yes","yes","yes","2026-01-15 20:34:07"
"Universal Buddy | National Lampoon's Farter's Day","c-c-white-nationallampoon-fartersday-uni","Primary","MB213-1","Bin",10,"yes","yes","yes","2026-01-15 20:32:41"
"Thicc Buddy | Cowabunga 40oz","thicc40-cowabunga","Primary","MG123-3","Bay",144,"yes","no","yes","2026-01-15 20:31:47"
"Universal Buddy | Shake My Bones ","uni-shakemybones","Primary","ME108-4","Bay",600,"yes","no","yes","2026-01-15 20:29:39"
"Universal Buddy | Kentucky Wildcats","c-c-black-ncaa-kentucky-biglogo-uni","Primary","MB101-3","Bin",8,"yes","yes","yes","2026-01-15 20:21:09"
"To-Go Buddy | Rocket Pop","c-c-red-rocketpop-tgb","Primary","MA115-1","Floor ",60,"yes","yes","yes","2026-01-15 20:19:27"
"Universal Buddy | Nashville Predators","c-c-white-nhl-predators-stripe-uni","Primary","MB104-3","Bin",8,"yes","yes","yes","2026-01-15 20:19:18"
"Universal Buddy | Colorado Buffaloes","c-c-white-ncaa-colorado-stripe-uni","Primary","MB154-2","Bin",20,"yes","yes","yes","2026-01-15 20:14:43"
"Universal Buddy | Atlanta Braves","c-c-navy-mlb-braves-stripe-uni","Primary","MB296-3","Bin",3,"yes","yes","yes","2026-01-15 20:12:01"
"Universal Buddy | NC State Wolfpack","c-c-red-ncaa-ncstate-stripe-uni","Primary","MB284-3","Bin",3,"yes","yes","yes","2026-01-15 20:11:06"
"Universal Buddy | Margaritaville | Birds of a Feather","c-c-cream-margaritaville-birds-uni","Primary","MB254-3","Bin",2,"yes","yes","yes","2026-01-15 20:08:49"
"Universal XL Bumper | Royal Blue","unixlbumper-royal","Primary","MA169-1","Bin",3,"yes","yes","yes","2026-01-15 20:07:11"
"Universal Buddy | Burnt Titanium ","uni-burntitanium","Primary","MD114-1","Floor",600,"yes","yes","yes","2026-01-15 20:02:17"
"Universal Buddy | Love Sparks","uni-lovesparks","Primary","MQ137-3","Bay",600,"yes","no","yes","2026-01-15 19:57:49"
"Universal Buddy | Love Sparks","uni-lovesparks","Primary","MC131-1","Floor",589,"yes","yes","yes","2026-01-15 19:54:04"
"Thicc Buddy 40oz | Alabama Crimson Tide | Legacy","thicc40-alabama3d","Primary","ME107-1","Floor",111,"yes","yes","yes","2026-01-15 19:43:24"
"Thicc Buddy 40 | Poppin' Off","thicc40-poppinoff","Primary","MP142-2","Bay",132,"yes","no","yes","2026-01-15 19:40:53"
"Universal XL | Love Sparks","unixl-lovesparks","Primary","MQ130-3","Bay",400,"yes","no","yes","2026-01-15 19:39:08"
"Thicc Buddy 40oz | Blue Floral ","thicc40-bluefloral","Primary","MP143-2","Bay",132,"yes","no","yes","2026-01-15 19:37:16"
"Replacement Lid | Thicc Buddy 40 | White","thicc40lid-white","Primary","MP124-2","Bay",450,"yes","no","yes","2026-01-15 19:34:11"
"Universal XL | Love Sparks","unixl-lovesparks","Primary","MP139-2","Bay",200,"yes","no","yes","2026-01-15 19:31:56"
"Thicc Buddy 40oz | Shake My Bones ","thicc40-shakemybones","Primary","MP137-2","Bay",36,"yes","no","yes","2026-01-15 19:30:00"
"Universal XL | Shake My Bones ","unixl-shakemybones","Primary","MG134-1","Floor",400,"yes","yes","yes","2026-01-15 19:27:24"
"To-Go Buddy Lid Pink Checkered","togolid-pinkcheckered","Primary","MA143-3","Bin",1,"yes","yes","yes","2026-01-15 19:25:14"
"Thicc Buddy 40 | No Love Club","thicc40-noloveclub","Primary","MQ132-2","Bay",144,"yes","no","yes","2026-01-15 19:23:55"
"Mystery Returns Assortment Return 10","return10","Primary","MF101-2","Bay",27,"yes","no","yes","2026-01-15 19:20:38"
"Mystery Returns Assortment Return 10","return10","Primary","MF103-2","Bay",27,"yes","no","yes","2026-01-15 19:18:48"
"Universal XL | Blue Titanium ","unixl-bluetitanium","Primary","MQ132-3","Bay",400,"yes","no","yes","2026-01-15 19:11:25"
"Universal XL | Love Sparks","unixl-lovesparks","Primary","ME144-1","Floor",394,"yes","yes","yes","2026-01-15 19:07:48"
"Thicc Buddy 40oz | Shake My Bones ","thicc40-shakemybones","Primary","MQ131-2","Bay",144,"yes","no","yes","2026-01-15 18:54:37"
"Thicc Buddy 40oz | Shake My Bones ","thicc40-shakemybones","Primary","MQ133-3","Bay",144,"yes","no","yes","2026-01-15 18:53:25"
"Thicc Buddy 40oz | Shake My Bones ","thicc40-shakemybones","Primary","MQ137-2","Bay",144,"yes","no","yes","2026-01-15 18:51:49"
"Thicc Buddy 40oz | Shake My Bones ","thicc40-shakemybones","Primary","MP131-2","Bay",144,"yes","no","yes","2026-01-15 18:50:18"
"Thicc Buddy 40oz | Shake My Bones ","thicc40-shakemybones","Primary","MP129-2","Bay",144,"yes","no","yes","2026-01-15 18:45:27"
"Thicc Buddy 40 | Emerald Elegance","thicc40-emerald","Primary","MO160-2","Bay",72,"yes","no","yes","2026-01-15 18:25:12"
"Thicc Buddy 40 | Dark Glitz","thicc40-darkglitz","Primary","MO140-3","Bay",72,"yes","no","yes","2026-01-15 18:11:45"
"Thicc Buddy 40oz | Georgia Bulldogs | Legacy","thicc40-georgia3d","Primary","MI123-3","Bay",144,"yes","no","yes","2026-01-15 17:53:58"
"Thicc Buddy 40oz | Georgia Bulldogs | Legacy","thicc40-georgia3d","Primary","ME130-3","Bay",144,"yes","no","yes","2026-01-15 17:50:40"
"Thicc Buddy 40 | Love Sparks","thicc40-lovesparks","Primary","ME130-2","Bay",144,"yes","no","yes","2026-01-15 17:44:42"
"Thicc Buddy 40 | Love Sparks","thicc40-lovesparks","Primary","ME124-3","Bay",144,"yes","no","yes","2026-01-15 17:41:07"
"Bottle Buddy 16 | Ice Cream (DSG)","b16-icecream","Primary","Big Box Processing","Floor",24,"yes","no","yes","2026-01-15 17:36:44"
"Thicc Buddy 40 | Love Sparks","thicc40-lovesparks","Primary","MH104-3","Bay",144,"yes","no","yes","2026-01-15 17:35:40"
"Thicc Buddy 40 | Love Sparks","thicc40-lovesparks","Primary","MI133-3","Bay",144,"yes","no","yes","2026-01-15 17:32:44"
"Bottle Buddy | Gunmetal Glory","bottle32-gunmetalglory","Primary","MH119-1","Floor",152,"yes","yes","yes","2026-01-15 17:30:52"
"Thicc Buddy 40 | Love Sparks","thicc40-lovesparks","Primary","MI131-3","Bay",144,"yes","no","yes","2026-01-15 17:30:17"
"Universal XL | Frost-Bite","c-c-red-botw-frostbite-xl","Primary","MB165-1","Bin",1,"yes","yes","yes","2026-01-15 17:10:38"
"Thicc Buddy 40 | Love Sparks","thicc40-lovesparks","Primary","ME129-3","Bay",144,"yes","no","yes","2026-01-15 17:00:32"
"Thicc Buddy 40 Skin | Crimson","t40skin-crimson","Primary","MA144-3","Bin",1,"yes","yes","yes","2026-01-15 16:58:20"
"Thicc Buddy 40oz | Blue Floral ","thicc40-bluefloral","Primary","ME133-1","Floor",144,"yes","yes","yes","2026-01-15 16:47:45"
"Thicc Buddy 40 | Love Sparks","thicc40-lovesparks","Primary","MH136-2","Bay",144,"yes","no","yes","2026-01-15 16:46:09"
"Thicc Buddy 40 | Love Sparks","thicc40-lovesparks","Primary","MQ162-3","Bay",144,"yes","no","yes","2026-01-15 16:41:11"
"Thicc Buddy 40 | Love Sparks","thicc40-lovesparks","Primary","MH150-3","Bay",144,"yes","no","yes","2026-01-15 16:40:55"
"Thicc Buddy 40 | Black & White Checkered ","thicc40-blackwhitecheckered","Primary","MH144-3","Bay",144,"yes","no","yes","2026-01-15 16:37:00"
"Thicc Buddy 40 | Poppin' Off","thicc40-poppinoff","Primary","MJ131-1","Floor",144,"yes","yes","yes","2026-01-15 16:23:27"
"Universal XL | Burnt Titanium ","unixl-burntitanium","Primary","MD149-1","Floor",400,"yes","yes","yes","2026-01-15 16:19:11"
"Thicc Buddy 16 | Love Sparks","thicc16-lovesparks","Primary","MI125-1","Floor",377,"yes","yes","yes","2026-01-15 16:13:22"
"Thicc Buddy 40 | No Love Club","thicc40-noloveclub","Primary","ME141-1","Floor",110,"yes","yes","yes","2026-01-15 16:09:31"
"Universal XL | Black","unixl-black","Primary","CB115-1","Floor",200,"yes","no","yes","2026-01-15 15:56:47"
"Thicc Buddy 40oz | Shake My Bones ","thicc40-shakemybones","Primary","ME149-1","Floor",144,"yes","yes","yes","2026-01-15 15:39:24"
"Bottle Buddy 24 | Ice Cream","bottle24-icecream","Primary","Big Box Processing","Floor",60,"yes","no","yes","2026-01-15 15:29:49"
"Bottle Buddy 24oz | Pencil 24oz","bottle24-pencil","Primary","Big Box Processing","Floor",60,"yes","no","yes","2026-01-15 15:29:18"
"Bottle Buddy 24 | Rocket Pop","bottle24-rocketpop","Primary","Big Box Processing","Floor",60,"yes","no","yes","2026-01-15 15:28:50"
"Thicc Buddy 40 | Love Sparks","thicc40-lovesparks","Primary","ME140-1","Floor",130,"yes","yes","yes","2026-01-15 15:03:45"
"Thicc Buddy 40oz | Georgia Bulldogs | Legacy","thicc40-georgia3d","Primary","MQ160-3","Bay",144,"yes","no","yes","2026-01-15 15:00:33"
"Replacement Lid | Thicc Buddy 40 | White","thicc40lid-white","Primary","ME157-1","Floor",543,"yes","yes","yes","2026-01-15 14:52:16"
"Replacement Lid | Thicc Buddy 40 | Black","thicc40lid-black","Primary","MQ162-2","Bay",600,"yes","no","yes","2026-01-15 14:44:53"
"Thicc Buddy 40 | Poppin' Off","thicc40-poppinoff","Primary","MI110-3","Bay",144,"yes","no","yes","2026-01-15 14:39:40"
"Bottle Buddy 16 | Pencil (DSG)","b16-pencil","Primary","MQ160-2","Bay",288,"yes","no","yes","2026-01-15 14:39:27"
"Thicc Buddy 40 | Poppin' Off","thicc40-poppinoff","Primary","MI110-2","Bay",144,"yes","no","yes","2026-01-15 14:39:19"
"Thicc Buddy 40 | Poppin' Off","thicc40-poppinoff","Primary","MI118-3","Bay",144,"yes","no","yes","2026-01-15 14:34:42"
"Thicc Buddy 40 | Black & White Checkered ","thicc40-blackwhitecheckered","Primary","MI116-2","Bay",144,"yes","no","yes","2026-01-15 14:30:43"
"Thicc Buddy 40 | Black & White Checkered ","thicc40-blackwhitecheckered","Primary","MI118-2","Bay",144,"yes","no","yes","2026-01-15 14:30:23"
"Replacement Lid | Thicc Buddy 40 | Black","thicc40lid-black","Primary","MJ114-1","Floor",146,"yes","yes","yes","2026-01-15 14:28:36"
"Thicc Buddy | Cowabunga 40oz","thicc40-cowabunga","Primary","MG167-1","Floor",11,"yes","yes","yes","2026-01-15 14:25:44"
"Universal XL | Blue Titanium ","unixl-bluetitanium","Primary","MF147-1","Floor",100,"yes","yes","yes","2026-01-15 14:24:56"
"Universal Buddy | Shake My Bones ","uni-shakemybones","Primary","MH138-2","Bay",600,"yes","no","yes","2026-01-15 14:18:15"
"Thicc Buddy 40oz | Georgia Bulldogs | Legacy","thicc40-georgia3d","Primary","MG162-1","Floor",19,"yes","yes","yes","2026-01-15 14:15:50"
"To-Go Buddy | Nebula","togo30-nebula","Primary","MI129-1","Floor",302,"yes","yes","yes","2026-01-15 14:12:23"
"Replacement Silicone | Thicc Buddy 50 | Black","thicc50rubber-black","Primary","MI130-1","Floor",126,"yes","yes","yes","2026-01-15 14:05:39"
"Thicc Buddy 40 | Navy","thicc40-navy","Primary","CB105-1","Floor",103,"yes","no","yes","2026-01-14 21:39:13"
"Universal Buddy | Golf","uni-golf","Primary","CB113-1","Floor",225,"yes","no","yes","2026-01-14 21:29:48"
"togo30-emerald-unboxed","togo30-emerald-unboxed","Primary","PS141-1","Flow",21,"yes","no","yes","2026-01-14 21:05:27"
"Unboxed ToGo Buddy | Orange","togo30-orange-unboxed","Primary","PS141-1","Flow",16,"yes","no","yes","2026-01-14 21:04:51"
"Unboxed ToGo Buddy | Red","togo30-red-unboxed","Primary","PS145-1","Flow",109,"yes","no","yes","2026-01-14 20:47:03"
"Unboxed ToGo Buddy | Rockytop","togo30-rockytop-unboxed","Primary","PS142-1","Flow",142,"yes","no","yes","2026-01-14 20:46:04"
"Unboxed ToGo Buddy | Royal","togo30-royal-unboxed","Primary","PS143-1","Flow",49,"yes","no","yes","2026-01-14 20:44:53"
"Unboxed ToGo Buddy | White","togo30-white-unboxed","Primary","PS148-1","Flow",176,"yes","no","yes","2026-01-14 20:33:05"
"bottle24-red-unboxed","bottle24-red-unboxed","Primary","PS149-1","Flow",141,"yes","no","yes","2026-01-14 20:26:35"
"Unboxed Bottle Buddy | Black","bottle32-black-unboxed","Primary","PS151-1","Flow",2,"yes","no","yes","2026-01-14 20:22:18"
"Thicc Buddy 40 | Knotty","thicc40-knotty","Primary","MD130-1","Floor",22,"yes","yes","yes","2026-01-14 15:49:03"
"Universal Buddy | Black","uni-black","Primary","CC114-1","Floor",300,"yes","no","yes","2026-01-14 15:13:00"
"To-Go Buddy | Purple Gradient | No Lid","togo30-purplegradient-nolid","Primary","MD131-1","Floor",35,"yes","yes","yes","2026-01-14 14:37:55"
"Mystery Returns Assortment Return 10","return10","Primary","MG166-2","Bay",27,"yes","no","yes","2026-01-13 21:32:58"
"Universal Buddy | Dark Night","uni-darknight","Primary","CA126-1","Floor",325,"yes","no","yes","2026-01-13 20:44:50"
"To-Go Buddy | Cupids Bows ","c-c-red-bows-tgb","Primary","MA104-1","Floor ",106,"yes","yes","yes","2026-01-13 19:37:09"
"Bottle Buddy | New York Yankees","c-c-white-mlb-yankees-stripe-bottle32","Primary","MA101-1","Floor ",8,"yes","yes","yes","2026-01-13 19:36:16"
"To-Go Buddy | Ohio State Buckeyes","c-c-white-ncaa-ohiostate-stripe-tgb","Primary","MB164-2","Bin",1,"yes","yes","yes","2026-01-13 19:05:22"
"Universal Buddy | National Lampoon's | $h*%ter's Full ","c-c-red-natlamp-shtfullsweater-uni","Primary","MB106-2","Bin",7,"yes","yes","yes","2026-01-13 17:55:47"
"Thicc Buddy 40 | Flip Lid | Nebula","thicc40flip-nebula","Primary","MA136-2","Bin",25,"yes","yes","yes","2026-01-13 17:51:35"
"Universal XL | Black","unixl-black","Primary","CB125-1","Floor",400,"yes","no","yes","2026-01-13 17:40:39"
"To-Go Buddy | Knotty","togo30-knotty","Primary","MC133-1","Floor",38,"yes","yes","yes","2026-01-13 16:41:26"
"thicc40-navy-oldlid","thicc40-navy-oldlid","Primary","MD141-1","Floor",121,"yes","yes","yes","2026-01-13 16:35:11"
"Thicc Buddy 40 | Navy","thicc40-navy","Primary","MC160-1","Floor",81,"yes","yes","yes","2026-01-13 16:11:27"
"Universal Buddy | No Love Club","c-c-gumdrop-noloveclub-uni","Primary","MA107-1","Floor ",41,"yes","yes","yes","2026-01-13 16:03:48"
"Mystery Returns Assortment Return 10","return10","Primary","ME154-2","Bay",27,"yes","no","yes","2026-01-13 15:51:16"
"Bottle Buddy 24oz | Cupids Bows ","c-c-red-bows-bottle24","Primary","MA107-1","Floor ",8,"yes","yes","yes","2026-01-13 13:43:22"
"Unviersal XL | No Love Club","c-c-gumdrop-noloveclub-xl","Primary","MA108-1","Floor ",25,"yes","yes","yes","2026-01-12 21:18:07"
"To-Go Buddy | Miami Marlins","c-c-black-mlb-marlins-stripe-tgb","Primary","MB267-2","Bin",1,"yes","yes","yes","2026-01-12 20:27:09"
"Replacement Lid | Bottle Buddy 32 | Black","b32lid-black","Primary","MA165-2","Bin",3,"yes","yes","yes","2026-01-12 16:52:10"
"Bottle Buddy | Mint Chocolate","bottle32-mint","Primary","MC106-1","Floor",76,"yes","yes","yes","2026-01-12 16:32:32"
"Mystery Returns Assortment Return 10","return10","Primary","MD101-2","Bay",27,"yes","no","yes","2026-01-12 16:15:12"
"Mystery Returns Assortment Return 10","return10","Primary","ME167-2","Bay",27,"yes","no","yes","2026-01-12 16:13:34"
"Universal Buddy | South Carolina Gamecocks","uni-black-ncaa-southcarolina-stripe","Primary","ME158-2","Bay",500,"yes","no","yes","2026-01-12 15:14:14"
"Universal Buddy | Bottomland","uni-bottomland","Primary","MD128-2","Bay",350,"yes","no","yes","2026-01-12 15:12:36"
"Universal Buddy | Black","uni-black","Primary","ME163-3","Bay",600,"yes","no","yes","2026-01-12 15:08:51"
"Universal Buddy | Black","uni-black","Primary","ME165-3","Bay",600,"yes","no","yes","2026-01-12 15:08:22"
"Universal Buddy | Kentucky Wildcats","uni-royal-ncaa-kentucky-stripe","Primary","MC164-3","Bay",575,"yes","no","yes","2026-01-12 15:02:24"
"Universal Buddy | Black","uni-black","Primary","ME159-2","Bay",600,"yes","no","yes","2026-01-12 15:01:31"
"Universal Buddy | Black","uni-black","Primary","ME163-2","Bay",600,"yes","no","yes","2026-01-12 15:01:00"
"To-Go Buddy | Knotty","togo30-knotty","Primary","Delete Me","Bin",2,"yes","no","no","2026-01-12 15:00:58"
"Thicc Buddy | Teal Glitz 40oz","thicc40-tealglitz","Primary","ME167-1","Floor",153,"yes","yes","yes","2026-01-12 14:54:56"
"Universal Buddy | Kentucky Wildcats","uni-royal-ncaa-kentucky-stripe","Primary","MC160-4","Bay",400,"yes","no","yes","2026-01-12 14:54:06"
"Universal Buddy | Black","uni-black","Primary","MF113-3","Bay",600,"yes","no","yes","2026-01-12 14:49:29"
"Universal Buddy | Black","uni-black","Primary","MF111-3","Bay",600,"yes","no","yes","2026-01-12 14:48:53"
"Universal Buddy | Crimson","uni-crimson","Primary","MC138-3","Bay",600,"yes","no","yes","2026-01-12 14:41:50"
"Universal Buddy | Crimson","uni-crimson","Primary","MC138-4","Bay",600,"yes","no","yes","2026-01-12 14:41:27"
"Universal Buddy | LSU Tigers","uni-black-ncaa-lsu-stripe","Primary","MF113-2","Bay",600,"yes","no","yes","2026-01-12 14:41:25"
"Universal Buddy | LSU Tigers","uni-black-ncaa-lsu-stripe","Primary","MF111-2","Bay",400,"yes","no","yes","2026-01-12 14:40:51"
"Universal Buddy | Black","uni-black","Primary","MC140-4","Bay",600,"yes","no","yes","2026-01-12 14:36:04"
"Universal Buddy | Black","uni-black","Primary","MC140-3","Bay",600,"yes","no","yes","2026-01-12 14:35:42"
"Universal Buddy | Crimson","uni-crimson","Primary","MC137-3","Bay",600,"yes","no","yes","2026-01-12 14:32:31"
"Universal Buddy | Navy","uni-navy1","Primary","MC129-2","Bay",400,"yes","no","yes","2026-01-12 14:30:52"
"Universal Buddy | Bottomland","uni-bottomland","Primary","MB109-6","Bay",600,"yes","no","yes","2026-01-12 14:21:58"
"To-Go Buddy | Red","togo30-red","Primary","CA125-1","Floor",400,"yes","no","yes","2026-01-12 14:11:27"
"Universal Buddy | Florida Gators","uni-black-ncaa-florida-stripe","Primary","MD112-3","Bay",600,"yes","no","yes","2026-01-12 14:10:53"
"Universal Buddy | Florida Gators","uni-black-ncaa-florida-stripe","Primary","MD116-2","Bay",400,"yes","no","yes","2026-01-12 14:10:23"
"Universal Buddy | Louisville Cardinals | Night Game ","uni-darknight-ncaa-louisville-blackout","Primary","MA120-1","Floor ",99,"yes","yes","yes","2026-01-09 16:58:44"
"To-Go Buddy | Shelf Care","c-c-black-shelfcare-tgb","Primary","MA126-1","Floor ",75,"yes","yes","yes","2026-01-09 16:53:56"
"Unboxed Universal XL | Nebula","unixl-nebula-unboxed","Primary","CC112-1","Floor",205,"yes","no","yes","2026-01-09 16:43:06"
"Universal Buddy | Black","uni-black","Primary","MB107-4","Bay",600,"yes","no","yes","2026-01-08 22:07:03"
"Universal Buddy | Crimson","uni-crimson","Primary","ME123-2","Bay",600,"yes","no","yes","2026-01-08 22:05:47"
"Universal Buddy | Black","uni-black","Primary","MB117-6","Bay",600,"yes","no","yes","2026-01-08 22:05:46"
"Universal Buddy | Crimson","uni-crimson","Primary","ME121-2","Bay",600,"yes","no","yes","2026-01-08 22:05:26"
"Universal Buddy | Crimson","uni-crimson","Primary","MB103-4","Bay",600,"yes","no","yes","2026-01-08 22:02:25"
"Universal Buddy | Black","uni-black","Primary","ME146-2","Bay",600,"yes","no","yes","2026-01-08 22:00:12"
"Universal Buddy | Black","uni-black","Primary","MC152-4","Bay",600,"yes","no","yes","2026-01-08 21:58:22"
"Universal Buddy | Black","uni-black","Primary","MC150-4","Bay",600,"yes","no","yes","2026-01-08 21:56:52"
"Universal Buddy | Bottomland","uni-bottomland","Primary","MG119-3","Bay",600,"yes","no","yes","2026-01-08 21:55:11"
"Universal Buddy | Bottomland","uni-bottomland","Primary","MF121-3","Bay",600,"yes","no","yes","2026-01-08 21:54:46"
"Universal Buddy | Black","uni-black","Primary","MC146-4","Bay",600,"yes","no","yes","2026-01-08 21:53:10"
"Universal Buddy | Black","uni-black","Primary","MC146-3","Bay",600,"yes","no","yes","2026-01-08 21:51:40"
"Universal Buddy | Crimson","uni-crimson","Primary","MI133-4","Bay",600,"yes","no","yes","2026-01-08 21:49:05"
"Universal Buddy | Crimson","uni-crimson","Primary","MI131-4","Bay",600,"yes","no","yes","2026-01-08 21:48:44"
"Universal Buddy | Black","uni-black","Primary","MC145-3","Bay",600,"yes","no","yes","2026-01-08 21:48:03"
"Universal Buddy | Black","uni-black","Primary","ME168-3","Bay",600,"yes","no","yes","2026-01-08 21:43:23"
"Universal Buddy | Black","uni-black","Primary","MC155-2","Bay",600,"yes","no","yes","2026-01-08 21:43:21"
"Universal Buddy | Black","uni-black","Primary","ME166-3","Bay",600,"yes","no","yes","2026-01-08 21:42:48"
"Universal Buddy | Black","uni-black","Primary","MC158-4","Bay",600,"yes","no","yes","2026-01-08 21:41:53"
"Universal Buddy | Crimson","uni-crimson","Primary","MD119-3","Bay",600,"yes","no","yes","2026-01-08 21:39:26"
"Universal Buddy | Crimson","uni-crimson","Primary","MD117-3","Bay",600,"yes","no","yes","2026-01-08 21:39:00"
"Universal Buddy | Navy","uni-navy1","Primary","MC161-3","Bay",600,"yes","no","yes","2026-01-08 21:38:06"
"Universal Buddy | Navy","uni-navy1","Primary","MC157-2","Bay",600,"yes","no","yes","2026-01-08 21:37:35"
"Universal Buddy | Navy","uni-navy1","Primary","ME163-4","Bay",600,"yes","no","yes","2026-01-08 21:37:34"
"Universal Buddy | Navy","uni-navy1","Primary","ME161-4","Bay",600,"yes","no","yes","2026-01-08 21:37:14"
"Universal Buddy | White","uni-allwhite","Primary","MD119-2","Bay",600,"yes","no","yes","2026-01-08 21:34:17"
"Universal Buddy | White","uni-allwhite","Primary","MD117-2","Bay",600,"yes","no","yes","2026-01-08 21:33:36"
"Universal Buddy | Navy","uni-navy1","Primary","ME159-4","Bay",600,"yes","no","yes","2026-01-08 21:32:21"
"Universal Buddy | White","uni-allwhite","Primary","MH115-2","Bay",600,"yes","no","yes","2026-01-08 21:27:54"
"Universal Buddy | Navy","uni-navy1","Primary","MG143-3","Bay",600,"yes","no","yes","2026-01-08 21:27:28"
"Universal Buddy | Navy","uni-navy1","Primary","MG141-3","Bay",600,"yes","no","yes","2026-01-08 21:27:06"
"Universal Buddy | White","uni-allwhite","Primary","MH116-3","Bay",600,"yes","no","yes","2026-01-08 21:22:14"
"Universal Buddy | White","uni-allwhite","Primary","MH118-3","Bay",600,"yes","no","yes","2026-01-08 21:21:47"
"Universal Buddy | White","uni-allwhite","Primary","MH120-3","Bay",600,"yes","no","yes","2026-01-08 21:13:30"
"Universal Buddy | White","uni-allwhite","Primary","MH122-3","Bay",600,"yes","no","yes","2026-01-08 21:13:07"
"Universal Buddy | Bottomland","uni-bottomland","Primary","MG143-2","Bay",600,"yes","no","yes","2026-01-08 21:07:04"
"Universal Buddy | Bottomland","uni-bottomland","Primary","MG141-2","Bay",600,"yes","no","yes","2026-01-08 21:06:41"
"Universal Buddy | Bottomland","uni-bottomland","Primary","MC156-2","Bay",600,"yes","no","yes","2026-01-08 20:39:47"
"Universal Buddy | Bottomland","uni-bottomland","Primary","MC154-3","Bay",600,"yes","no","yes","2026-01-08 20:37:29"
"Universal Buddy | Black","uni-black","Primary","MC156-3","Bay",600,"yes","no","yes","2026-01-08 20:34:51"
"Universal Buddy | Navy","uni-navy1","Primary","MC124-2","Bay",600,"yes","no","yes","2026-01-08 20:29:16"
"To-Go Buddy | Purple (No Lid)","Ws-togo-purple","Primary","Delete Me","Bin",1,"yes","no","no","2026-01-08 19:56:34"
"To-Go Buddy | Crimson","togo30-crimson","Primary","CA130-1","Floor",400,"yes","no","yes","2026-01-08 19:54:17"
"To-Go Buddy | White","togo30-white","Primary","CA139-1","Floor",400,"yes","no","yes","2026-01-08 19:52:05"
"Universal Buddy | Black","uni-black","Primary","ME162-2","Bay",600,"yes","no","yes","2026-01-08 19:45:46"
"Sports Buddy 24oz | Tie Dye","sports24-tiedye","Primary","MP139-1","Floor",277,"yes","yes","yes","2026-01-08 18:12:02"
"Universal XL | National Lampoon's | Cousin Eddie’s Surprise ","c-c-darknight-natlamp-shtfullpattern-xl","Primary","MB262-1","Bin",1,"yes","yes","yes","2026-01-08 17:38:50"
"Thicc Buddy 40 | Purple Glitz","thicc40-purpleglitz","Primary","MQ143-3","Bay",72,"yes","no","yes","2026-01-08 17:31:57"
"Universal Buddy | Bottomland","uni-bottomland","Primary","MQ109-4","Bay",600,"yes","no","yes","2026-01-08 17:27:43"
"Universal Buddy | Bottomland","uni-bottomland","Primary","MQ113-4","Bay",600,"yes","no","yes","2026-01-08 17:26:03"
"Universal Buddy | Navy","uni-navy1","Primary","MQ115-4","Bay",600,"yes","no","yes","2026-01-08 17:15:40"
"Universal Buddy | Navy","uni-navy1","Primary","MQ117-4","Bay",600,"yes","no","yes","2026-01-08 17:15:09"
"To-Go Buddy | Blue Floral ","togo30-bluefloral","Primary","MQ119-4","Bay",400,"yes","no","yes","2026-01-08 17:08:16"
"Bottle Buddy 24 | Pencil (DSG)","b24-pencil","Primary","MQ121-3","Bay",288,"yes","no","yes","2026-01-08 17:05:55"
"Bottle Buddy 24 | Pencil (DSG)","b24-pencil","Primary","MQ121-4","Bay",288,"yes","no","yes","2026-01-08 17:03:45"
"Bottle Buddy 24 | Peeps (DSG)","b24-peeps","Primary","MQ123-4","Bay",288,"yes","no","yes","2026-01-08 17:01:44"
"Bottle Buddy 16 | Peeps (DSG)","b16-peeps","Primary","MQ133-2","Bay",204,"yes","no","yes","2026-01-08 16:59:54"
"Bottle Buddy 24 | Pencil (DSG)","b24-pencil","Primary","MQ125-4","Bay",288,"yes","no","yes","2026-01-08 16:58:03"
"Bottle Buddy 24 | Rocket Pop (DSG)","b24-rocketpop","Primary","MQ127-4","Bay",288,"yes","no","yes","2026-01-08 16:56:21"
"Bottle Buddy 16 | Peeps (DSG)","b16-peeps","Primary","MQ129-4","Bay",288,"yes","no","yes","2026-01-08 16:54:11"
"Bottle Buddy 16 | Ice Cream (DSG)","b16-icecream","Primary","MQ128-3","Bay",288,"yes","no","yes","2026-01-08 16:52:05"
"Bottle Buddy 16 | Ice Cream (DSG)","b16-icecream","Primary","MQ132-4","Bay",288,"yes","no","yes","2026-01-08 16:50:13"
"Bottle Buddy 16 | Ice Cream (DSG)","b16-icecream","Primary","MQ134-3","Bay",288,"yes","no","yes","2026-01-08 16:48:20"
"Bottle Buddy 16 | Ice Cream (DSG)","b16-icecream","Primary","MQ131-4","Bay",288,"yes","no","yes","2026-01-08 16:46:21"
"Bottle Buddy 16 | Ice Cream (DSG)","b16-icecream","Primary","MQ133-4","Bay",288,"yes","no","yes","2026-01-08 16:44:38"
"Bottle Buddy 16 | Peeps (DSG)","b16-peeps","Primary","MQ135-4","Bay",288,"yes","no","yes","2026-01-08 16:38:30"
"Bottle Buddy 16 | Pencil (DSG)","b16-pencil","Primary","MQ135-2","Bay",240,"yes","no","yes","2026-01-08 16:36:11"
"Bottle Buddy 16 | Ice Cream (DSG)","b16-icecream","Primary","MP143-3","Bay",288,"yes","no","yes","2026-01-08 16:32:08"
"Bottle Buddy 16 | Rocket Pop (DSG)","b16-rocketpop","Primary","MO134-2","Bay",192,"yes","no","yes","2026-01-08 16:24:25"
"Bottle Buddy 16 | Rocket Pop (DSG)","b16-rocketpop","Primary","MP142-3","Bay",288,"yes","no","yes","2026-01-08 16:21:46"
"Bottle Buddy 16 | Rocket Pop (DSG)","b16-rocketpop","Primary","MP139-4","Bay",288,"yes","no","yes","2026-01-08 16:19:11"
"Bottle Buddy 16 | Ice Cream (DSG)","b16-icecream","Primary","MP140-3","Bay",288,"yes","no","yes","2026-01-08 16:13:23"
"Bottle Buddy 24 | Pencil (DSG)","b24-pencil","Primary","MP138-4","Bay",288,"yes","no","yes","2026-01-08 16:10:47"
"Bottle Buddy 24 | Rocket Pop (DSG)","b24-rocketpop","Primary","MP137-3","Bay",288,"yes","no","yes","2026-01-08 16:08:23"
"Bottle Buddy 24 | Rocket Pop (DSG)","b24-rocketpop","Primary","MP137-4","Bay",288,"yes","no","yes","2026-01-08 16:06:02"
"Bottle Buddy 16 | Rocket Pop (DSG)","b16-rocketpop","Primary","MP133-4","Bay",288,"yes","no","yes","2026-01-08 16:03:00"
"Bottle Buddy 16 | Rocket Pop (DSG)","b16-rocketpop","Primary","MO115-4","Bay",288,"yes","no","yes","2026-01-08 15:57:38"
"Bottle Buddy 16 | Rocket Pop (DSG)","b16-rocketpop","Primary","MO118-4","Bay",288,"yes","no","yes","2026-01-08 15:54:59"
"To-Go Buddy | Blue Floral ","togo30-bluefloral","Primary","MO117-3","Bay",400,"yes","no","yes","2026-01-08 15:51:10"
"Bottle Buddy 24 | Rocket Pop (DSG)","b24-rocketpop","Primary","MO119-3","Bay",288,"yes","no","yes","2026-01-08 15:40:21"
"Bottle Buddy 24 | Rocket Pop (DSG)","b24-rocketpop","Primary","MO120-3","Bay",288,"yes","no","yes","2026-01-08 15:38:02"
"To-Go Buddy | Love Sparks","togo30-lovesparks","Primary","MO120-4","Bay",400,"yes","no","yes","2026-01-08 15:35:01"
"To-Go Buddy | Love Sparks","togo30-lovesparks","Primary","MO126-1","Floor",138,"yes","yes","yes","2026-01-08 15:31:20"
"To-Go Buddy | Love Sparks","togo30-lovesparks","Primary","MO122-3","Bay",400,"yes","no","yes","2026-01-08 15:23:43"
"To-Go Buddy | Love Sparks","togo30-lovesparks","Primary","MO124-3","Bay",400,"yes","no","yes","2026-01-08 15:21:17"
"To-Go Buddy | Love Sparks","togo30-lovesparks","Primary","MO126-3","Bay",400,"yes","no","yes","2026-01-08 15:17:47"
"Bottle Buddy 24 | Pencil (DSG)","b24-pencil","Primary","MO128-3","Bay",204,"yes","no","yes","2026-01-08 15:13:37"
"Bottle Buddy 24 | Peeps (DSG)","b24-peeps","Primary","MO132-4","Bay",258,"yes","no","yes","2026-01-08 15:08:40"
"Universal XL | Cowabunga","c-c-cream-cowabunga-xl","Primary","MA111-1","Floor ",46,"yes","yes","yes","2026-01-08 15:04:59"
"Bottle Buddy 24 | Rocket Pop (DSG)","b24-rocketpop","Primary","MO134-4","Bay",288,"yes","no","yes","2026-01-08 15:04:27"
"Bottle Buddy 24 | Rocket Pop (DSG)","b24-rocketpop","Primary","MO135-3","Bay",288,"yes","no","yes","2026-01-08 15:00:51"
"Bottle Buddy 24 | Rocket Pop (DSG)","b24-rocketpop","Primary","MO136-3","Bay",288,"yes","no","yes","2026-01-08 14:58:10"
"Bottle Buddy 24 | Rocket Pop (DSG)","b24-rocketpop","Primary","MO136-4","Bay",288,"yes","no","yes","2026-01-08 14:55:35"
"Universal XL | LA Angels","c-c-red-mlb-angels-cc-xl","Primary","MB115-2","Bin",1,"yes","yes","yes","2026-01-08 14:21:28"
"Bottle Buddy | White","bottle32-white","Primary","CB119-1","Floor",240,"yes","no","yes","2026-01-07 21:33:12"
"Academy Sports Bottle Buddy 24 | Ice Cream - RESERVED STOCK DO NOT TOUCH","academy-bottle24-icecream","Primary","Big Box Processing","Floor",1500,"yes","no","yes","2026-01-07 21:21:07"
"Universal Buddy | Tennessee Vols","c-c-rockytop-ncaa-tennessee-biglogo-uni","Primary","MB249-2","Bin",1,"yes","yes","yes","2026-01-07 21:02:42"
"Universal Buddy | Charcoal","uni-charcoal","Primary","CA111-1","Floor",400,"yes","no","yes","2026-01-07 20:35:13"
"Bottle Buddy | Icicle","bottle32-icicle","Primary","CB137-1","Floor",160,"yes","no","yes","2026-01-07 20:00:09"
"Bottle Buddy | Navy","bottle32-navy","Primary","CA122-1","Floor",240,"yes","no","yes","2026-01-07 19:55:47"
"Thicc Buddy 40 | Nebula","thicc40-nebula","Primary","CB106-1","Floor",144,"yes","no","yes","2026-01-07 19:53:15"
"Thicc Buddy 40 |  Black","thicc40-black","Primary","CB103-1","Floor",144,"yes","no","yes","2026-01-07 19:50:12"
"Thicc Buddy 40 | White","thicc40-white","Primary","CB111-1","Floor",144,"yes","no","yes","2026-01-07 19:44:24"
"Thicc Buddy 40 | White","thicc40-white","Primary","CB109-1","Floor",144,"yes","no","yes","2026-01-07 19:43:51"
"Academy Sports  Bottle Buddy 32oz | Ice Cream - RESERVE STOCK DO NOT TOUCH","academy-bottle32-icecream","Primary","Big Box Processing","Floor",1800,"yes","no","yes","2026-01-07 19:39:56"
"Bottle Buddy | Nebula","bottle32-nebula","Primary","CB123-1","Floor",220,"yes","no","yes","2026-01-07 19:34:40"
"To-Go Buddy | White","togo30-white","Primary","CA137-1","Floor",400,"yes","no","yes","2026-01-07 17:44:16"
"To-Go Buddy | Royal","togo30-royal","Primary","CA129-1","Floor",385,"yes","no","yes","2026-01-07 17:39:18"
"Universal Buddy | Navy","Uni-Navy","Primary","CA120-2","Bay",600,"yes","no","yes","2026-01-07 17:31:35"
"Universal Buddy | Navy","Uni-Navy","Primary","CA118-2","Bay",600,"yes","no","yes","2026-01-07 17:31:08"
"ACADEMY Bottle Buddy 32 | Pencil 32oz - RESERVE DO NOT TOUCH","academy-bottle32-pencil","Primary","Big Box Processing","Floor",2200,"yes","no","yes","2026-01-07 16:29:59"
"To-Go Buddy | Blue Floral ","togo30-bluefloral","Primary","MP130-4","Bay",400,"yes","no","yes","2026-01-07 16:16:03"
"Universal Buddy | Red","uni-red1","Primary","CA119-4","Bay",600,"yes","no","yes","2026-01-07 16:14:42"
"Bottle Buddy 24 | Rocket Pop (DSG)","b24-rocketpop","Primary","MP131-3","Bay",288,"yes","no","yes","2026-01-07 16:01:51"
"Bottle Buddy 24 | Ice Cream (DSG)","b24-icecream","Primary","MP129-3","Bay",288,"yes","no","yes","2026-01-07 15:59:08"
"Bottle Buddy 24 | Pencil (DSG)","b24-pencil","Primary","MP128-3","Bay",288,"yes","no","yes","2026-01-07 15:56:25"
"Bottle Buddy 24 | Pencil (DSG)","b24-pencil","Primary","MP126-3","Bay",288,"yes","no","yes","2026-01-07 15:50:46"
"Universal Buddy | Dark Night","uni-darknight","Primary","CA117-2","Bay",600,"yes","no","yes","2026-01-07 15:46:39"
"Universal Buddy | Dark Night","uni-darknight","Primary","CA119-2","Bay",600,"yes","no","yes","2026-01-07 15:46:19"
"To-Go Buddy | Blue Floral ","togo30-bluefloral","Primary","MP114-1","Floor",300,"yes","yes","yes","2026-01-07 15:42:59"
"Bottle Buddy 24 | Rocket Pop (DSG)","b24-rocketpop","Primary","MP103-2","Bay",60,"yes","no","yes","2026-01-07 15:40:30"
"Bottle Buddy 24 | Peeps (DSG)","b24-peeps","Primary","MP123-3","Bay",288,"yes","no","yes","2026-01-07 15:37:15"
"Bottle Buddy 24 | Ice Cream (DSG)","b24-icecream","Primary","MP114-4","Bay",288,"yes","no","yes","2026-01-07 15:32:40"
"Bottle Buddy 24 | Ice Cream (DSG)","b24-icecream","Primary","MP114-3","Bay",288,"yes","no","yes","2026-01-07 15:30:58"
"Universal Buddy | Charcoal","uni-charcoal","Primary","CA114-2","Bay",600,"yes","no","yes","2026-01-07 15:29:22"
"Bottle Buddy 24 | Ice Cream (DSG)","b24-icecream","Primary","MP111-3","Bay",288,"yes","no","yes","2026-01-07 15:29:13"
"Bottle Buddy 24 | Pencil (DSG)","b24-pencil","Primary","MP110-3","Bay",288,"yes","no","yes","2026-01-07 15:23:16"
"Bottle Buddy 24 | Ice Cream (DSG)","b24-icecream","Primary","MP107-3","Bay",288,"yes","no","yes","2026-01-07 15:21:05"
"Bottle Buddy 24 | Rocket Pop (DSG)","b24-rocketpop","Primary","MP105-3","Bay",288,"yes","no","yes","2026-01-07 15:18:17"
"Bottle Buddy 24 | Ice Cream (DSG)","b24-icecream","Primary","MG161-3","Bay",288,"yes","no","yes","2026-01-07 14:51:16"
"Bottle Buddy 24 | Ice Cream (DSG)","b24-icecream","Primary","MG167-3","Bay",288,"yes","no","yes","2026-01-07 14:46:10"
"Bottle Buddy 24 | Ice Cream (DSG)","b24-icecream","Primary","MH109-3","Bay",288,"yes","no","yes","2026-01-07 14:40:54"
"Universal Buddy | Uconn Huskies | Night Game ","c-c-darknight-ncaa-uconn-blackout-uni","Primary","MB189-3","Bin",1,"yes","yes","yes","2026-01-07 14:37:36"
"Thicc Buddy 40 | Nebula","thicc40-nebula","Primary","MJ109-1","Floor",129,"yes","yes","yes","2026-01-07 14:36:58"
"Bottle Buddy 24 | Ice Cream (DSG)","b24-icecream","Primary","MH106-3","Bay",288,"yes","no","yes","2026-01-07 14:35:18"
"Bottle Buddy | Ice Cream","bottle32-icecream","Primary","MG117-1","Floor",260,"yes","yes","yes","2026-01-07 14:33:35"
"Bottle Buddy 24 | Ice Cream (DSG)","b24-icecream","Primary","MG164-4","Bay",288,"yes","no","yes","2026-01-07 14:29:54"
"Universal Buddy | Texas Tech Red Rebels | Night Game ","uni-darknight-ncaa-texastech-blackout","Primary","MA117-1","Floor ",379,"yes","yes","yes","2026-01-07 14:25:27"
"To-Go Buddy | Pencil","togo30-pencil","Primary","MK141-1","Floor",283,"yes","yes","yes","2026-01-07 14:15:50"
"ACADEMY Bottle Buddy 24oz | Pencil 24oz - RESERVE STOCK DO NOT TOUCH","academy-bottle24-pencil","Primary","Big Box Processing","Floor",1200,"yes","no","yes","2026-01-07 14:06:29"
"Bottle Buddy 24 | Ice Cream (DSG)","b24-icecream","Primary","MH101-3","Bay",288,"yes","no","yes","2026-01-07 14:05:55"
"Bottle Buddy | Shelf Care","c-c-black-shelfcare-bottle32","Primary","MB285-2","Bin",6,"yes","yes","yes","2026-01-07 14:00:21"
"Bottle Buddy 24 | Ice Cream (DSG)","b24-icecream","Primary","MH103-4","Bay",264,"yes","no","yes","2026-01-07 13:58:47"
"Bottle Buddy 24 | Ice Cream (DSG)","b24-icecream","Primary","MF102-4","Bay",288,"yes","no","yes","2026-01-07 13:51:40"
"Bottle Buddy 32oz | Little Loves","c-c-gumdrop-littleloves-bottle32","Primary","MA128-1","Floor ",64,"yes","yes","yes","2026-01-07 13:27:52"
"Thicc Buddy 40 | Dark Night","thicc40-darknight-unboxed","Primary","CB107-1","Floor",43,"yes","no","yes","2026-01-06 20:34:27"
"Universal XL | Orange","unixl-orange","Primary","CB112-1","Floor",350,"yes","no","yes","2026-01-06 20:22:41"
"Thicc Buddy 40 | Rocky Top","thicc40-rockytop","Primary","CB110-1","Floor",144,"yes","no","yes","2026-01-06 20:20:49"
"Universal XL | Gumdrop","unixl-gumdrop","Primary","CB118-1","Floor",200,"yes","no","yes","2026-01-06 20:18:40"
"togo30-banana-unboxed","togo30-banana-unboxed","Primary","CC135-1","Floor",46,"yes","no","yes","2026-01-06 20:16:25"
"Bottle Buddy | Banana","bottle32-banana","Primary","CA120-1","Floor",100,"yes","no","yes","2026-01-06 20:09:52"
"To-Go Buddy | Crimson","togo30-crimson","Primary","CA132-1","Floor",125,"yes","no","yes","2026-01-06 20:07:38"
"Universal Buddy | National Lampoon's | Snowman ","c-c-white-natlamp-snowman-uni","Primary","Corporate Processing","",1,"yes","yes","yes","2026-01-06 20:06:18"
"Thicc Buddy 40 | I Scream For Ice Cream","thicc40-iscream4icecream","Primary","MO138-3","Bay",72,"yes","no","yes","2026-01-06 19:06:03"
"Academy Sports  Bottle Buddy 32oz | Ice Cream - RESERVE STOCK DO NOT TOUCH","academy-bottle32-icecream","Primary","Buc-ee's Processing","Floor",400,"yes","no","yes","2026-01-06 19:02:06"
"Thicc Buddy 40 | White Old Lid","thicc40-white-oldlid","Primary","MP114-2","Bay",72,"yes","no","yes","2026-01-06 18:23:13"
"Thicc Buddy 40 | Nebula (old lid)","thicc40-nebula-oldlid","Primary","MQ166-2","Bay",72,"yes","no","yes","2026-01-06 18:08:54"
"Thicc Buddy 40 | Northern Lights","thicc40-lights","Primary","MO152-2","Bay",72,"yes","no","yes","2026-01-06 17:38:41"
"To-Go Buddy | Neon Pink (No Lid)","Ws-togo-pink","Primary","Delete Me","Bin",3,"yes","no","no","2026-01-06 17:23:19"
"To-Go Buddy | Luxe Latte","togo30-luxelatte","Primary","MC124-1","Floor",49,"yes","yes","yes","2026-01-06 16:25:39"
"Universal Buddy | Replacement Lid | Crimson ","lid2-crimson","Primary","MA150-3","Bin",1,"yes","yes","yes","2026-01-05 20:36:29"
"Bottle Buddy | Oklahoma Sooners","c-c-crimson-ncaa-oklahoma-stripe-bottle32","Primary","MB242-1","Bin",3,"yes","yes","yes","2026-01-05 20:00:06"
"unboxed thicc40 | Nebula","thicc40-nebula-unboxed","Primary","CB102-1","Floor",96,"yes","no","yes","2026-01-05 19:18:00"
"Universal XL | Calgary Flames","c-c-white-nhl-flames-stripe-xl","Primary","MB128-2","Bin",1,"yes","yes","yes","2026-01-05 18:28:02"
"Universal XL | Black & White Checkered ","c-c-black-blackwhitecheckered-xl","Primary","MB229-3","Bin",2,"yes","yes","yes","2026-01-05 18:07:09"
"Thicc Buddy 40 | Flip Straw Lid | Clear","thicclidreplacement40-clear","Primary","MD111-1","Floor",219,"yes","yes","yes","2026-01-05 17:53:50"
"Bottle Buddy | Texas A&M Aggies | Blackout ","c-c-darknight-ncaa-texasa&m-blackout-bottle32","Primary","MB273-2","Bin",4,"yes","yes","yes","2026-01-05 17:12:46"
"Bottle Buddy | Florida Gators | Blackout ","c-c-darknight-ncaa-florida-blackout-bottle32","Primary","MB243-3","Bin",3,"yes","yes","yes","2026-01-05 16:59:01"
"Bottle Buddy | Virginia Cavaliers","c-c-navy-ncaa-virginia-stripe-bottle32","Primary","MB232-2","Bin",2,"yes","yes","yes","2026-01-05 16:14:33"
"Bottle Buddy | Silver Sleigh","bottle32-silversleigh","Primary","MN117-1","Floor",120,"yes","yes","yes","2026-01-05 15:42:30"
"Universal XL | San Diego Padres","c-c-white-mlb-padres-stripe-xl","Primary","MB279-2","Bin",2,"yes","yes","yes","2026-01-05 14:44:15"
"Universal XL | Georgia Bulldogs","c-c-black-ncaa-georgia-stripe-xl","Primary","MB268-2","Bin",4,"yes","yes","yes","2026-01-05 14:06:27"
"Universal Buddy | Texas Tech x OHT","c-c-white-ncaa-texastech-oht-uni","Primary","MB141-2","Bin",1,"yes","yes","yes","2026-01-02 21:49:15"
"Thicc Buddy 40 | Black & White Checkered ","thicc40-blackwhitecheckered","Primary","MF119-1","Floor",189,"yes","yes","yes","2026-01-02 21:34:32"
"To-Go Buddy | Black & White Checkered ","togo30-blackwhitecheckered","Primary","MF116-1","Floor",391,"yes","yes","yes","2026-01-02 21:31:53"
"Universal XL | National Lampoon's | You Serious Clark? ","c-c-red-natlamp-plaidclark-xl","Primary","MB258-2","Bin",7,"yes","yes","yes","2026-01-02 21:30:59"
"Universal Buddy | Luxe Latte","uni-luxelatte","Primary","MC128-1","Floor",443,"yes","yes","yes","2026-01-02 21:29:15"
"Thicc Buddy 40 | Luxe Latte","thicc40-luxelatte","Primary","ME132-1","Floor",134,"yes","yes","yes","2026-01-02 21:21:33"
"Universal Buddy | Cowabunga","c-c-cream-cowabunga-uni","Primary","MA116-1","Floor ",4,"yes","yes","yes","2026-01-02 21:19:13"
"bottle32-icicle-unboxed","bottle32-icicle-unboxed","Primary","CB139-1","Floor",7,"yes","no","yes","2026-01-02 20:57:14"
"Wholesale To-Go Buddy | Neon Red","ws-togo-red","Primary","ML112-1","Floor",35,"yes","yes","yes","2026-01-02 20:36:17"
"Thicc Buddy 40oz | Framed ","c-c-black-framed-t40","Primary","MB125-3","Bin",3,"yes","yes","yes","2026-01-02 20:33:59"
"Wholesale To-Go Buddy BUC | 4 Pack | Purple Gradient","ws-togo-purplegradient4","Primary","MK127-1","Floor",6,"yes","yes","yes","2026-01-02 20:28:45"
"Universal Buddy | Florida State Seminoles","c-c-black-ncaa-floridastate-stripe-uni","Primary","MB146-2","Bin",9,"yes","yes","yes","2026-01-02 20:28:08"
"To-Go Buddy | Neon Pink (No Lid)","Ws-togo-pink","Primary","ME145-1","Floor",3,"yes","yes","yes","2026-01-02 20:09:03"
"To-Go Buddy | White (No Lid)","Ws-togo-white","Primary","MK159-1","Floor",5,"yes","yes","yes","2026-01-02 20:05:22"
"To-Go Buddy | Neon Pink (No Lid)","Ws-togo-pink","Primary","MA138-5","Bay",384,"yes","no","yes","2026-01-02 20:00:41"
"To-Go Buddy | White (No Lid)","Ws-togo-white","Primary","MA154-5","Bay",384,"yes","no","yes","2026-01-02 20:00:27"
"To-Go Buddy | White (No Lid)","Ws-togo-white","Primary","MA150-5","Bay",384,"yes","no","yes","2026-01-02 20:00:08"
"Wholesale To-Go Buddy | 4 Pack | White","ws-togo-white4","Primary","MF133-1","Floor",66,"yes","yes","yes","2026-01-02 19:59:40"
"To-Go Buddy | Neon Pink (No Lid)","Ws-togo-pink","Primary","MC145-2","Bay",136,"yes","no","yes","2026-01-02 19:59:22"
"To-Go Buddy | Neon Pink (No Lid)","Ws-togo-pink","Primary","MQ114-4","Bay",104,"yes","no","yes","2026-01-02 19:58:22"
"To-Go Buddy | Neon Orange (No Lid)","Ws-togo-orange","Primary","ME164-1","Floor",211,"yes","yes","yes","2026-01-02 19:56:52"
"Wholesale To-Go Buddy | Neon Yellow","ws-togo-yellow","Primary","MK154-1","Floor",360,"yes","yes","yes","2026-01-02 19:52:47"
"To-Go Buddy | Neon Orange (No Lid)","Ws-togo-orange","Primary","CE135-3","Bay",360,"yes","no","yes","2026-01-02 19:52:12"
"To-Go Buddy | Neon Orange (No Lid)","Ws-togo-orange","Primary","CF109-4","Bay",84,"yes","no","yes","2026-01-02 19:51:17"
"To-Go Buddy | Neon Orange (No Lid)","Ws-togo-orange","Primary","MB108-4","Bay",120,"yes","no","yes","2026-01-02 19:50:15"
"To-Go Buddy | Purple (No Lid)","Ws-togo-purple","Primary","MF109-1","Floor",2,"yes","yes","yes","2026-01-02 19:49:02"
"Wholesale To-Go Buddy | Neon Yellow","ws-togo-yellow","Primary","MQ110-2","Bay",124,"yes","no","yes","2026-01-02 19:48:20"
"Wholesale To-Go Buddy | Neon Yellow","ws-togo-yellow","Primary","CE123-4","Bay",312,"yes","no","yes","2026-01-02 19:47:34"
"Wholesale To-Go Buddy | Neon Yellow","ws-togo-yellow","Primary","CE133-4","Bay",288,"yes","no","yes","2026-01-02 19:46:01"
"To-Go Buddy | Neon Orange (No Lid)","Ws-togo-orange","Primary","MB112-4","Bay",360,"yes","no","yes","2026-01-02 19:44:42"
"To-Go Buddy | Neon Green (No Lid)","ws-togo-green","Primary","CE131-2","Bay",336,"yes","no","yes","2026-01-02 19:44:06"
"To-Go Buddy | Neon Green (No Lid)","ws-togo-green","Primary","MQ112-3","Bay",144,"yes","no","yes","2026-01-02 19:43:03"
"To-Go Buddy | Purple (No Lid)","Ws-togo-purple","Primary","CB139-4","Bay",288,"yes","no","yes","2026-01-02 19:40:19"
"To-Go Buddy | Purple (No Lid)","Ws-togo-purple","Primary","MB101-5","Bay",148,"yes","no","yes","2026-01-02 19:39:10"
"To-Go Buddy | Neon Green (No Lid)","ws-togo-green","Primary","MK160-1","Floor",137,"yes","yes","yes","2026-01-02 19:38:58"
"To-Go Buddy | Purple (No Lid)","Ws-togo-purple","Primary","CE139-3","Bay",144,"yes","no","yes","2026-01-02 19:37:33"
"To-Go Buddy | Purple (No Lid)","Ws-togo-purple","Primary","CE137-3","Bay",344,"yes","no","yes","2026-01-02 19:36:07"
"Wholesale To-Go Buddy | Merica","ws-togo-merica","Primary","MK158-1","Floor",168,"yes","yes","yes","2026-01-02 19:30:16"
"Wholesale To-Go Buddy | Merica","ws-togo-merica","Primary","CE121-3","Bay",360,"yes","no","yes","2026-01-02 19:23:48"
"Wholesale To-Go Buddy | Merica","ws-togo-merica","Primary","CE135-2","Bay",72,"yes","no","yes","2026-01-02 19:19:25"
"Universal Buddy | Los Angeles Angels","c-c-red-mlb-angels-cc-uni","Primary","MB108-3","Bin",2,"yes","yes","yes","2026-01-02 18:35:49"
"Universal Buddy | Cincinnati Reds","c-c-red-mlb-reds-stripe-uni","Primary","MB171-2","Bin",6,"yes","yes","yes","2026-01-02 18:34:26"
"Universal Buddy | Ghostbusters | Stay Puft ","c-c-navy-ghostbusters-puft-uni","Primary","MB128-2","Bin",3,"yes","yes","yes","2026-01-02 18:18:39"
"Universal Buddy | Georgia Tech Yellowjackets | Night Game ","c-c-darknight-ncaa-georgiatech-blackout-uni","Primary","MB188-1","Bin",1,"yes","yes","yes","2026-01-02 18:17:38"
"Universal Buddy | Missouri Tigers | Night Game ","c-c-darknight-ncaa-missouri-blackout-uni","Primary","MB182-2","Bin",2,"yes","yes","yes","2026-01-02 18:11:17"
"Universal Buddy | Crimson","uni-crimson","Primary","MI155-3","Bay",600,"yes","no","yes","2026-01-02 18:09:59"
"Universal Buddy | Old Dominion Monarchs","c-c-navy-ncaa-olddominion-stripe-uni","Primary","MB138-1","Bin",1,"yes","yes","yes","2026-01-02 18:06:19"
"Bottle Buddy | Navy","bottle32-navy","Primary","CA114-1","Floor",100,"yes","no","yes","2026-01-02 17:49:56"
"Thicc Buddy 40 | Black & White Checkered ","thicc40-blackwhitecheckered","Primary","Delete Me","Bin",1,"yes","no","no","2026-01-02 17:41:29"
"To-Go Buddy | Luxe Latte","togo30-luxelatte","Primary","Delete Me","Bin",1,"yes","no","no","2026-01-02 17:41:29"
"Thicc Buddy 30 | Dark Night","thicc30-darknight","Primary","MG155-1","Floor",187,"yes","yes","yes","2026-01-02 17:36:03"
"Unboxed Universal Nebula","uni-nebula-unboxed","Primary","CC105-1","Floor",47,"yes","no","yes","2026-01-02 17:26:59"
"Universal Buddy | Florida Gators","c-c-royal-ncaa-florida-biglogo-uni","Primary","MB252-2","Bin",2,"yes","yes","yes","2026-01-02 16:53:17"
"To-Go Buddy | National Lampoon's | Snowman ","c-c-white-natlamp-snowman-tgb","Primary","MB263-3","Bin",14,"yes","yes","yes","2026-01-02 15:58:32"
"Thicc Buddy 40 | Pink Checkered","thicc40-pinkcheckered","Primary","MC123-1","Floor",143,"yes","yes","yes","2026-01-02 15:18:10"
"Replacement Lid | Thicc Buddy 40 | Red","thicc40lid-red","Primary","ML168-1","Floor",117,"yes","yes","yes","2026-01-02 15:03:57"
"Universal Buddy | Merica","uni-merica","Primary","MO102-1","Floor",711,"yes","yes","yes","2026-01-02 14:54:47"
"Universal XL | Gunmetal Glory","unixl-gunmetalglory","Primary","MQ164-2","Bay",200,"yes","no","yes","2026-01-02 14:35:00"
"Bottle Buddy 24oz | Tennessee Vols | Legacy","bottle24-tennesseelegacy","Primary","MC143-1","Floor",1,"yes","yes","yes","2026-01-02 14:13:59"
"To-Go Buddy | Daisy","togo30-daisy","Primary","MF163-1","Floor",12,"yes","yes","yes","2026-01-02 14:10:49"
"To-Go Buddy | Chicago White Sox","c-c-white-mlb-whitesox-stripe-tgb","Primary","MB282-2","Bin",1,"yes","yes","yes","2025-12-31 21:49:05"
"Universal Buddy Replacement Lid | Hibiscus","lid2-hibiscus","Primary","MA148-3","Bin",1,"yes","yes","yes","2025-12-31 18:12:25"
"Bottle Buddy | White","bottle32-white","Primary","CA106-2","Bay",240,"yes","no","yes","2025-12-31 17:13:53"
"Replacement Silicone | Thicc Buddy 50 | Seafoam","thicc50rubber-seafoam","Primary","MA145-3","Bin",16,"yes","yes","yes","2025-12-31 16:51:09"
"Replacement Silicone | Thicc Buddy 40 | White","thicc40rubber-white","Primary","MA144-2","Bin",3,"yes","yes","yes","2025-12-31 16:37:24"
"Sports Buddy Bumper Purple / 24oz","Bumper-sports24purple","Primary","MA142-2","Bin",5,"yes","yes","yes","2025-12-31 16:30:35"
"To-Go Buddy Handle | White","togohandle-white","Primary","MA140-2","Bin",5,"yes","yes","yes","2025-12-31 16:23:33"
"ROYALDODGERS32","ROYALDODGERS32","Primary","CF140-1","Floor",120,"yes","no","yes","2025-12-31 15:50:53"
"Mystery Returns Assortment Return 10","return10","Primary","MF106-2","Bay",27,"yes","no","yes","2025-12-31 15:43:15"
"Thicc Buddy 40 | Black Floral","thicc40-blackfloral","Primary","MF102-1","Floor",101,"yes","yes","yes","2025-12-31 15:10:24"
"To-Go Buddy | Shake My Bones ","togo30-shakemybones","Primary","MJ118-2","Bay",400,"yes","no","yes","2025-12-31 14:59:20"
"To-Go Buddy | Shake My Bones ","togo30-shakemybones","Primary","MI147-2","Bay",400,"yes","no","yes","2025-12-31 14:52:03"
"Universal Buddy | Black","uni-black","Primary","MD125-3","Bay",600,"yes","no","yes","2025-12-31 14:44:17"
"To-Go Buddy | Shake My Bones ","togo30-shakemybones","Primary","MH106-2","Bay",400,"yes","no","yes","2025-12-31 14:42:28"
"Bottle Buddy | Tactical Green","bottle32-tactical","Primary","MD115-3","Bay",240,"yes","no","yes","2025-12-31 14:35:38"
"To-Go Buddy | Shake My Bones ","togo30-shakemybones","Primary","MG163-3","Bay",400,"yes","no","yes","2025-12-31 14:30:04"
"To-Go Buddy | Shake My Bones ","togo30-shakemybones","Primary","ME150-1","Floor",400,"yes","yes","yes","2025-12-31 14:20:57"
"Universal Buddy | Gunmetal Glory","uni-gunmetalglory","Primary","MF126-2","Bay",600,"yes","no","yes","2025-12-31 13:56:21"
"Thicc Buddy 40 | Flip Lid | Emerald","thicc40flip-emerald","Primary","ML148-1","Floor",195,"yes","yes","yes","2025-12-31 13:13:50"
"Thicc Buddy 40 | Purple Glitz","thicc40-purpleglitz","Primary","MN128-1","Floor",65,"yes","yes","yes","2025-12-31 13:11:07"
"thicc40-gumdrop-unboxed","thicc40-gumdrop-unboxed","Primary","PS167-1","Flow",37,"yes","no","yes","2025-12-30 21:13:37"
"Unboxed Universal Navy","uni-navy1-unboxed","Primary","PS112-1","Flow",123,"yes","no","yes","2025-12-30 20:44:08"
"Bottle Buddy 32oz | Peen State Nittany Lions | Legacy","bottle32-pennstatelegacy","Primary","MB139-4","Bay",40,"yes","no","yes","2025-12-30 20:26:27"
"Bottle Buddy 32oz | Rogue","bottle32-rogue","Primary","MB133-4","Bay",40,"yes","no","yes","2025-12-30 20:24:38"
"Universal Buddy | Merica","uni-merica","Primary","CB133-1","Floor",17,"yes","no","yes","2025-12-30 20:15:22"
"Mini Thicc Buddy | Aurora","thicc16-aurora","Primary","MB137-4","Bay",384,"yes","no","yes","2025-12-30 20:05:04"
"Thicc Buddy 40 | White Old Lid","thicc40-white-oldlid","Primary","MH102-3","Bay",90,"yes","no","yes","2025-12-30 19:58:24"
"Universal Buddy | Emerald","uni-emerald","Primary","MG160-3","Bay",600,"yes","no","yes","2025-12-30 19:58:24"
"Bottle Buddy 32oz | LSU Tigers | Legacy","bottle32-lsulegacy","Primary","MB153-4","Bay",40,"yes","no","yes","2025-12-30 19:47:24"
"Universal XL | Dark Night","unixl-darknight","Primary","MB161-4","Bay",400,"yes","no","yes","2025-12-30 19:44:08"
"Replacement Lid | Bottle Buddy 32 | Gumdrop","b32lid-gumdrop","Primary","MB163-4","Bay",50,"yes","no","yes","2025-12-30 19:39:32"
"Universal Buddy | Crimson","uni-crimson","Primary","MB138-6","Bay",600,"yes","no","yes","2025-12-30 19:30:22"
"Bottle Buddy 32oz | Tennessee Vols ","bottle32-black-ncaa-tennessee-stripe","Primary","MB131-6","Bay",240,"yes","no","yes","2025-12-30 19:25:33"
"Thicc Buddy 40 | Nebula (old lid)","thicc40-nebula-oldlid","Primary","MB125-5","Bay",144,"yes","no","yes","2025-12-30 19:20:35"
"Thicc Buddy 40 | Nebula (old lid)","thicc40-nebula-oldlid","Primary","MB123-5","Bay",144,"yes","no","yes","2025-12-30 19:17:16"
"Thicc Buddy 40 | Nebula (old lid)","thicc40-nebula-oldlid","Primary","MB119-5","Bay",144,"yes","no","yes","2025-12-30 19:13:09"
"Thicc Buddy 40 | Nebula (old lid)","thicc40-nebula-oldlid","Primary","MJ102-2","Bay",144,"yes","no","yes","2025-12-30 19:10:42"
"Thicc Buddy 40 | Nebula (old lid)","thicc40-nebula-oldlid","Primary","MB113-4","Bay",144,"yes","no","yes","2025-12-30 19:10:12"
"Thicc Buddy 40 | Nebula (old lid)","thicc40-nebula-oldlid","Primary","MB109-4","Bay",144,"yes","no","yes","2025-12-30 19:07:29"
"Thicc Buddy 40 | Nebula (old lid)","thicc40-nebula-oldlid","Primary","MB107-6","Bay",144,"yes","no","yes","2025-12-30 19:04:23"
"To-Go Buddy | White","togo30-white","Primary","MO106-2","Bay",200,"yes","no","yes","2025-12-30 19:03:14"
"Universal Buddy | Red","uni-red1","Primary","MK141-4","Bay",600,"yes","no","yes","2025-12-30 19:00:10"
"Thicc Buddy 40 | Dark Glitz","thicc40-darkglitz","Primary","MB105-6","Bay",144,"yes","no","yes","2025-12-30 18:54:15"
"To-Go Buddy | Neon Rewind ","c-c-black-neonrewind-tgb","Primary","Delete Me","Bin",1,"yes","no","no","2025-12-30 18:43:22"
"Mystery Returns Assortment Return 10","return10","Primary","MH103-2","Bay",27,"yes","no","yes","2025-12-30 18:32:17"
"Universal XL | Navy","unixl-navy","Primary","MB110-5","Bay",400,"yes","no","yes","2025-12-30 17:53:27"
"Thicc Buddy 40 | Nebula (old lid)","thicc40-nebula-oldlid","Primary","MP101-2","Bay",144,"yes","no","yes","2025-12-30 17:52:35"
"Mini Thicc Buddy | Black","thicc16-black","Primary","MP164-4","Bay",384,"yes","no","yes","2025-12-30 17:17:42"
"Universal Buddy Drinking Lid with Straw | Green","Drinklid2straw-green","Primary","MA142-5","Bay",815,"yes","no","yes","2025-12-30 16:57:38"
"Thicc Buddy 40 | Nebula (old lid)","thicc40-nebula-oldlid","Primary","MA142-6","Bay",144,"yes","no","yes","2025-12-30 16:53:44"
"Thicc Buddy 40 | Gumdrop","thicc40-gumdrop","Primary","CB108-1","Floor",108,"yes","no","yes","2025-12-30 16:52:06"
"Thicc Buddy 40 | Nebula (old lid)","thicc40-nebula-oldlid","Primary","MA140-4","Bay",144,"yes","no","yes","2025-12-30 16:51:39"
"Thicc Buddy 40 | Nebula (old lid)","thicc40-nebula-oldlid","Primary","MA140-5","Bay",144,"yes","no","yes","2025-12-30 16:51:00"
"Bottle Buddy | Black","bottle32-black","Primary","CA102-4","Bay",240,"yes","no","yes","2025-12-30 16:34:00"
"Bottle Buddy | Black","bottle32-black","Primary","CA104-4","Bay",240,"yes","no","yes","2025-12-30 16:30:26"
"Bottle Buddy | Black","bottle32-black","Primary","CA104-3","Bay",240,"yes","no","yes","2025-12-30 15:52:29"
"Thicc Buddy 40 | Emerald Elegance","thicc40-emerald","Primary","CC132-3","Bay",144,"yes","no","yes","2025-12-30 15:51:34"
"Thicc Buddy 40 | Emerald Elegance","thicc40-emerald","Primary","CC138-3","Bay",144,"yes","no","yes","2025-12-30 15:50:38"
"Bottle Buddy | Black","bottle32-black","Primary","CA102-3","Bay",240,"yes","no","yes","2025-12-30 15:50:07"
"Thicc Buddy 40 | Emerald Elegance","thicc40-emerald","Primary","CC140-3","Bay",144,"yes","no","yes","2025-12-30 15:49:56"
"Bottle Buddy | Black","bottle32-black","Primary","CA102-2","Bay",240,"yes","no","yes","2025-12-30 15:44:13"
"Thicc Buddy 40 | Flip Lid | Royal","thicc40flip-royal","Primary","ML153-1","Floor",196,"yes","yes","yes","2025-12-30 13:31:26"
"Thicc Buddy | Silver Sleigh 40oz","thicc40-silversleigh","Primary","ML139-3","Bay",72,"yes","no","yes","2025-12-30 13:30:01"
"Bottle Buddy 32oz | New York Yankees ","bottle32-white-mlb-yankees-stripe","Primary","MN143-2","Bay",240,"yes","no","yes","2025-12-29 21:41:01"
"Bottle Buddy 32oz | New York Yankees ","bottle32-white-mlb-yankees-stripe","Primary","MN139-2","Bay",240,"yes","no","yes","2025-12-29 21:39:31"
"Mystery Returns Assortment Return 10","return10","Primary","MH102-2","Bay",27,"yes","no","yes","2025-12-29 21:32:35"
"Bottle Buddy | Dark Night","bottle32-darknight-unboxed","Primary","PS154-1","Flow",120,"yes","no","yes","2025-12-29 21:18:42"
"Bottle Buddy | Indiana Hoosiers | Big Ten Champions ","c-c-crimson-ncaa-indiana-big1025-bottle32","Primary","MB213-3","Bin",7,"yes","yes","yes","2025-12-29 20:30:15"
"Universal XL | Crimson","unixl-crimson","Primary","MI138-2","Bay",400,"yes","no","yes","2025-12-29 17:50:11"
"Bottle Buddy | Dark Night","bottle32-darknight","Primary","PS154-1","Flow",311,"yes","no","yes","2025-12-29 17:14:59"
"Thicc Buddy 40 | Royal Glitz","thicc40-royalglitz","Primary","MM129-1","Floor",51,"yes","yes","yes","2025-12-29 14:29:46"
"Universal Buddy | Alabama Crimson Tide","c-c-crimson-ncaa-alabama-biglogo-uni","Primary","MB201-3","Bin",14,"yes","yes","yes","2025-12-29 13:59:00"
"To-Go Buddy | Coastal Carolina Chanticleers","c-c-black-ncaa-coastal-stripe-tgb","Primary","MB165-3","Bin",7,"yes","yes","yes","2025-12-29 13:56:22"
"Replacement Silicone | Thicc Buddy 50 | Nebula","thicc50rubber-nebula","Primary","MC157-1","Floor",238,"yes","yes","yes","2025-12-29 12:44:01"
"Universal XL Bumper | Neon Pink","unixlbumper-pink","Primary","MA168-3","Bin",31,"yes","yes","yes","2025-12-29 12:37:24"
"Bottle Buddy 32 | Pencil 32oz","bottle32-pencil","Primary","MC159-1","Floor",219,"yes","yes","yes","2025-12-29 12:31:19"
"Bottle Buddy | Crimson","bottle32-crimson","Primary","MC151-2","Bay",60,"yes","no","yes","2025-12-26 22:03:13"
"Bottle Buddy | Dark Night","bottle32-darknight","Primary","MF107-2","Bay",240,"yes","no","yes","2025-12-26 21:59:27"
"Bottle Buddy | Crimson","bottle32-crimson","Primary","MF107-3","Bay",240,"yes","no","yes","2025-12-26 21:56:44"
"Bottle Buddy | Crimson","bottle32-crimson","Primary","MF109-3","Bay",240,"yes","no","yes","2025-12-26 21:56:19"
"Bottle Buddy | Dark Night","bottle32-darknight","Primary","ML134-1","Floor",3,"yes","no","yes","2025-12-26 21:35:32"
"Bottle Buddy | Crimson","bottle32-crimson","Primary","ML112-2","Bay",240,"yes","no","yes","2025-12-26 21:29:05"
"Bottle Buddy | Crimson","bottle32-crimson","Primary","ML118-2","Bay",240,"yes","no","yes","2025-12-26 21:28:37"
"Bottle Buddy | Crimson","bottle32-crimson","Primary","ML116-2","Bay",240,"yes","no","yes","2025-12-26 21:28:04"
"Bottle Buddy | Crimson","bottle32-crimson","Primary","ML116-1","Floor",240,"yes","yes","yes","2025-12-26 21:18:38"
"To-Go Buddy | Gunmetal Glory","c-c-black-gunmetalglory-tgb","Primary","MA106-1","Floor ",9,"yes","yes","yes","2025-12-26 20:48:11"
"Frost Budz | Michigan Wolverines","budz-michiganwolverines-logo3","Primary","MBC103-6","Bin",92,"yes","yes","yes","2025-12-26 20:14:42"
"Frost Budz | Michigan State Spartans","budz-michiganstatespartans-logo","Primary","MBC104-8","Bin",121,"yes","yes","yes","2025-12-26 20:12:09"
"Frost Budz | Cow","budz-cow","Primary","MEF106-1","Bin",70,"yes","yes","yes","2025-12-26 20:10:47"
"Mystery Returns Assortment Return 10","return10","Primary","ME144-2","Bay",27,"yes","no","yes","2025-12-26 20:10:13"
"To-Go Buddy | Merry Woofmas ","c-c-white-merrywoofmas-tgb","Primary","MB261-3","Bin",4,"yes","yes","yes","2025-12-26 17:34:49"
"Bottle Buddy 32oz | Buddy Of The Week | Banana ","c-c-banana-banana-bottle32","Primary","MB274-3","Bin",1,"yes","yes","yes","2025-12-26 17:23:46"
"Shot Buddy | TCU Horned Frogs","c-l-black-ncaa-tcu-logo-shot","Primary","MB262-3","Bin",1,"yes","yes","yes","2025-12-26 17:14:40"
"Thicc Buddy 40 | Georgia Bulldogs","c-c-black-ncaa-georgia-logo-t40","Primary","MB260-3","Bin",2,"yes","yes","yes","2025-12-26 17:12:42"
"Bottle Buddy 32 Skin | Crimson","b32skin-crimson","Primary","MA151-2","Bin",1,"yes","yes","yes","2025-12-26 15:21:00"
"To-Go Buddy | Royal Glitz","togo30-royalglitz","Primary","MM125-1","Floor",23,"yes","yes","yes","2025-12-26 14:39:49"
"Universal XL | Ohio Bobcats","c-c-black-ncaa-ohio-stripe-xl","Primary","MB109-2","Bin",1,"yes","yes","yes","2025-12-26 14:18:22"
"To-Go Buddy | Dispatch","c-c-black-dispatch-tgb","Primary","MB132-3","Bin",6,"yes","yes","yes","2025-12-26 13:38:01"
"To-Go Buddy | St. Louis Cardinals","c-c-navy-mlb-cardinals-stripe-tgb","Primary","MB104-2","Bin",1,"yes","yes","yes","2025-12-26 13:36:54"
"To-Go Buddy | Armed Forces","c-c-black-military-tgb","Primary","MB145-3","Bin",5,"yes","yes","yes","2025-12-26 13:20:10"
"Unboxed Bottle Buddy | Gumdrop","bottle32-gumdrop-unboxed","Primary","PS153-1","Flow",41,"yes","no","yes","2025-12-26 12:56:19"
"unixl-Gumdrop-unboxed","unixl-Gumdrop-unboxed","Primary","PS124-1","Flow",58,"yes","no","yes","2025-12-26 12:55:24"
"Mini Thicc Buddy | Black","thicc16-black","Primary","MN118-1","Floor",9,"yes","yes","yes","2025-12-26 12:53:59"
"Universal Buddy | Gumdrop","uni-gumdrop","Primary","CA121-1","Floor",125,"yes","no","yes","2025-12-26 12:49:56"
"Unboxed Universal XL | Charcoal","unixl-charcoal-unboxed","Primary","CD138-1","Floor",191,"yes","no","yes","2025-12-26 12:46:36"
"Bottle Buddy | Gumdrop","bottle32-gumdrop","Primary","CA112-1","Floor",120,"yes","no","yes","2025-12-26 12:44:02"
"Universal Buddy | UNC Tarheels ","uni-carolinablue-ncaa-northcarolina-stripe","Primary","MD135-1","Floor",531,"yes","yes","yes","2025-12-26 12:44:02"
"To-Go Buddy | Vanilla Ice Cream","togo30-vanillaicecream","Primary","MF135-1","Floor",270,"yes","yes","yes","2025-12-26 12:39:52"
"To-Go Buddy | Dark Glitz","togo30-darkglitz","Primary","MC156-1","Floor",152,"yes","yes","yes","2025-12-26 12:36:32"
"Universal Buddy | Indiana Hoosiers | Big Ten Champions ","c-c-crimson-ncaa-indiana-big1025-uni","Primary","MB211-3","Bin",2,"yes","yes","yes","2025-12-23 18:08:05"
"Mystery Returns Assortment Return 10","return10","Primary","MG168-2","Bay",27,"yes","no","yes","2025-12-23 18:04:47"
"Universal Buddy | Duck Camo ","c-c-rockytop-duckcamo-uni","Primary","MA103-1","Floor ",94,"yes","yes","yes","2025-12-23 17:49:26"
"To-Go Buddy | White","togo30-white","Primary","CA134-4","Bay",400,"yes","no","yes","2025-12-23 16:39:30"
"To-Go Buddy | White","togo30-white","Primary","CA134-3","Bay",400,"yes","no","yes","2025-12-23 15:47:23"
"Wholesale To-Go Buddy | 4 Pack | White","ws-togo-white4","Primary","MB321-2","Bin",1,"yes","yes","yes","2025-12-23 15:40:37"
"Universal Buddy | Old Glory","c-c-black-oldglory-uni","Primary","MB193-3","Bin",14,"yes","yes","yes","2025-12-23 14:45:15"
"Bottle Buddy 24 | Red","bottle24-red","Primary","CC131-1","Floor",160,"yes","no","yes","2025-12-23 14:01:13"
"Replacement Silicone | To-Go Buddy | Cream","togorubber-cream","Primary","MA160-2","Bin",50,"yes","yes","yes","2025-12-23 13:45:20"
"Universal XL | Golf","unixl-golf","Primary","ML110-1","Floor",352,"yes","yes","yes","2025-12-23 13:40:52"
"Replacement Silicone | To-Go Buddy | Banana","togorubber-banana","Primary","MA160-3","Bin",46,"yes","yes","yes","2025-12-23 13:39:27"
"Replacement Silicone | To-Go Buddy | Icicle","togorubber-icicle","Primary","MA155-2","Bin",51,"yes","yes","yes","2025-12-23 13:36:28"
"Replacement Silicone | To-Go Buddy | Silver","togorubber-silver","Primary","MA163-3","Bin",47,"yes","yes","yes","2025-12-23 13:33:11"
"Bottle Buddy 32oz | Frost-Bite","bottle32-frostbite","Primary","ML142-1","Floor",211,"yes","yes","yes","2025-12-23 13:25:14"
"Universal XL | Navy","unixl-navy","Primary","CB122-1","Floor",150,"yes","no","yes","2025-12-23 12:25:10"
"Thicc Buddy 40 |  Black","thicc40-black","Primary","CB101-1","Floor",144,"yes","no","yes","2025-12-23 12:13:55"
"Frost Budz | Michigan Wolverines","budz-michiganwolverines-logo","Primary","MBC101-6","Bin",75,"yes","yes","yes","2025-12-22 20:30:06"
"Bottle Buddy 32oz | Cupids Bows ","c-c-red-bows-bottle32","Primary","MA111-1","Floor ",107,"yes","yes","yes","2025-12-22 19:09:32"
"Mystery Returns Assortment Return 10","return10","Primary","MC159-2","Bay",27,"yes","no","yes","2025-12-22 17:00:37"
"Universal Buddy Lid | Clear","uni-lid-clear","Primary","MA151-2","Bin",8,"yes","yes","yes","2025-12-22 15:25:11"
"To-Go Buddy Handle | Black","togohandle-black","Primary","MA143-3","Bin",5,"yes","yes","yes","2025-12-22 15:06:47"
"Universal Buddy | Chicago White Sox","c-c-white-mlb-whitesox-stripe-uni","Primary","MB206-3","Bin",2,"yes","yes","yes","2025-12-22 14:33:41"
"Universal XL | Penn State Nittany Lions | Gameday ","c-c-white-ncaa-pennstate-stripe-xl","Primary","MB165-2","Bin",1,"yes","yes","yes","2025-12-22 14:15:34"
"To-Go Buddy | Champagne Glitz","togo30-champagneglitz","Primary","MH115-1","Floor",2,"yes","yes","yes","2025-12-22 14:08:52"
"Universal XL | Michigan State Spartans","c-c-black-ncaa-michiganstate-stripe-xl","Primary","MB114-3","Bin",12,"yes","yes","yes","2025-12-22 13:57:41"
"Universal XL | Purdue Boilermakers","c-c-black-ncaa-purdue-stripe-xl","Primary","MB138-2","Bin",1,"yes","yes","yes","2025-12-22 13:55:53"
"Universal XL | Mama's Garden","c-c-white-mamasgarden-xl","Primary","MB166-1","Bin",1,"yes","yes","yes","2025-12-22 13:54:01"
"Thicc Buddy | Butter Yellow","thicc40-banana","Primary","MN130-1","Floor",53,"yes","yes","yes","2025-12-22 13:50:15"
"Thicc Buddy 40 | Caramel","thicc40-caramel","Primary","MK142-1","Floor",110,"yes","yes","yes","2025-12-22 13:44:46"
"Universal XL | Washington Nationals","c-c-navy-mlb-nationals-stripe-xl","Primary","MB272-3","Bin",2,"yes","yes","yes","2025-12-22 13:42:37"
"Shot Buddy | Alabama Crimson Tide","c-l-black-ncaa-alabama-logo-shot","Primary","MB272-3","Bin",1,"yes","yes","yes","2025-12-22 13:38:34"
"Universal XL | Iowa Hawkeyes","c-c-black-ncaa-iowa-stripe-xl","Primary","MB256-3","Bin",1,"yes","yes","yes","2025-12-22 13:38:14"
"To-Go Buddy | Appalachian State Mountaineers","c-c-black-ncaa-appstate-stripe-tgb","Primary","MB163-3","Bin",3,"yes","yes","yes","2025-12-21 21:18:04"
"Thicc Buddy 40 | Red","thicc40-red","Primary","MP162-4","Bay",144,"yes","no","yes","2025-12-21 20:49:13"
"Thicc Buddy 40 | Red","thicc40-red","Primary","MP161-4","Bay",144,"yes","no","yes","2025-12-21 20:45:38"
"Thicc Buddy 40 | Red","thicc40-red","Primary","MP159-4","Bay",144,"yes","no","yes","2025-12-21 20:45:10"
"Thicc Buddy 40 | Red","thicc40-red","Primary","MP157-4","Bay",143,"yes","no","yes","2025-12-21 20:40:34"
"Thicc Buddy 40 | Red","thicc40-red","Primary","MP157-1","Floor",85,"yes","yes","yes","2025-12-21 20:40:14"
"Thicc Buddy 40 | Red","thicc40-red","Primary","MP154-4","Bay",144,"yes","no","yes","2025-12-21 20:34:53"
"Thicc Buddy 40 | Red","thicc40-red","Primary","MP156-4","Bay",144,"yes","no","yes","2025-12-21 20:33:07"
"Universal XL | Golf","unixl-golf","Primary","MP155-3","Bay",400,"yes","no","yes","2025-12-21 20:27:03"
"Universal XL | Golf","unixl-golf","Primary","MP153-3","Bay",400,"yes","no","yes","2025-12-21 20:26:30"
"Universal XL | Golf","unixl-golf","Primary","MP115-2","Bay",400,"yes","no","yes","2025-12-21 20:23:06"
"Bottle Buddy | Northern Lights","bottle32-lights","Primary","MP153-4","Bay",240,"yes","no","yes","2025-12-21 20:22:17"
"Bottle Buddy | Northern Lights","bottle32-lights","Primary","MP151-3","Bay",240,"yes","no","yes","2025-12-21 20:21:50"
"Universal XL | Golf","unixl-golf","Primary","MP109-2","Bay",400,"yes","no","yes","2025-12-21 20:21:21"
"Bottle Buddy | Northern Lights","bottle32-lights","Primary","MP113-2","Bay",240,"yes","no","yes","2025-12-21 20:19:17"
"Bottle Buddy 24 | Ice Cream","bottle24-icecream","Primary","MP111-2","Bay",120,"yes","no","yes","2025-12-21 20:15:05"
"Bottle Buddy 24 | Ice Cream","bottle24-icecream","Primary","MP130-1","Floor",94,"yes","yes","yes","2025-12-21 20:13:47"
"Bottle Buddy | Gunmetal Glory","bottle32-gunmetalglory","Primary","MP116-2","Bay",60,"yes","no","yes","2025-12-21 20:12:41"
"Bottle Buddy | Northern Lights","bottle32-lights","Primary","MQ128-2","Bay",40,"yes","no","yes","2025-12-21 20:10:13"
"Universal Buddy | Diamond Plate | Black","uni-dplateblack","Primary","MP135-1","Floor",172,"yes","yes","yes","2025-12-21 20:03:39"
"To-Go Buddy | Utah State Aggies","c-c-white-ncaa-utahstate-stripe-tgb","Primary","MB128-3","Bin",1,"yes","yes","yes","2025-12-21 20:03:21"
"Bottle Buddy | Gunmetal Glory","bottle32-gunmetalglory","Primary","MP142-4","Bay",240,"yes","no","yes","2025-12-21 20:01:46"
"Thicc Buddy | Butter Yellow","thicc40-banana","Primary","MQ130-2","Bay",72,"yes","no","yes","2025-12-21 20:01:37"
"Bottle Buddy | Gunmetal Glory","bottle32-gunmetalglory","Primary","MP143-4","Bay",240,"yes","no","yes","2025-12-21 19:59:51"
"Thicc Buddy 40 | Caramel","thicc40-caramel","Primary","MQ134-2","Bay",72,"yes","no","yes","2025-12-21 19:57:20"
"Mini Thicc Buddy | Purple Glitz","thicc16-purpleglitz","Primary","MQ136-2","Bay",120,"yes","no","yes","2025-12-21 19:55:40"
"Bottle Buddy | Gunmetal Glory","bottle32-gunmetalglory","Primary","MP141-3","Bay",240,"yes","no","yes","2025-12-21 19:54:12"
"Bottle Buddy 24 | Ice Cream","bottle24-icecream","Primary","MP139-3","Bay",240,"yes","no","yes","2025-12-21 19:32:17"
"Thicc Buddy 40 |  Black","thicc40-black","Primary","MM107-2","Bay",144,"yes","no","yes","2025-12-21 19:25:04"
"Bottle Buddy 24 | Ice Cream","bottle24-icecream","Primary","MP135-4","Bay",240,"yes","no","yes","2025-12-21 19:24:47"
"Thicc Buddy 40 |  Black","thicc40-black","Primary","MM111-2","Bay",144,"yes","no","yes","2025-12-21 19:23:10"
"Thicc Buddy 40 |  Black","thicc40-black","Primary","MM115-2","Bay",144,"yes","no","yes","2025-12-21 19:21:19"
"Thicc Buddy 40 |  Black","thicc40-black","Primary","MM117-2","Bay",142,"yes","no","yes","2025-12-21 19:19:44"
"Thicc Buddy 40 |  Black","thicc40-black","Primary","MM119-2","Bay",143,"yes","no","yes","2025-12-21 19:17:56"
"Thicc Buddy 40 |  Black","thicc40-black","Primary","MM108-2","Bay",144,"yes","no","yes","2025-12-21 19:11:45"
"Thicc Buddy 40 |  Black","thicc40-black","Primary","MM110-2","Bay",144,"yes","no","yes","2025-12-21 19:09:13"
"Thicc Buddy 40 |  Black","thicc40-black","Primary","MM116-2","Bay",144,"yes","no","yes","2025-12-21 19:06:58"
"Thicc Buddy 40 |  Black","thicc40-black","Primary","MP118-3","Bay",144,"yes","no","yes","2025-12-21 19:05:55"
"Thicc Buddy 40 |  Black","thicc40-black","Primary","MP112-4","Bay",144,"yes","no","yes","2025-12-21 19:04:00"
"Thicc Buddy 40 |  Black","thicc40-black","Primary","MM120-2","Bay",144,"yes","no","yes","2025-12-21 19:03:30"
"Thicc Buddy 40 |  Black","thicc40-black","Primary","MM124-2","Bay",144,"yes","no","yes","2025-12-21 19:01:50"
"Thicc Buddy 40 |  Black","thicc40-black","Primary","MP110-4","Bay",144,"yes","no","yes","2025-12-21 19:00:57"
"Thicc Buddy 40 |  Black","thicc40-black","Primary","MP106-3","Bay",144,"yes","no","yes","2025-12-21 19:00:35"
"Thicc Buddy 40 |  Black","thicc40-black","Primary","MM112-2","Bay",144,"yes","no","yes","2025-12-21 19:00:11"
"Thicc Buddy 40 |  Black","thicc40-black","Primary","MM118-2","Bay",144,"yes","no","yes","2025-12-21 18:58:27"
"Thicc Buddy 40 |  Black","thicc40-black","Primary","MM129-4","Bay",144,"yes","no","yes","2025-12-21 18:56:41"
"Thicc Buddy 40 |  Black","thicc40-black","Primary","MP119-3","Bay",144,"yes","no","yes","2025-12-21 18:56:19"
"Thicc Buddy 40 |  Black","thicc40-black","Primary","MP117-3","Bay",144,"yes","no","yes","2025-12-21 18:55:54"
"Thicc Buddy 40 |  Black","thicc40-black","Primary","MQ138-2","Bay",144,"yes","no","yes","2025-12-21 18:54:59"
"Thicc Buddy 40 |  Black","thicc40-black","Primary","MM127-3","Bay",144,"yes","no","yes","2025-12-21 18:51:38"
"Thicc Buddy 40 |  Black","thicc40-black","Primary","MP109-3","Bay",144,"yes","no","yes","2025-12-21 18:51:05"
"Thicc Buddy 40 |  Black","thicc40-black","Primary","MP113-4","Bay",144,"yes","no","yes","2025-12-21 18:50:40"
"Thicc Buddy 40 |  Black","thicc40-black","Primary","MM127-2","Bay",144,"yes","no","yes","2025-12-21 18:48:29"
"To-Go Buddy | Tangerine Dream","c-c-white-botw-tangerinedream-tgb","Primary","MB116-3","Bin",6,"yes","yes","yes","2025-12-21 17:10:37"
"Replacement Lid | Thicc Buddy 50 | Copper Leopard","thicc50lid-copperleopard","Primary","MA145-1","Bin",33,"yes","yes","yes","2025-12-21 15:49:52"
"To-Go Buddy | Buddy Of The Week | Banana ","c-c-banana-banana-tgb","Primary","MB266-3","Bin",2,"yes","yes","yes","2025-12-21 15:23:48"
"Universal Buddy | Buddy Of The Week | Polka Dot","c-c-black-botw-polkadot-uni","Primary","MB256-2","Bin",1,"yes","yes","yes","2025-12-21 14:38:17"
"Universal Buddy | Oklahoma Sooners | Night Game ","c-c-darknight-ncaa-oklahoma-blackout-uni","Primary","MB153-3","Bin",4,"yes","yes","yes","2025-12-21 13:52:28"
"Universal Buddy Drinking Lid with Straw | Matte Grey","coffeelid-mattegrey","Primary","ME138-1","Floor",468,"yes","yes","yes","2025-12-21 13:32:25"
"To-Go Buddy | Tennessee Volunteers | Ice Cream ","c-c-rockytop-ncaa-tennessee-icecream-tgb","Primary","MB219-3","Bin",1,"yes","yes","yes","2025-12-21 00:22:06"
"Universal Buddy | Texas Tech Red Raiders | Big 12 Champions ","c-c-black-ncaa-texastech-helmetbig1225-uni","Primary","MB253-3","Bin",1,"yes","yes","yes","2025-12-21 00:06:15"
"To-Go Buddy | Gunmetal Glory","c-c-black-gunmetalglory-tgb","Primary","Delete Me","Bin",1,"yes","no","no","2025-12-20 23:55:18"
"Universal Buddy | U.S. Army | Shadow Ops","c-c-black-army-blackoutpattern-uni","Primary","MB163-3","Bin",1,"yes","yes","yes","2025-12-20 23:19:09"
"Universal Buddy | Minnesota Gophers","c-c-black-ncaa-minnesota-stripe-uni","Primary","MB207-3","Bin",1,"yes","yes","yes","2025-12-20 22:57:33"
"Universal Buddy | Virginia Tech Hokies | Night Game ","c-c-darknight-ncaa-virginiatech-blackout-uni","Primary","MB205-3","Bin",2,"yes","yes","yes","2025-12-20 22:43:31"
"Universal Buddy | Georgia Bulldogs | SEC Champions ","c-c-black-ncaa-georgia-sec25-uni","Primary","MB124-2","Bin",1,"yes","yes","yes","2025-12-20 22:28:49"
"Bottle Buddy | Black","bottle32-black","Primary","MQ155-2","Bay",240,"yes","no","yes","2025-12-20 22:19:53"
"Bottle Buddy | Black","bottle32-black","Primary","MQ159-3","Bay",240,"yes","no","yes","2025-12-20 22:16:24"
"Bottle Buddy | Black","bottle32-black","Primary","MQ161-3","Bay",240,"yes","no","yes","2025-12-20 22:14:51"
"Bottle Buddy | Black","bottle32-black","Primary","MQ163-3","Bay",240,"yes","no","yes","2025-12-20 22:12:53"
"Universal Buddy | Iowa Hawkeyes | Legacy ","uni-iowa3d","Primary","MF120-1","Floor",210,"yes","yes","yes","2025-12-20 22:10:34"
"Bottle Buddy | Crimson","bottle32-crimson","Primary","MN117-2","Bay",160,"yes","no","yes","2025-12-20 22:10:28"
"Bottle Buddy | Crimson","bottle32-crimson","Primary","MN117-3","Bay",240,"yes","no","yes","2025-12-20 22:05:40"
"Bottle Buddy | Crimson","bottle32-crimson","Primary","MN115-3","Bay",240,"yes","no","yes","2025-12-20 22:01:37"
"Bottle Buddy | Crimson","bottle32-crimson","Primary","MN113-3","Bay",240,"yes","no","yes","2025-12-20 21:58:31"
"Bottle Buddy | Crimson","bottle32-crimson","Primary","MN111-3","Bay",240,"yes","no","yes","2025-12-20 21:55:42"
"Bottle Buddy | Crimson","bottle32-crimson","Primary","MN106-3","Bay",240,"yes","no","yes","2025-12-20 21:53:05"
"Bottle Buddy | Crimson","bottle32-crimson","Primary","MN115-2","Bay",240,"yes","no","yes","2025-12-20 21:50:50"
"Bottle Buddy | Crimson","bottle32-crimson","Primary","MN113-2","Bay",240,"yes","no","yes","2025-12-20 21:49:02"
"Bottle Buddy 16oz | Mint Chocolate ","bottle16-mint","Primary","MP106-4","Bay",320,"yes","no","yes","2025-12-20 21:47:50"
"Bottle Buddy | Crimson","bottle32-crimson","Primary","MN104-2","Bay",240,"yes","no","yes","2025-12-20 21:46:54"
"Bottle Buddy | Black","bottle32-black","Primary","MO156-3","Bay",240,"yes","no","yes","2025-12-20 21:35:45"
"Bottle Buddy | Crimson","bottle32-crimson","Primary","MP104-4","Bay",240,"yes","no","yes","2025-12-20 21:28:30"
"Bottle Buddy | Black","bottle32-black","Primary","ML104-2","Bay",240,"yes","no","yes","2025-12-20 21:26:47"
"Bottle Buddy 32oz | Los Angeles Dodgers ","bottle32-royal-mlb-dodgers-stripe","Primary","MP111-4","Bay",240,"yes","no","yes","2025-12-20 21:24:05"
"Bottle Buddy 24 | Rocket Pop","bottle24-rocketpop","Primary","MN110-3","Bay",240,"yes","no","yes","2025-12-20 21:23:49"
"Bottle Buddy | Crimson","bottle32-crimson","Primary","MO134-3","Bay",239,"yes","no","yes","2025-12-20 21:21:31"
"Bottle Buddy 24 | Rocket Pop","bottle24-rocketpop","Primary","MO132-3","Bay",240,"yes","no","yes","2025-12-20 21:19:22"
"To-Go Buddy | Kansas State Wildcats","c-c-white-ncaa-kansasstate-stripe-tgb","Primary","MB189-2","Bin",4,"yes","yes","yes","2025-12-20 21:18:40"
"Bottle Buddy 24 | Rocket Pop","bottle24-rocketpop","Primary","MN146-2","Bay",240,"yes","no","yes","2025-12-20 21:17:00"
"Bottle Buddy | Black","bottle32-black","Primary","MO123-3","Bay",240,"yes","no","yes","2025-12-20 21:13:27"
"Bottle Buddy | Arkansas Razorbacks","c-c-black-ncaa-arkansas-stripe-bottle32","Primary","MB124-3","Bin",1,"yes","yes","yes","2025-12-20 21:12:43"
"Bottle Buddy | Black","bottle32-black","Primary","MO125-3","Bay",240,"yes","no","yes","2025-12-20 21:11:21"
"Bottle Buddy 24 | Rocket Pop","bottle24-rocketpop","Primary","MN124-3","Bay",240,"yes","no","yes","2025-12-20 21:09:08"
"Bottle Buddy 24 | Rocket Pop","bottle24-rocketpop","Primary","MN126-3","Bay",240,"yes","no","yes","2025-12-20 21:07:02"
"Bottle Buddy 24 | Rocket Pop","bottle24-rocketpop","Primary","MN130-3","Bay",240,"yes","no","yes","2025-12-20 21:04:46"
"Bottle Buddy 24 | Rocket Pop","bottle24-rocketpop","Primary","MN131-2","Bay",240,"yes","no","yes","2025-12-20 21:02:45"
"Bottle Buddy | Black","bottle32-black","Primary","MN142-2","Bay",240,"yes","no","yes","2025-12-20 20:59:09"
"Bottle Buddy | Crimson","bottle32-crimson","Primary","MN136-3","Bay",240,"yes","no","yes","2025-12-20 20:56:44"
"Bottle Buddy 16oz | Pencil 16oz","bottle16-pencil","Primary","MO129-2","Bay",240,"yes","no","yes","2025-12-20 20:54:18"
"Bottle Buddy 16oz | Pencil 16oz","bottle16-pencil","Primary","MO130-3","Bay",320,"yes","no","yes","2025-12-20 20:47:30"
"Bottle Buddy 16oz | Mint Chocolate ","bottle16-mint","Primary","MP105-4","Bay",320,"yes","no","yes","2025-12-20 20:13:28"
"Bottle Buddy 16oz | Mint Chocolate ","bottle16-mint","Primary","MP102-3","Bay",320,"yes","no","yes","2025-12-20 20:09:05"
"Bottle Buddy 16oz | Mint Chocolate ","bottle16-mint","Primary","MP102-4","Bay",320,"yes","no","yes","2025-12-20 20:07:45"
"Bottle Buddy 32oz | Houston Astros ","bottle32-mlb-navy-astros-stripe","Primary","MP105-1","Floor",260,"yes","yes","yes","2025-12-20 20:02:06"
"Bottle Buddy 16oz | Rocket Pop ","bottle16-rocketpop","Primary","MK167-3","Bay",320,"yes","no","yes","2025-12-20 19:58:38"
"Bottle Buddy 16oz | Rocket Pop ","bottle16-rocketpop","Primary","MK167-4","Bay",320,"yes","no","yes","2025-12-20 19:56:47"
"To-Go Buddy | NC State Wolfpack","c-c-red-ncaa-ncstate-stripe-tgb","Primary","MB153-2","Bin",3,"yes","yes","yes","2025-12-20 19:46:25"
"Bottle Buddy 16oz | Pencil 16oz","bottle16-pencil","Primary","MO136-2","Bay",320,"yes","no","yes","2025-12-20 19:19:58"
"Bottle Buddy | Black","bottle32-black","Primary","MP138-3","Bay",240,"yes","no","yes","2025-12-20 19:18:04"
"Bottle Buddy 16oz | Pencil 16oz","bottle16-pencil","Primary","MP136-2","Bay",320,"yes","no","yes","2025-12-20 19:15:42"
"Bottle Buddy 16oz | Pencil 16oz","bottle16-pencil","Primary","MP130-2","Bay",320,"yes","no","yes","2025-12-20 19:14:07"
"Bottle Buddy | Crimson","bottle32-crimson","Primary","MP132-2","Bay",240,"yes","no","yes","2025-12-20 19:12:09"
"Bottle Buddy 32oz | Houston Astros ","bottle32-mlb-navy-astros-stripe","Primary","MO135-2","Bay",240,"yes","no","yes","2025-12-20 19:07:54"
"Bottle Buddy | Black","bottle32-black","Primary","MN140-2","Bay",240,"yes","no","yes","2025-12-20 19:05:23"
"Bottle Buddy 16oz | Rocket Pop ","bottle16-rocketpop","Primary","MB148-5","Bay",320,"yes","no","yes","2025-12-20 17:20:35"
"Bottle Buddy 16oz | Rocket Pop ","bottle16-rocketpop","Primary","MB146-6","Bay",320,"yes","no","yes","2025-12-20 17:15:23"
"Bottle Buddy 24oz | Gunmetal Glory ","bottle24-gunmetalglory","Primary","MB151-5","Bay",240,"yes","no","yes","2025-12-20 17:09:43"
"Bottle Buddy 24oz | Gunmetal Glory ","bottle24-gunmetalglory","Primary","MB121-5","Bay",240,"yes","no","yes","2025-12-20 17:05:07"
"Bottle Buddy 24oz | Gunmetal Glory ","bottle24-gunmetalglory","Primary","MB103-6","Bay",240,"yes","no","yes","2025-12-20 17:00:25"
"To-Go Buddy | Ohio State Buckeyes | Gameday ","togo30-black-ncaa-ohiostate-stripe","Primary","ME105-1","Floor",28,"yes","yes","yes","2025-12-20 16:50:58"
"Bottle Buddy 24oz | Gunmetal Glory ","bottle24-gunmetalglory","Primary","MB102-5","Bay",240,"yes","no","yes","2025-12-20 16:49:09"
"Bottle Buddy 32oz | Rocket Pop","bottle32-rocketpop","Primary","MD155-1","Floor",2,"yes","yes","yes","2025-12-20 16:45:11"
"Universal XL | Coral Crush","unixl-coralcrush","Primary","MH142-1","Floor",51,"yes","yes","yes","2025-12-20 15:58:28"
"Bottle Buddy 24oz | Frost-Bite","bottle24-frostbite","Primary","MK105-1","Floor",60,"yes","yes","yes","2025-12-20 15:56:58"
"Mini Thicc Buddy | Crimson","thicc16-crimson","Primary","ME136-1","Floor",358,"yes","yes","yes","2025-12-20 15:53:55"
"Charm Thicc Buddy 40 | Navy","charmt40-navy","Primary","MG149-1","Floor",43,"yes","yes","yes","2025-12-20 15:46:23"
"Thicc Buddy 40 | Champagne Glitz","thicc40-champagneglitz","Primary","MG145-1","Floor",138,"yes","yes","yes","2025-12-20 15:42:00"
"Mini Thicc Buddy | Dinosaur","thicc16-dinosaur2","Primary","MH127-1","Floor",371,"yes","yes","yes","2025-12-20 15:23:53"
"Universal Buddy | Louisville Cardinals","c-c-black-ncaa-louisville-stripe-uni","Primary","MB167-1","Bin",12,"yes","yes","yes","2025-12-20 00:53:22"
"Bottle Buddy | Crimson","bottle32-crimson","Primary","MP104-2","Bay",240,"yes","no","yes","2025-12-20 00:28:59"
"Bottle Buddy 16oz | Mint Chocolate ","bottle16-mint","Primary","MF111-1","Floor",196,"yes","yes","yes","2025-12-20 00:17:38"
"Bottle Buddy | Crimson","bottle32-crimson","Primary","MG159-2","Bay",240,"yes","no","yes","2025-12-20 00:14:16"
"Bottle Buddy 24 | Rocket Pop","bottle24-rocketpop","Primary","MF105-1","Floor",238,"yes","yes","yes","2025-12-19 23:32:40"
"Universal Buddy | Ohio State Buckeyes","c-c-black-ncaa-ohiostate-stripe-uni","Primary","Geoff's Desk","Floor",1,"yes","no","yes","2025-12-19 23:24:51"
"Bottle Buddy | Crimson","bottle32-crimson","Primary","MQ163-4","Bay",240,"yes","no","yes","2025-12-19 23:18:59"
"Bottle Buddy | Crimson","bottle32-crimson","Primary","MQ167-2","Bay",240,"yes","no","yes","2025-12-19 23:16:51"
"Bottle Buddy 16oz | Rocket Pop ","bottle16-rocketpop","Primary","MN116-1","Floor",197,"yes","yes","yes","2025-12-19 23:14:14"
"Universal Buddy | Colorado Buffaloes","c-c-black-ncaa-colorado-stripe-uni","Primary","MB181-3","Bin",2,"yes","yes","yes","2025-12-19 23:12:39"
"Bottle Buddy 24oz | Gunmetal Glory ","bottle24-gunmetalglory","Primary","MQ165-3","Bay",240,"yes","no","yes","2025-12-19 22:58:12"
"Frost Budz | Skeleton Peace","budz-skeletonpeace","Primary","MB135-4","Bay",130,"yes","no","yes","2025-12-19 22:51:39"
"Frost Budz | Coffee","budz-coffee","Primary","MB135-4","Bay",30,"yes","no","yes","2025-12-19 22:50:50"
"Frost Budz | Dog Mom","budz-dogmom","Primary","MB135-4","Bay",100,"yes","no","yes","2025-12-19 22:50:05"
"Frost Budz | Black Cat","budz-blackcat","Primary","MB135-4","Bay",60,"yes","no","yes","2025-12-19 22:49:10"
"Frost Budz | Alebrijes","budz-alebrijes","Primary","MB135-4","Bay",30,"yes","no","yes","2025-12-19 22:48:18"
"Frost Budz | Cat Paw","budz-catpaw","Primary","MB135-4","Bay",44,"yes","no","yes","2025-12-19 22:47:04"
"Frost Budz | Heart & Paws","budz-heartsnpaws","Primary","MB135-4","Bay",130,"yes","no","yes","2025-12-19 22:46:11"
"Frost Budz | Flower Spook","budz-flowerspook","Primary","MB135-4","Bay",130,"yes","no","yes","2025-12-19 22:44:43"
"Bottle Buddy 24oz | Gunmetal Glory ","bottle24-gunmetalglory","Primary","MN114-1","Floor",299,"yes","yes","yes","2025-12-19 22:44:09"
"Frost Budz | Jesus","budz-jesus","Primary","MCD103-4","Bin",68,"yes","yes","yes","2025-12-19 22:38:18"
"Mystery Returns Assortment Return 10","return10","Primary","MF123-2","Bay",27,"yes","no","yes","2025-12-19 21:59:16"
"Frost Budz | Dog Mom","budz-dogmom","Primary","MEF101-4","Bin",50,"yes","yes","yes","2025-12-19 21:50:48"
"Frost Budz | Skeleton Peace","budz-skeletonpeace","Primary","MEF103-3","Bin",51,"yes","yes","yes","2025-12-19 21:25:50"
"Thicc Buddy 40 | Georgia Bulldogs | Night Game ","c-c-darknight-ncaa-georgia-blackout-t40","Primary","MA121-1","Floor ",34,"yes","yes","yes","2025-12-19 21:07:58"
"Universal Buddy | Kentucky Wildcats","c-c-white-ncaa-kentucky-stripe-uni","Primary","MB119-2","Bin",2,"yes","yes","yes","2025-12-19 20:49:28"
"Universal Buddy | Night Ops ","c-c-darknight-nightops-uni","Primary","MB311-2","Bin",6,"yes","yes","yes","2025-12-19 18:30:02"
"Universal Buddy | Western Kentucky Hilltoppers","c-c-red-ncaa-westernkentucky-stripe-uni","Primary","MB148-3","Bin",1,"yes","yes","yes","2025-12-19 18:27:49"
"Universal Buddy | Ohio State Buckeyes","c-c-black-ncaa-ohiostate-stripe-uni","Primary","MD144-1","Floor",600,"yes","yes","yes","2025-12-19 14:30:00"
"Universal Buddy | Ohio State Buckeyes","c-c-black-ncaa-ohiostate-stripe-uni","Primary","MC122-1","Floor",223,"yes","yes","yes","2025-12-19 14:25:01"
"To-Go Buddy | Little Hearts","c-c-black-littlehearts-tgb","Primary","MF106-1","Floor",36,"yes","yes","yes","2025-12-19 13:46:31"
"Bottle Buddy | North Carolina Tarheels","c-c-white-ncaa-northcarolina-stripe-bottle32","Primary","MB238-1","Bin",8,"yes","yes","yes","2025-12-19 00:21:22"
"Thicc Buddy 40 | National Lampoon's | Snowman ","c-c-white-natlamp-snowman-t40","Primary","MB292-2","Bin",2,"yes","yes","yes","2025-12-18 23:38:01"
"Bottle Buddy | Ghostbusters | Stay Puft ","c-c-navy-ghostbusters-puft-bottle32","Primary","MB285-1","Bin",1,"yes","yes","yes","2025-12-18 22:44:15"
"To-Go Buddy | Tennessee Vols","c-c-black-ncaa-tennessee-stripe-tgb","Primary","MB265-1","Bin",6,"yes","yes","yes","2025-12-18 22:38:45"
"Unboxed Universal Purple","uni-purple-unboxed","Primary","CC123-1","Floor",600,"yes","no","yes","2025-12-18 22:36:07"
"unboxed thicc16 | Navy","thicc16-navy-unboxed","Primary","CC120-1","Floor",84,"yes","no","yes","2025-12-18 22:31:41"
"Universal Buddy | Philadelphia Phillies","c-c-white-mlb-phillies-stripe-uni","Primary","MA102-1","Floor ",56,"yes","yes","yes","2025-12-18 22:30:24"
"Unboxed Universal Purple","uni-purple-unboxed","Primary","CC119-1","Floor",600,"yes","no","yes","2025-12-18 22:22:33"
"Universal Buddy | Tennessee Vols","c-c-black-ncaa-tennessee-stripe-uni","Primary","MB315-3","Bin",6,"yes","yes","yes","2025-12-18 21:04:14"
"unboxed uni | TexasTea","uni-texastea-unboxed","Primary","CC102-1","Floor",150,"yes","no","yes","2025-12-18 21:00:20"
"unboxed thicc16 | Rockytop","thicc16-rockytop-unboxed","Primary","CC118-1","Floor",168,"yes","no","yes","2025-12-18 20:57:36"
"Universal Buddy | Stainless","uni-stainless","Primary","CD124-1","Floor",100,"yes","no","yes","2025-12-18 20:55:37"
"Universal Buddy | Arkansas x OHT","c-c-white-ncaa-arkansas-oht-uni","Primary","MB198-3","Bin",1,"yes","yes","yes","2025-12-18 20:48:51"
"Universal Buddy | Firefighters","c-c-black-firefighter-uni","Primary","MB221-3","Bin",6,"yes","yes","yes","2025-12-18 18:13:23"
"Frost Budz | Indiana Hoosiers","budz-indianahoosiers-logo2","Primary","MAB103-9","Bin",49,"yes","yes","yes","2025-12-18 16:49:07"
"Universal Buddy | Boston Red Sox","uni-navy-mlb-redsox-stripe","Primary","MK150-1","Floor",153,"yes","yes","yes","2025-12-18 15:32:59"
"Bottle Buddy 24 | Cosmic Drip","bottle24-cosmicdrip","Primary","MG163-1","Floor",2,"yes","yes","yes","2025-12-18 14:25:10"
"To-Go Buddy | Dark Night","togo30-darknight","Primary","MP128-1","Floor",51,"yes","yes","yes","2025-12-18 14:10:09"
"Bottle Buddy | Navy","bottle32-navy","Primary","MP131-1","Floor",150,"yes","yes","yes","2025-12-18 14:01:22"
"Mystery Returns Assortment Return 10","return10","Primary","MM138-2","Bay",27,"yes","no","yes","2025-12-18 13:31:03"
"Universal Buddy | Buffalo Sabres","c-c-white-nhl-sabres-stripe-uni","Primary","MB177-3","Bin",1,"yes","yes","yes","2025-12-18 00:57:08"
"Universal Buddy | Chevy Silverado","c-c-black-trucks-silverado-uni","Primary","MB194-3","Bin",4,"yes","yes","yes","2025-12-18 00:33:40"
"Thicc Buddy 40oz | Buddy Of The Week | Black Cats","c-c-black-botw-blackcats-t40","Primary","MB214-1","Bin",5,"yes","yes","yes","2025-12-17 21:55:13"
"Thicc Buddy 40oz | National Lampoon's | $h*%ter's Full ","c-c-crimson-natlamp-shtfullsweater-t40","Primary","MA125-1","Floor ",21,"yes","yes","yes","2025-12-17 18:46:47"
"Universal Buddy | Michigan State Spartans","c-c-white-ncaa-michiganstate-stripe-uni","Primary","MB182-1","Bin",10,"yes","yes","yes","2025-12-17 18:21:38"
"Universal Buddy | Miami Redhawks","c-c-white-ncaa-miamiohio-stripe-uni","Primary","MB267-3","Bin",11,"yes","yes","yes","2025-12-17 18:00:31"
"Universal XL | Miami Hurricanes","c-c-black-ncaa-miami-stripe-xl","Primary","MB203-3","Bin",3,"yes","yes","yes","2025-12-17 16:57:40"
"Mystery Returns Assortment Return 10","return10","Primary","MG158-2","Bay",27,"yes","no","yes","2025-12-17 16:47:00"
"Thicc Buddy 40 | Northern Lights","thicc40-lights","Primary","MN134-3","Bay",144,"yes","no","yes","2025-12-17 16:44:31"
"Thicc Buddy 40 | I Scream For Ice Cream","thicc40-iscream4icecream","Primary","MK161-1","Floor",104,"yes","yes","yes","2025-12-17 16:15:38"
"To-Go Buddy | Black","togo30-black","Primary","ML146-1","Floor",389,"yes","yes","yes","2025-12-17 15:16:21"
"Bottle Buddy 32oz | Buddy Of The Week | Afterlife Slice ","c-c-black-afterlifeslice-bottle32","Primary","MB172-1","Bin",1,"yes","yes","yes","2025-12-17 15:09:48"
"Universal XL | Michigan Wolverines","c-c-navy-ncaa-michigan-stripe-xl","Primary","MB124-1","Bin",1,"yes","yes","yes","2025-12-17 14:16:08"
"Unboxed Bottle Buddy | Navy","bottle32-navy-unboxed","Primary","PS152-1","Flow",57,"yes","no","yes","2025-12-17 14:05:19"
"To-Go Buddy | Detroit Red Wings","c-c-white-nhl-redwings-stripe-tgb","Primary","MB199-1","Bin",2,"yes","yes","yes","2025-12-17 12:14:52"
"To-Go Buddy | Whisker Wonderland ","c-c-white-whiskerwonderland-tgb","Primary","MB284-3","Bin",3,"yes","yes","yes","2025-12-17 12:09:28"
"To-Go Buddy | Buffalo Sabres","c-c-white-nhl-sabres-stripe-tgb","Primary","MB280-2","Bin",1,"yes","yes","yes","2025-12-17 09:24:25"
"unboxed thick40 | White","thicc40-white-unboxed","Primary","PS169-1","Flow",37,"yes","no","yes","2025-12-16 23:45:22"
"Universal Buddy | Michigan Wolverines","c-c-navy-ncaa-michigan-biglogo-uni","Primary","MB104-1","Bin",6,"yes","yes","yes","2025-12-16 20:30:54"
"Backpack Buddy | Army Green","backpack40-armygreen","Primary","MG136-1","Floor",5,"yes","yes","yes","2025-12-16 20:23:01"
"Universal Buddy | Wake Forest Demon Deacons","c-c-black-ncaa-wakeforest-stripe-uni","Primary","MB222-2","Bin",5,"yes","yes","yes","2025-12-16 19:25:57"
"Bottle Buddy | National Lampoon's | You Serious Clark? ","c-c-red-natlamp-plaidclark-bottle32","Primary","MB222-3","Bin",1,"yes","yes","yes","2025-12-16 19:25:22"
"To-Go Buddy | Pittsburgh Penguins","c-c-black-nhl-penguins-biglogo-tgb","Primary","MB161-1","Bin",1,"yes","yes","yes","2025-12-16 18:20:09"
"Universal Buddy | Indiana Hoosiers | Big Ten Champions ","c-c-darknight-ncaa-indiana-b1025-uni","Primary","MB131-1","Bin",1,"yes","yes","yes","2025-12-16 18:03:20"
"Bottle Buddy | Los Angeles Dodgers","c-c-royal-mlb-dodgers-stripe-bottle32","Primary","MA124-1","Floor ",26,"yes","yes","yes","2025-12-16 17:18:35"
"Universal Buddy | Nebraska Cornhuskers","c-c-red-ncaa-nebraska-biglogo-uni","Primary","MB202-3","Bin",2,"yes","yes","yes","2025-12-16 14:38:35"
"Universal XL | Kansas City Royals","c-c-navy-mlb-royals-cc-xl","Primary","MB150-2","Bin",1,"yes","yes","yes","2025-12-16 13:36:33"
"Universal XL | White","unixl-white","Primary","CB134-1","Floor",400,"yes","no","yes","2025-12-16 12:34:39"
"Universal XL | White","unixl-white","Primary","CB136-1","Floor",400,"yes","no","yes","2025-12-16 12:29:57"
"Universal Buddy | Red","uni-red1","Primary","CA119-1","Floor",300,"yes","no","yes","2025-12-16 12:22:40"
"Mystery Returns Assortment Return 10","return10","Primary","MI158-1","Floor",27,"yes","yes","yes","2025-12-15 22:01:55"
"Bottle Buddy | Black","bottle32-black","Primary","CA104-1","Floor",120,"yes","no","yes","2025-12-15 20:43:33"
"To-Go Buddy | Red","togo30-red","Primary","CA127-1","Floor",400,"yes","no","yes","2025-12-15 20:28:40"
"Bottle Buddy | White","bottle32-white","Primary","CA108-3","Bay",240,"yes","no","yes","2025-12-15 18:12:45"
"Universal XL | Florida Gators","c-c-black-ncaa-florida-stripe-xl","Primary","MB147-1","Bin",1,"yes","yes","yes","2025-12-15 17:53:43"
"Bottle Buddy | White","bottle32-white","Primary","CA106-1","Floor",240,"yes","no","yes","2025-12-15 17:48:27"
"Bottle Buddy | Rogue","c-c-white-rogue-bottle32","Primary","MB319-3","Bin",3,"yes","yes","yes","2025-12-15 17:39:11"
"Bottle Buddy | Cream","bottle32-cream","Primary","CA116-1","Floor",240,"yes","no","yes","2025-12-15 17:28:12"
"Mystery Returns Assortment Return 10","return10","Primary","MK120-1","Floor",27,"yes","yes","yes","2025-12-15 16:46:12"
"Universal XL | Red","unixl-red","Primary","CB124-3","Bay",400,"yes","no","yes","2025-12-15 16:26:25"
"Universal XL | Red","unixl-red","Primary","CB124-4","Bay",400,"yes","no","yes","2025-12-15 16:19:33"
"Universal XL | Red","unixl-red","Primary","CB120-3","Bay",400,"yes","no","yes","2025-12-15 16:13:29"
"Universal XL | Florida Panthers","c-c-white-nhl-panthers-stripe-xl","Primary","MB168-2","Bin",1,"yes","yes","yes","2025-12-15 15:40:19"
"To-Go Buddy | Clemson Tigers","c-c-orange-ncaa-clemson-stripe-tgb","Primary","MB234-1","Bin",4,"yes","yes","yes","2025-12-15 15:33:19"
"Universal XL | Royal","unixl-royal","Primary","CB114-2","Bay",350,"yes","no","yes","2025-12-15 15:03:16"
"Universal XL | Royal","unixl-royal","Primary","CB114-1","Floor",400,"yes","no","yes","2025-12-15 14:57:53"
"Frost Budz | Iowa Hawkeyes","budz-iowahawkeyes-logo","Primary","MBC103-1","Bin",85,"yes","yes","yes","2025-12-15 14:35:09"
"To-Go Buddy | Washington Huskies","c-c-white-ncaa-washington-stripe-tgb","Primary","MB226-2","Bin",1,"yes","yes","yes","2025-12-15 14:09:24"
"Thicc Buddy 40 | Ice Cream","thicc40-icecream","Primary","MF129-1","Floor",126,"yes","yes","yes","2025-12-15 13:27:52"
"To-Go Buddy | Aurora","togo30-aurora","Primary","MF114-1","Floor",158,"yes","yes","yes","2025-12-15 13:22:44"
"Universal Buddy | White","uni-allwhite","Primary","MN122-2","Bay",600,"yes","no","yes","2025-12-14 23:50:09"
"Thicc Buddy 40oz | Buddy Of The Week | Banana ","c-c-banana-banana-t40","Primary","MB268-3","Bin",6,"yes","yes","yes","2025-12-14 23:36:30"
"Bottle Buddy | Indiana Hoosiers | Big Ten Champions ","c-c-darknight-ncaa-indiana-big1025-bottle32","Primary","MB245-2","Bin",11,"yes","yes","yes","2025-12-14 22:55:44"
"Universal Buddy | Texas A & M Aggies","c-c-black-ncaa-texasam-stripe-uni","Primary","MD134-1","Floor",281,"yes","yes","yes","2025-12-14 20:21:40"
"Universal Buddy | Texas A & M Aggies","c-c-black-ncaa-texasam-stripe-uni","Primary","MD104-1","Floor",700,"yes","yes","yes","2025-12-14 19:39:45"
"To-Go Buddy | UNC Tarheels","c-c-white-ncaa-northcarolina-stripe-tgb","Primary","MB152-2","Bin",1,"yes","yes","yes","2025-12-14 15:47:04"
"Replacement Silicone | Thicc Buddy 40 | Memphis","thicc40rubber-memphis","Primary","MC132-1","Floor",140,"yes","yes","yes","2025-12-14 15:20:06"
"Sports Buddy Bumper Grey / 40oz","Bumper-sports40grey","Primary","MM139-1","Floor",481,"yes","yes","yes","2025-12-14 15:15:17"
"Bottle Buddy 24oz | Oklahoma Sooners | Legacy","bottle24-oklahomalegacy","Primary","MG157-1","Floor",131,"yes","yes","yes","2025-12-14 15:10:31"
"Thicc Buddy 40oz | Oregon Ducks | Legacy","thicc40-oregon3d","Primary","MM151-1","Floor",41,"yes","yes","yes","2025-12-14 15:06:54"
"Bottle Buddy 32oz | Buddy Of The Week | Blueberry ","c-c-icicle-blueberry-bottle32","Primary","MB237-3","Bin",2,"yes","yes","yes","2025-12-14 14:53:53"
"Bottle Buddy | Ohio State Buckeyes | Blackout ","c-c-darknight-ncaa-ohiostate-blackout-bottle32","Primary","MB217-2","Bin",4,"yes","yes","yes","2025-12-14 14:26:32"
"Universal Buddy | Howdy Holiday ","c-c-emeraldelegance-howdyholiday-uni","Primary","MB128-3","Bin",3,"yes","yes","yes","2025-12-14 13:58:58"
"To-Go Buddy | Florida Gators","c-c-royal-ncaa-florida-stripe-tgb","Primary","MB130-3","Bin",2,"yes","yes","yes","2025-12-14 13:53:43"
"Sports Buddy Bumper Lemon / 24oz","sports24bumper-lemon","Primary","MC149-1","Floor",954,"yes","yes","yes","2025-12-14 13:43:21"
"Universal XL | Royal Glitz","unixl-royalglitz","Primary","MM109-1","Floor",336,"yes","yes","yes","2025-12-14 13:37:43"
"Universal Buddy | Houston Cougars","c-c-red-ncaa-houston-stripe-uni","Primary","MB103-2","Bin",1,"yes","yes","yes","2025-12-14 00:44:18"
"To-Go Buddy | OHT Service","c-c-black-oht-salute-tgb","Primary","MB148-3","Bin",1,"yes","yes","yes","2025-12-13 23:54:28"
"Universal Buddy | Greek Life | Alpha Epsilon Pi ","c-l-black-greek-alphaepsilonpi-logo-uni","Primary","MB259-3","Bin",1,"yes","yes","yes","2025-12-13 23:30:38"
"Universal Buddy | Black","uni-black","Primary","MC109-4","Bay",600,"yes","no","yes","2025-12-13 22:10:41"
"To-Go Buddy | Pittsburgh Pirates","c-c-black-mlb-pirates-stripe-tgb","Primary","MB270-3","Bin",1,"yes","yes","yes","2025-12-13 22:09:44"
"Universal Buddy | Black","uni-black","Primary","ML157-2","Bay",600,"yes","no","yes","2025-12-13 22:07:18"
"Universal Buddy | Black","uni-black","Primary","MH125-3","Bay",600,"yes","no","yes","2025-12-13 22:04:02"
"Universal XL | Cincinnati Reds","c-c-red-mlb-reds-stripe-xl","Primary","MB102-2","Bin",1,"yes","yes","yes","2025-12-13 20:41:43"
"Bottle Buddy 24oz | Pencil 24oz","bottle24-pencil","Primary","MF149-1","Floor",254,"yes","yes","yes","2025-12-13 13:36:18"
"Universal XL | Carolina Hurricanes","c-c-red-nhl-hurricanes-stripe-xl","Primary","MB104-3","Bin",1,"yes","yes","yes","2025-12-13 00:42:00"
"To-Go Buddy | Red","togo30-red","Primary","MG111-2","Bay",400,"yes","no","yes","2025-12-13 00:28:31"
"To-Go Buddy | Red","togo30-red","Primary","MG106-2","Bay",400,"yes","no","yes","2025-12-13 00:07:11"
"To-Go Buddy | Red","togo30-red","Primary","MG125-4","Bay",400,"yes","no","yes","2025-12-13 00:04:37"
"To-Go Buddy | Red","togo30-red","Primary","MF153-2","Bay",400,"yes","no","yes","2025-12-13 00:02:02"
"To-Go Buddy | Red","togo30-red","Primary","MG134-2","Bay",400,"yes","no","yes","2025-12-12 23:57:23"
"To-Go Buddy | Red","togo30-red","Primary","ME123-3","Bay",400,"yes","no","yes","2025-12-12 23:57:07"
"Universal Buddy | Ohio State Buckeyes | Night Game ","c-c-darknight-ncaa-ohiostate-blackout-uni","Primary","MB206-2","Bin",5,"yes","yes","yes","2025-12-12 23:30:39"
"To-Go Buddy | Red","togo30-red","Primary","MG134-4","Bay",400,"yes","no","yes","2025-12-12 23:11:23"
"Universal Buddy | FGCU Eagles","c-c-white-ncaa-floridagulfcoast-stripe-uni","Primary","MB310-3","Bin",32,"yes","yes","yes","2025-12-12 22:59:39"
"To-Go Buddy | Red","togo30-red","Primary","MF145-2","Bay",400,"yes","no","yes","2025-12-12 22:48:01"
"Universal Buddy | Georgia Bulldogs | Night Game ","c-c-darknight-ncaa-georgia-blackout-uni","Primary","MB142-3","Bin",1,"yes","yes","yes","2025-12-12 22:45:02"
"Universal Buddy | Gunmetal Glory","uni-gunmetalglory","Primary","ME126-3","Bay",600,"yes","no","yes","2025-12-12 22:24:16"
"Universal Buddy | Gunmetal Glory","uni-gunmetalglory","Primary","MH128-3","Bay",600,"yes","no","yes","2025-12-12 22:00:09"
"Universal Buddy | Gunmetal Glory","uni-gunmetalglory","Primary","ME147-3","Bay",600,"yes","no","yes","2025-12-12 21:59:19"
"Universal Buddy | Clemson Tigers","c-c-orange-ncaa-clemson-stripe-uni","Primary","MB281-3","Bin",12,"yes","yes","yes","2025-12-12 21:04:07"
"Universal Buddy | Gunmetal Glory","uni-gunmetalglory","Primary","ME128-3","Bay",600,"yes","no","yes","2025-12-12 20:54:56"
"Universal Buddy | Gunmetal Glory","uni-gunmetalglory","Primary","MF154-4","Bay",600,"yes","no","yes","2025-12-12 20:52:27"
"Universal Buddy | Gunmetal Glory","uni-gunmetalglory","Primary","MF152-3","Bay",600,"yes","no","yes","2025-12-12 20:49:58"
"Universal Buddy | Gunmetal Glory","uni-gunmetalglory","Primary","MF152-4","Bay",600,"yes","no","yes","2025-12-12 20:45:06"
"Universal Buddy | Gunmetal Glory","uni-gunmetalglory","Primary","MF150-3","Bay",600,"yes","no","yes","2025-12-12 20:42:31"
"Universal Buddy | Gunmetal Glory","uni-gunmetalglory","Primary","MF150-4","Bay",600,"yes","no","yes","2025-12-12 20:34:54"
"Universal Buddy | Gunmetal Glory","uni-gunmetalglory","Primary","MF149-3","Bay",600,"yes","no","yes","2025-12-12 20:33:11"
"Universal Buddy | Gunmetal Glory","uni-gunmetalglory","Primary","MF149-4","Bay",600,"yes","no","yes","2025-12-12 20:21:50"
"Universal Buddy | Gunmetal Glory","uni-gunmetalglory","Primary","MF145-3","Bay",600,"yes","no","yes","2025-12-12 20:19:33"
"Universal Buddy | Gunmetal Glory","uni-gunmetalglory","Primary","MF145-4","Bay",600,"yes","no","yes","2025-12-12 20:06:22"
"Universal Buddy | Gunmetal Glory","uni-gunmetalglory","Primary","MF140-4","Bay",598,"yes","no","yes","2025-12-12 20:04:10"
"Universal Buddy | Red","uni-red1","Primary","MF135-3","Bay",600,"yes","no","yes","2025-12-12 19:41:54"
"Universal Buddy | Red","uni-red1","Primary","MF136-3","Bay",600,"yes","no","yes","2025-12-12 19:37:58"
"Universal Buddy | Red","uni-red1","Primary","ME105-3","Bay",600,"yes","no","yes","2025-12-12 19:16:03"
"Universal Buddy | Red","uni-red1","Primary","MF131-3","Bay",600,"yes","no","yes","2025-12-12 19:09:05"
"Universal Buddy | Red","uni-red1","Primary","MF144-2","Bay",600,"yes","no","yes","2025-12-12 18:58:20"
"To-Go Buddy | National Lampoon's | You Serious Clark? ","c-c-red-natlamp-plaidclark-tgb","Primary","MB217-3","Bin",1,"yes","yes","yes","2025-12-12 18:56:55"
"To-Go Buddy | Ghostbusters | Stay Puft ","c-c-navy-ghostbusters-puft-tgb","Primary","MB218-2","Bin",1,"yes","yes","yes","2025-12-12 18:55:47"
"To-Go Buddy | Buddy Of The Week | Blueberry ","c-c-icicle-blueberry-tgb","Primary","MB210-1","Bin",2,"yes","yes","yes","2025-12-12 18:52:47"
"To-Go Buddy | JMU Dukes","c-c-white-ncaa-jamesmadison-stripe-tgb","Primary","MB135-2","Bin",4,"yes","yes","yes","2025-12-12 18:39:39"
"Universal XL | JMU Dukes","c-c-white-ncaa-jamesmadison-stripe-xl","Primary","MB181-3","Bin",2,"yes","yes","yes","2025-12-12 18:30:53"
"Universal Buddy | Red","uni-red1","Primary","MH139-2","Bay",600,"yes","no","yes","2025-12-12 18:30:40"
"Universal Buddy | Red","uni-red1","Primary","MG107-3","Bay",600,"yes","no","yes","2025-12-12 18:29:43"
"Universal Buddy | Red","uni-red1","Primary","MI121-3","Bay",600,"yes","no","yes","2025-12-12 18:26:58"
"Universal Buddy | Red","uni-red1","Primary","MI141-4","Bay",600,"yes","no","yes","2025-12-12 18:24:19"
"Universal Buddy | Red","uni-red1","Primary","ME129-2","Bay",600,"yes","no","yes","2025-12-12 18:23:29"
"Universal Buddy | Red","uni-red1","Primary","ME145-2","Bay",600,"yes","no","yes","2025-12-12 18:19:25"
"Universal Buddy | Red","uni-red1","Primary","ME103-4","Bay",600,"yes","no","yes","2025-12-12 18:19:14"
"Universal Buddy | Red","uni-red1","Primary","ME134-2","Bay",600,"yes","no","yes","2025-12-12 18:15:02"
"Universal Buddy | Red","uni-red1","Primary","MK133-4","Bay",600,"yes","no","yes","2025-12-12 18:13:08"
"Universal Buddy | Red","uni-red1","Primary","ME132-2","Bay",600,"yes","no","yes","2025-12-12 18:12:02"
"Universal Buddy | Red","uni-red1","Primary","MH124-4","Bay",600,"yes","no","yes","2025-12-12 18:07:38"
"Universal Buddy | Red","uni-red1","Primary","ME131-2","Bay",600,"yes","no","yes","2025-12-12 18:06:15"
"Universal XL | Oklahoma Sooners","c-c-crimson-ncaa-oklahoma-stripe-xl","Primary","MB122-3","Bin",1,"yes","yes","yes","2025-12-12 18:00:04"
"Universal Buddy | Purple","uni-purple","Primary","MD143-2","Bay",600,"yes","no","yes","2025-12-12 17:41:23"
"Universal Buddy | Purple","uni-purple","Primary","ME133-2","Bay",600,"yes","no","yes","2025-12-12 17:37:06"
"Universal Buddy | Purple","uni-purple","Primary","MH142-2","Bay",600,"yes","no","yes","2025-12-12 16:50:26"
"Universal Buddy | Purple","uni-purple","Primary","MG129-3","Bay",600,"yes","no","yes","2025-12-12 16:39:45"
"Universal Buddy | Purple","uni-purple","Primary","MG129-2","Bay",600,"yes","no","yes","2025-12-12 16:33:01"
"Universal Buddy | Purple","uni-purple","Primary","MC123-4","Bay",600,"yes","no","yes","2025-12-12 16:17:40"
"Universal Buddy | Purple","uni-purple","Primary","MF132-3","Bay",600,"yes","no","yes","2025-12-12 16:13:27"
"Universal Buddy | Purple","uni-purple","Primary","MF148-4","Bay",600,"yes","no","yes","2025-12-12 16:07:59"
"Universal Buddy | Purple","uni-purple","Primary","ME143-3","Bay",600,"yes","no","yes","2025-12-12 16:01:15"
"Bottle Buddy 32oz | Ohio State Buckeyes ","bottle32-black-ncaa-ohiostate-stripe","Primary","MG104-1","Floor",1,"yes","yes","yes","2025-12-12 15:57:05"
"Universal Buddy | Purple","uni-purple","Primary","ME165-4","Bay",600,"yes","no","yes","2025-12-12 15:49:15"
"Thicc Buddy 40oz | LSU Tigers | Legacy","thicc40-lsu3d","Primary","MN138-1","Floor",6,"yes","yes","yes","2025-12-12 15:46:40"
"Universal Buddy | Purple","uni-purple","Primary","MF153-3","Bay",600,"yes","no","yes","2025-12-12 15:43:29"
"Charm Thicc Buddy 40 | Cream","charmt40-cream","Primary","MI117-1","Floor",89,"yes","yes","yes","2025-12-12 15:42:29"
"Thicc Buddy 40oz | Florida State Seminoles | Legacy","thicc40-floridastate3d","Primary","MK103-1","Floor",30,"yes","yes","yes","2025-12-12 15:39:24"
"Universal Buddy | Purple","uni-purple","Primary","ME145-4","Bay",600,"yes","no","yes","2025-12-12 15:37:57"
"Universal Buddy | Kentucky Wildcats","uni-royal-ncaa-kentucky-stripe","Primary","MF131-1","Floor",339,"yes","yes","yes","2025-12-12 15:36:29"
"Thicc Buddy 40oz | Illinois Fighting Illini | Legacy","thicc40-illinois3d","Primary","ML149-1","Floor",103,"yes","yes","yes","2025-12-12 15:29:52"
"Universal Buddy | Purple","uni-purple","Primary","MF122-2","Bay",600,"yes","no","yes","2025-12-12 15:25:30"
"Universal Buddy | Purple","uni-purple","Primary","MD124-2","Bay",600,"yes","no","yes","2025-12-12 15:18:22"
"Universal Buddy | Purple","uni-purple","Primary","ME148-3","Bay",600,"yes","no","yes","2025-12-12 15:14:41"
"Universal Buddy | Stainless","uni-stainless","Primary","ME153-1","Floor",178,"yes","yes","yes","2025-12-12 14:52:48"
"To-Go Buddy | Boise State Broncos","c-c-royal-ncaa-boisestate-stripe-tgb","Primary","MB123-3","Bin",1,"yes","yes","yes","2025-12-12 14:51:00"
"Universal Buddy | Purple","uni-purple","Primary","MI141-3","Bay",600,"yes","no","yes","2025-12-12 14:48:43"
"Universal Buddy | Purple","uni-purple","Primary","MF114-4","Bay",600,"yes","no","yes","2025-12-12 14:41:48"
"Thicc Buddy | Silver Sleigh 40oz","thicc40-silversleigh","Primary","MD110-1","Floor",33,"yes","yes","yes","2025-12-12 14:39:29"
"Universal Buddy | Florida Gators","c-c-black-ncaa-florida-stripe-uni","Primary","MB132-2","Bin",1,"yes","yes","yes","2025-12-12 14:29:20"
"Universal Buddy | Purple","uni-purple","Primary","MK163-4","Bay",600,"yes","no","yes","2025-12-12 14:27:04"
"Universal Buddy | Purple","uni-purple","Primary","MO121-3","Bay",100,"yes","no","yes","2025-12-12 14:15:39"
"Bottle Buddy 32 | Cosmic Drip ","bottle32-cosmicdrip","Primary","MI157-1","Floor",206,"yes","yes","yes","2025-12-12 14:08:08"
"Universal Buddy | Purple","uni-purple","Primary","MH140-3","Bay",600,"yes","no","yes","2025-12-12 14:08:02"
"Universal Buddy | Purple","uni-purple","Primary","MJ104-2","Bay",600,"yes","no","yes","2025-12-12 14:02:19"
"Universal Buddy | Purple","uni-purple","Primary","MK162-3","Bay",600,"yes","no","yes","2025-12-12 13:57:43"
"Universal Buddy | Purple","uni-purple","Primary","MJ101-3","Bay",600,"yes","no","yes","2025-12-12 13:49:06"
"To-Go Buddy | Nebraska Cornhuskers","c-c-red-ncaa-nebraska-stripe-tgb","Primary","MB112-3","Bin",9,"yes","yes","yes","2025-12-12 13:40:00"
"Thicc Buddy 40 | Emerald Elegance","thicc40-emerald","Primary","MK125-1","Floor",71,"yes","yes","yes","2025-12-12 13:35:58"
"Universal Buddy | Gunmetal Glory","uni-gunmetalglory","Primary","ML164-3","Bay",600,"yes","no","yes","2025-12-11 23:59:39"
"Universal Buddy | Gunmetal Glory","uni-gunmetalglory","Primary","ML151-3","Bay",600,"yes","no","yes","2025-12-11 23:40:40"
"Universal Buddy | Gunmetal Glory","uni-gunmetalglory","Primary","ML151-2","Bay",600,"yes","no","yes","2025-12-11 23:37:38"
"Universal Buddy | Black","uni-black","Primary","ML157-3","Bay",600,"yes","no","yes","2025-12-11 23:27:31"
"Universal Buddy | Black","uni-black","Primary","MC142-4","Bay",600,"yes","no","yes","2025-12-11 23:22:31"
"Universal Buddy | Black","uni-black","Primary","MC144-4","Bay",600,"yes","no","yes","2025-12-11 23:21:48"
"Universal XL | Ottawa Senators","c-c-red-nhl-senators-stripe-xl","Primary","MB145-1","Bin",1,"yes","yes","yes","2025-12-11 23:21:04"
"Universal Buddy | Black","uni-black","Primary","ML147-3","Bay",600,"yes","no","yes","2025-12-11 23:14:17"
"Universal Buddy | Black","uni-black","Primary","ML145-2","Bay",600,"yes","no","yes","2025-12-11 23:11:18"
"Thicc Buddy 40 | Nebula","thicc40-nebula","Primary","CB104-1","Floor",144,"yes","no","yes","2025-12-11 22:38:43"
"Universal Buddy | Black","uni-black","Primary","ML141-2","Bay",600,"yes","no","yes","2025-12-11 22:38:14"
"Universal XL | Dark Night","unixl-darknight","Primary","CB126-1","Floor",400,"yes","no","yes","2025-12-11 22:29:20"
"Universal Buddy | Black","uni-black","Primary","ML153-2","Bay",600,"yes","no","yes","2025-12-11 22:28:02"
"Universal Buddy | Black","uni-black","Primary","ML147-2","Bay",600,"yes","no","yes","2025-12-11 22:25:41"
"Universal Buddy | UNC Tarheels ","uni-carolinablue-ncaa-northcarolina-stripe","Primary","CD124-3","Bay",600,"yes","no","yes","2025-12-11 22:20:22"
"Universal XL | Rocky Top","unixl-rockytop","Primary","CB120-1","Floor",200,"yes","no","yes","2025-12-11 22:15:34"
"Bottle Buddy | Black","bottle32-black","Primary","CA102-1","Floor",240,"yes","no","yes","2025-12-11 21:58:50"
"Universal XL | San Diego State Aztecs","c-c-black-ncaa-sandiegostate-stripe-xl","Primary","MB146-2","Bin",1,"yes","yes","yes","2025-12-11 21:56:18"
"To-Go Buddy | Aurora","togo30-aurora","Primary","MJ106-3","Bay",400,"yes","no","yes","2025-12-11 21:55:08"
"Bottle Buddy | Crimson","bottle32-crimson","Primary","CA118-1","Floor",240,"yes","no","yes","2025-12-11 21:50:35"
"Universal Buddy | Black","uni-black","Primary","MK148-3","Bay",600,"yes","no","yes","2025-12-11 21:39:06"
"Universal Buddy | Black","uni-black","Primary","MK146-3","Bay",600,"yes","no","yes","2025-12-11 21:35:43"
"Universal Buddy | Black","uni-black","Primary","MD126-3","Bay",600,"yes","no","yes","2025-12-11 20:47:06"
"Universal Buddy | Black","uni-black","Primary","MK152-3","Bay",600,"yes","no","yes","2025-12-11 20:30:07"
"Thicc Buddy 40 | Emerald Elegance","thicc40-emerald","Primary","CC125-3","Bay",144,"yes","no","yes","2025-12-11 20:14:51"
"Thicc Buddy 40 | Emerald Elegance","thicc40-emerald","Primary","CC127-3","Bay",144,"yes","no","yes","2025-12-11 20:14:30"
"Thicc Buddy 40 | Emerald Elegance","thicc40-emerald","Primary","CC131-3","Bay",144,"yes","no","yes","2025-12-11 20:09:45"
"Thicc Buddy 40 | Emerald Elegance","thicc40-emerald","Primary","CC127-2","Bay",144,"yes","no","yes","2025-12-11 20:08:01"
"Universal Buddy | Black","uni-black","Primary","MI146-4","Bay",600,"yes","no","yes","2025-12-11 19:55:31"
"Universal Buddy | Black","uni-black","Primary","MI148-4","Bay",600,"yes","no","yes","2025-12-11 19:55:03"
"Thicc Buddy 40 | Emerald Elegance","thicc40-emerald","Primary","CC131-2","Bay",144,"yes","no","yes","2025-12-11 19:49:27"
"Thicc Buddy 40 | Emerald Elegance","thicc40-emerald","Primary","CC133-2","Bay",144,"yes","no","yes","2025-12-11 19:48:47"
"Thicc Buddy 40 | Emerald Elegance","thicc40-emerald","Primary","CC135-3","Bay",144,"yes","no","yes","2025-12-11 19:46:53"
"Thicc Buddy 40 | Emerald Elegance","thicc40-emerald","Primary","CC135-4","Bay",144,"yes","no","yes","2025-12-11 19:46:22"
"Thicc Buddy 40 | Emerald Elegance","thicc40-emerald","Primary","CC114-3","Bay",144,"yes","no","yes","2025-12-11 19:36:17"
"Thicc Buddy 40 | Emerald Elegance","thicc40-emerald","Primary","CC116-3","Bay",144,"yes","no","yes","2025-12-11 19:35:53"
"Thicc Buddy 40 | Emerald Elegance","thicc40-emerald","Primary","CC131-4","Bay",144,"yes","no","yes","2025-12-11 19:33:11"
"Thicc Buddy 40 | Emerald Elegance","thicc40-emerald","Primary","CC124-4","Bay",144,"yes","no","yes","2025-12-11 19:31:23"
"Universal Buddy | Black","uni-black","Primary","MJ160-4","Bay",600,"yes","no","yes","2025-12-11 19:02:59"
"Universal Buddy | Black","uni-black","Primary","MJ162-4","Bay",600,"yes","no","yes","2025-12-11 19:01:56"
"Thicc Buddy 40 | Emerald Elegance","thicc40-emerald","Primary","CC126-4","Bay",144,"yes","no","yes","2025-12-11 18:22:33"
"Thicc Buddy 40 | Emerald Elegance","thicc40-emerald","Primary","CC128-4","Bay",144,"yes","no","yes","2025-12-11 18:22:05"
"Thicc Buddy 40 | Emerald Elegance","thicc40-emerald","Primary","CC128-2","Bay",144,"yes","no","yes","2025-12-11 18:14:19"
"Thicc Buddy 40 | Emerald Elegance","thicc40-emerald","Primary","CC130-4","Bay",144,"yes","no","yes","2025-12-11 18:13:56"
"Thicc Buddy 40 | Emerald Elegance","thicc40-emerald","Primary","CC130-2","Bay",144,"yes","no","yes","2025-12-11 18:13:17"
"Thicc Buddy 40 | Emerald Elegance","thicc40-emerald","Primary","CC134-4","Bay",144,"yes","no","yes","2025-12-11 17:40:35"
"Thicc Buddy 40 | Emerald Elegance","thicc40-emerald","Primary","CC134-3","Bay",144,"yes","no","yes","2025-12-11 17:40:12"
"Universal Buddy | Black","uni-black","Primary","ME150-3","Bay",600,"yes","no","yes","2025-12-11 17:38:42"
"Thicc Buddy 40 | Emerald Elegance","thicc40-emerald","Primary","CC136-4","Bay",144,"yes","no","yes","2025-12-11 17:37:13"
"Thicc Buddy 40 | Emerald Elegance","thicc40-emerald","Primary","CC136-3","Bay",144,"yes","no","yes","2025-12-11 17:36:49"
"Thicc Buddy 40 | Emerald Elegance","thicc40-emerald","Primary","CC136-2","Bay",144,"yes","no","yes","2025-12-11 17:24:33"
"Thicc Buddy 40 | Emerald Elegance","thicc40-emerald","Primary","CC140-4","Bay",144,"yes","no","yes","2025-12-11 17:21:28"
"Thicc Buddy 40 | Emerald Elegance","thicc40-emerald","Primary","CC118-4","Bay",144,"yes","no","yes","2025-12-11 17:14:20"
"Universal Buddy | Crimson","uni-crimson","Primary","CA111-2","Bay",600,"yes","no","yes","2025-12-11 17:14:05"
"Thicc Buddy 40 | Emerald Elegance","thicc40-emerald","Primary","CC118-3","Bay",144,"yes","no","yes","2025-12-11 17:13:49"
"Universal Buddy | Black","uni-black","Primary","MC144-3","Bay",600,"yes","no","yes","2025-12-11 17:09:15"
"Universal Buddy | Black","uni-black","Primary","MC160-3","Bay",600,"yes","no","yes","2025-12-11 17:04:17"
"Thicc Buddy 40 | Emerald Elegance","thicc40-emerald","Primary","CC102-3","Bay",144,"yes","no","yes","2025-12-11 17:02:56"
"Thicc Buddy 40 | Emerald Elegance","thicc40-emerald","Primary","CC106-2","Bay",144,"yes","no","yes","2025-12-11 17:01:24"
"Universal Buddy | Navy","Uni-Navy","Primary","MC159-3","Bay",600,"yes","no","yes","2025-12-11 16:58:12"
"Thicc Buddy 40 | Emerald Elegance","thicc40-emerald","Primary","CD134-3","Bay",144,"yes","no","yes","2025-12-11 16:56:46"
"Universal Buddy | Black","uni-black","Primary","ME150-2","Bay",600,"yes","no","yes","2025-12-11 16:56:01"
"Thicc Buddy 40 | Emerald Elegance","thicc40-emerald","Primary","CD138-3","Bay",144,"yes","no","yes","2025-12-11 16:55:07"
"Universal Buddy | Navy","Uni-Navy","Primary","CA121-3","Bay",600,"yes","no","yes","2025-12-11 16:54:13"
"Universal Buddy | Navy","Uni-Navy","Primary","CA121-2","Bay",600,"yes","no","yes","2025-12-11 16:53:54"
"Universal Buddy | Black","uni-black","Primary","MF118-2","Bay",600,"yes","no","yes","2025-12-11 16:52:26"
"Universal Buddy | Navy","Uni-Navy","Primary","CA123-3","Bay",600,"yes","no","yes","2025-12-11 16:42:33"
"Chubby Buddy | Mexico","chub-mexico","Primary","MP152-1","Floor",541,"yes","yes","yes","2025-12-11 14:49:42"
"Thicc Buddy 40 | Nebula (old lid)","thicc40-nebula-oldlid","Primary","ML109-3","Bay",144,"yes","no","yes","2025-12-11 02:17:27"
"Thicc Buddy 40 | Nebula (old lid)","thicc40-nebula-oldlid","Primary","ML103-4","Bay",144,"yes","no","yes","2025-12-11 02:16:20"
"Thicc Buddy 40 | Nebula (old lid)","thicc40-nebula-oldlid","Primary","ML103-3","Bay",144,"yes","no","yes","2025-12-11 02:15:59"
"Thicc Buddy 40 | Nebula (old lid)","thicc40-nebula-oldlid","Primary","ML101-4","Bay",144,"yes","no","yes","2025-12-11 02:15:07"
"Thicc Buddy 40 | Nebula (old lid)","thicc40-nebula-oldlid","Primary","MK159-4","Bay",144,"yes","no","yes","2025-12-11 02:07:50"
"Thicc Buddy 40 | Nebula (old lid)","thicc40-nebula-oldlid","Primary","MK161-4","Bay",144,"yes","no","yes","2025-12-11 02:07:28"
"Thicc Buddy 40 | Nebula (old lid)","thicc40-nebula-oldlid","Primary","MJ106-4","Bay",144,"yes","no","yes","2025-12-11 02:01:47"
"Thicc Buddy 40 | Nebula (old lid)","thicc40-nebula-oldlid","Primary","MJ104-4","Bay",144,"yes","no","yes","2025-12-11 02:01:18"
"Thicc Buddy 40 | Nebula (old lid)","thicc40-nebula-oldlid","Primary","MD144-3","Bay",144,"yes","no","yes","2025-12-11 01:52:51"
"Thicc Buddy 40 | Nebula (old lid)","thicc40-nebula-oldlid","Primary","MD142-3","Bay",144,"yes","no","yes","2025-12-11 01:52:24"
"Thicc Buddy 40 | Nebula (old lid)","thicc40-nebula-oldlid","Primary","MD134-3","Bay",144,"yes","no","yes","2025-12-11 01:46:20"
"Thicc Buddy 40 | Nebula (old lid)","thicc40-nebula-oldlid","Primary","MD136-3","Bay",144,"yes","no","yes","2025-12-11 01:45:55"
"Thicc Buddy 40 | Nebula (old lid)","thicc40-nebula-oldlid","Primary","MJ159-2","Bay",144,"yes","no","yes","2025-12-11 00:58:59"
"Thicc Buddy 40 | Nebula (old lid)","thicc40-nebula-oldlid","Primary","MJ161-2","Bay",143,"yes","no","yes","2025-12-11 00:58:39"
"Universal Buddy | Arkansas Razorbacks","c-c-black-ncaa-arkansas-stripe-uni","Primary","MB121-2","Bin",9,"yes","yes","yes","2025-12-11 00:58:14"
"Thicc Buddy 40 | Nebula","thicc40-nebula","Primary","MC111-4","Bay",144,"yes","no","yes","2025-12-11 00:31:31"
"Thicc Buddy 40 | Nebula","thicc40-nebula","Primary","MC113-4","Bay",144,"yes","no","yes","2025-12-11 00:31:02"
"To-Go Buddy | White","togo30-white","Primary","ME147-2","Bay",400,"yes","no","yes","2025-12-11 00:26:16"
"To-Go Buddy | White","togo30-white","Primary","MC117-3","Bay",400,"yes","no","yes","2025-12-11 00:15:19"
"Thicc Buddy 40 | Nebula (old lid)","thicc40-nebula-oldlid","Primary","MJ108-4","Bay",144,"yes","no","yes","2025-12-11 00:13:05"
"To-Go Buddy | White","togo30-white","Primary","MC121-4","Bay",400,"yes","no","yes","2025-12-11 00:12:53"
"Thicc Buddy 40 | Nebula (old lid)","thicc40-nebula-oldlid","Primary","MC128-4","Bay",144,"yes","no","yes","2025-12-11 00:05:10"
"Thicc Buddy 40 | Nebula (old lid)","thicc40-nebula-oldlid","Primary","MC126-4","Bay",144,"yes","no","yes","2025-12-11 00:04:50"
"To-Go Buddy | White","togo30-white","Primary","MD150-2","Bay",400,"yes","no","yes","2025-12-11 00:02:05"
"To-Go Buddy | White","togo30-white","Primary","MD148-2","Bay",400,"yes","no","yes","2025-12-10 23:59:35"
"Thicc Buddy 40 | Nebula (old lid)","thicc40-nebula-oldlid","Primary","MC137-4","Bay",144,"yes","no","yes","2025-12-10 23:54:40"
"To-Go Buddy | White","togo30-white","Primary","MD141-2","Bay",400,"yes","no","yes","2025-12-10 23:52:05"
"To-Go Buddy | White","togo30-white","Primary","MD136-2","Bay",400,"yes","no","yes","2025-12-10 23:49:16"
"Thicc Buddy 40 | Nebula","thicc40-nebula","Primary","MC135-3","Bay",144,"yes","no","yes","2025-12-10 23:49:16"
"To-Go Buddy | White","togo30-white","Primary","MO117-2","Bay",400,"yes","no","yes","2025-12-10 23:40:00"
"To-Go Buddy | White","togo30-white","Primary","MO123-2","Bay",400,"yes","no","yes","2025-12-10 23:23:57"
"To-Go Buddy | White","togo30-white","Primary","MO110-3","Bay",400,"yes","no","yes","2025-12-10 23:07:50"
"To-Go Buddy | White","togo30-white","Primary","MO110-2","Bay",400,"yes","no","yes","2025-12-10 22:59:08"
"Thicc Buddy 40 | Nebula (old lid)","thicc40-nebula-oldlid","Primary","MI104-2","Bay",144,"yes","no","yes","2025-12-10 22:38:04"
"Thicc Buddy 40 | Nebula (old lid)","thicc40-nebula-oldlid","Primary","MI102-2","Bay",144,"yes","no","yes","2025-12-10 22:37:41"
"To-Go Buddy | White","togo30-white","Primary","CG119-3","Bay",400,"yes","no","yes","2025-12-10 22:37:04"
"To-Go Buddy | White","togo30-white","Primary","MO122-2","Bay",400,"yes","no","yes","2025-12-10 22:35:55"
"To-Go Buddy | White","togo30-white","Primary","CG119-2","Bay",400,"yes","no","yes","2025-12-10 22:35:45"
"Thicc Buddy 40 | Nebula (old lid)","thicc40-nebula-oldlid","Primary","ME103-2","Bay",144,"yes","no","yes","2025-12-10 22:21:53"
"To-Go Buddy | White","togo30-white","Primary","CE117-3","Bay",400,"yes","no","yes","2025-12-10 22:21:50"
"Thicc Buddy 40 | Nebula (old lid)","thicc40-nebula-oldlid","Primary","ME101-4","Bay",144,"yes","no","yes","2025-12-10 22:21:27"
"To-Go Buddy | White","togo30-white","Primary","MO124-2","Bay",400,"yes","no","yes","2025-12-10 22:21:15"
"To-Go Buddy | White","togo30-white","Primary","CE125-3","Bay",400,"yes","no","yes","2025-12-10 22:19:28"
"To-Go Buddy | White","togo30-white","Primary","MN104-3","Bay",400,"yes","no","yes","2025-12-10 22:12:21"
"To-Go Buddy | White","togo30-white","Primary","CE125-2","Bay",400,"yes","no","yes","2025-12-10 22:05:10"
"To-Go Buddy | White","togo30-white","Primary","MF125-3","Bay",400,"yes","no","yes","2025-12-10 22:03:50"
"To-Go Buddy | White","togo30-white","Primary","MF123-3","Bay",400,"yes","no","yes","2025-12-10 22:03:13"
"To-Go Buddy | White","togo30-white","Primary","CE105-2","Bay",400,"yes","no","yes","2025-12-10 21:58:03"
"To-Go Buddy | White","togo30-white","Primary","MO127-2","Bay",395,"yes","no","yes","2025-12-10 21:56:36"
"To-Go Buddy | White","togo30-white","Primary","MH154-3","Bay",400,"yes","no","yes","2025-12-10 21:52:40"
"To-Go Buddy | White","togo30-white","Primary","MH156-3","Bay",400,"yes","no","yes","2025-12-10 21:52:09"
"To-Go Buddy | White","togo30-white","Primary","MK153-2","Bay",400,"yes","no","yes","2025-12-10 21:50:05"
"To-Go Buddy | White","togo30-white","Primary","MK161-2","Bay",400,"yes","no","yes","2025-12-10 21:48:35"
"To-Go Buddy | White","togo30-white","Primary","MD161-2","Bay",400,"yes","no","yes","2025-12-10 21:46:24"
"To-Go Buddy | White","togo30-white","Primary","MD163-2","Bay",400,"yes","no","yes","2025-12-10 21:46:00"
"To-Go Buddy | White","togo30-white","Primary","CE128-2","Bay",400,"yes","no","yes","2025-12-10 21:40:45"
"To-Go Buddy | White","togo30-white","Primary","MO128-2","Bay",400,"yes","no","yes","2025-12-10 21:38:48"
"To-Go Buddy | White","togo30-white","Primary","CE112-2","Bay",400,"yes","no","yes","2025-12-10 21:38:15"
"To-Go Buddy | White","togo30-white","Primary","MF131-2","Bay",400,"yes","no","yes","2025-12-10 21:36:59"
"To-Go Buddy | White","togo30-white","Primary","MF129-2","Bay",400,"yes","no","yes","2025-12-10 21:36:36"
"To-Go Buddy | Black","togo30-black","Primary","CF130-2","Bay",400,"yes","no","yes","2025-12-10 21:20:17"
"To-Go Buddy | Black","togo30-black","Primary","CF139-3","Bay",400,"yes","no","yes","2025-12-10 20:52:06"
"To-Go Buddy | Black","togo30-black","Primary","CD137-3","Bay",400,"yes","no","yes","2025-12-10 20:42:14"
"To-Go Buddy | Black","togo30-black","Primary","CC124-3","Bay",400,"yes","no","yes","2025-12-10 20:39:40"
"unboxed thicc40 | Rockytop","thicc40-rockytop-unboxed","Primary","PS167-1","Flow",40,"yes","no","yes","2025-12-10 20:32:56"
"To-Go Buddy | Black","togo30-black","Primary","CC116-2","Bay",400,"yes","no","yes","2025-12-10 20:20:01"
"To-Go Buddy | Black","togo30-black","Primary","CF131-3","Bay",400,"yes","no","yes","2025-12-10 20:12:10"
"To-Go Buddy | Black","togo30-black","Primary","CC120-2","Bay",400,"yes","no","yes","2025-12-10 17:58:44"
"To-Go Buddy | Black","togo30-black","Primary","CB124-2","Bay",400,"yes","no","yes","2025-12-10 17:51:55"
"To-Go Buddy | Black","togo30-black","Primary","CA135-2","Bay",400,"yes","no","yes","2025-12-10 17:49:25"
"To-Go Buddy | Black","togo30-black","Primary","CC124-2","Bay",400,"yes","no","yes","2025-12-10 16:52:55"
"To-Go Buddy | Black","togo30-black","Primary","CC115-2","Bay",400,"yes","no","yes","2025-12-10 16:51:40"
"To-Go Buddy | White","togo30-white","Primary","ME147-4","Bay",400,"yes","no","yes","2025-12-10 16:24:51"
"To-Go Buddy | Black","togo30-black","Primary","CD103-2","Bay",400,"yes","no","yes","2025-12-10 16:22:18"
"To-Go Buddy | Black","togo30-black","Primary","MK155-2","Bay",400,"yes","no","yes","2025-12-10 16:17:11"
"To-Go Buddy | Black","togo30-black","Primary","MK154-2","Bay",400,"yes","no","yes","2025-12-10 16:15:56"
"To-Go Buddy | Black","togo30-black","Primary","MC141-4","Bay",400,"yes","no","yes","2025-12-10 15:45:24"
"To-Go Buddy | Black","togo30-black","Primary","MC143-4","Bay",400,"yes","no","yes","2025-12-10 15:45:02"
"Thicc Buddy 40 | I Scream For Ice Cream","thicc40-iscream4icecream","Primary","CD133-2","Bay",144,"yes","no","yes","2025-12-10 15:29:05"
"Bottle Buddy 32oz | New York Yankees ","bottle32-white-mlb-yankees-stripe","Primary","MF101-1","Floor",129,"yes","yes","yes","2025-12-10 13:50:38"
"Thicc Buddy 40 | Champagne Glitz","thicc40-champagneglitz","Primary","ME139-4","Bay",144,"yes","no","yes","2025-12-10 03:13:35"
"Thicc Buddy 40 | Champagne Glitz","thicc40-champagneglitz","Primary","ME140-3","Bay",144,"yes","no","yes","2025-12-10 02:58:51"
"Thicc Buddy 40 | Luxe Latte","thicc40-luxelatte","Primary","CD136-2","Bay",144,"yes","no","yes","2025-12-09 22:22:53"
"Thicc Buddy 16oz | Check The Halls ","thicc16-checkthehalls","Primary","CD107-2","Bay",120,"yes","no","yes","2025-12-09 22:12:51"
"Thicc Buddy 40 | Luxe Latte","thicc40-luxelatte","Primary","MH109-4","Bay",144,"yes","no","yes","2025-12-09 22:02:44"
"Thicc Buddy 40 | Margaritaville | Tropic like it's Hot 40oz","c-c-white-margaritaville-pineapple-t40","Primary","MB257-3","Bin",6,"yes","yes","yes","2025-12-09 20:17:08"
"Thicc Buddy 16oz | Check The Halls ","thicc16-checkthehalls","Primary","MN137-1","Floor",63,"yes","yes","yes","2025-12-09 20:08:35"
"Thicc Buddy 40 | Nebula (old lid)","thicc40-nebula-oldlid","Primary","MG118-2","Bay",81,"yes","no","yes","2025-12-09 18:25:50"
"Unboxed Bottle Buddy | White","bottle32-white-unboxed","Primary","PS161-1","Flow",21,"yes","no","yes","2025-12-09 18:24:54"
"Universal Buddy | Alabama Crimson Tide | Legacy","uni-alabama3d","Primary","CC107-2","Bay",600,"yes","no","yes","2025-12-09 18:12:24"
"Thicc Buddy 40 | Luxe Latte","thicc40-luxelatte","Primary","CD123-2","Bay",44,"yes","no","yes","2025-12-09 17:19:18"
"To-Go Buddy | Check The Halls","togo30-checkthehalls","Primary","MM166-1","Floor",92,"yes","yes","yes","2025-12-09 16:53:37"
"Thicc Buddy 40 | Check The Halls","thicc40-checkthehalls","Primary","MI142-1","Floor",89,"yes","yes","yes","2025-12-09 16:46:02"
"Universal XL | Champagne Glitz","unixl-champagneglitz","Primary","MJ152-1","Floor",209,"yes","yes","yes","2025-12-09 16:27:27"
"Thicc Buddy | Alabama Crimson Tide | Drip 40oz","thicc40-alabamadrip","Primary","MI133-1","Floor",42,"yes","yes","yes","2025-12-09 15:34:51"
"Custom Product for CS Thicc Buddy 40 | Nebula","corp-nebula-t40","Primary","Corporate Processing","",2,"yes","yes","yes","2025-12-09 15:09:47"
"Universal XL | Purple Glitz","unixl-purpleglitz","Primary","MG131-1","Floor",159,"yes","yes","yes","2025-12-09 14:45:29"
"Universal Buddy | Kentucky Wildcats | Legacy","uni-kentucky3d","Primary","MI135-1","Floor",252,"yes","yes","yes","2025-12-09 14:01:45"
"Bottle Buddy 24 | Nebula","bottle24-nebula","Primary","MJ159-1","Floor",7,"yes","yes","yes","2025-12-09 13:54:00"
"Thicc Buddy 40 | Royal","thicc40-royal","Primary","MM158-1","Floor",5,"yes","yes","yes","2025-12-09 13:45:11"
"To-Go Buddy | Gunmetal Glory","togo30-gunmetalglory","Primary","MJ111-1","Floor",56,"yes","yes","yes","2025-12-09 13:34:07"
"Thicc Buddy 40 | National Lampoon's | Cousin Eddie’s Surprise ","c-c-darknight-natlamp-shtfullpattern-t40","Primary","MB237-1","Bin",5,"yes","yes","yes","2025-12-09 12:59:43"
"Thicc Buddy 40oz | Ohio State","c-c-black-ncaa-ohiostate-logo-t40","Primary","MA106-1","Floor ",2,"yes","yes","yes","2025-12-09 00:01:31"
"Christmas Mystery Buddy Box 2025 ","christmas-mystery-2025","Primary","MD111-2","Bay",63,"yes","no","yes","2025-12-08 23:30:21"
"Christmas Mystery Buddy Box 2025 ","christmas-mystery-2025","Primary","MC135-2","Bay",63,"yes","no","yes","2025-12-08 22:47:03"
"Christmas Mystery Buddy Box 2025 ","christmas-mystery-2025","Primary","MC140-2","Bay",51,"yes","no","yes","2025-12-08 22:43:55"
"Christmas Mystery Buddy Box 2025 ","christmas-mystery-2025","Primary","MC139-2","Bay",63,"yes","no","yes","2025-12-08 22:20:51"
"Bottle Buddy | Oklahoma State Cowboys","c-c-black-ncaa-oklahomastate-stripe-bottle32","Primary","MA114-1","Floor ",20,"yes","yes","yes","2025-12-08 21:56:01"
"Universal Buddy | Royal","uni-royal","Primary","CA113-1","Floor",800,"yes","no","yes","2025-12-08 21:22:32"
"Thicc Buddy 40 | Nebula (old lid)","thicc40-nebula-oldlid","Primary","MC147-4","Bay",144,"yes","no","yes","2025-12-08 21:00:51"
"Thicc Buddy 40 | Nebula (old lid)","thicc40-nebula-oldlid","Primary","MC147-2","Bay",144,"yes","no","yes","2025-12-08 21:00:07"
"Thicc Buddy 40 | Nebula (old lid)","thicc40-nebula-oldlid","Primary","MC151-4","Bay",144,"yes","no","yes","2025-12-08 20:56:38"
"Thicc Buddy 40 | Nebula","thicc40-nebula","Primary","MC154-2","Bay",144,"yes","no","yes","2025-12-08 20:42:53"
"Thicc Buddy 40 | Nebula","thicc40-nebula","Primary","ME155-4","Bay",143,"yes","no","yes","2025-12-08 20:30:40"
"Thicc Buddy 40 | Nebula","thicc40-nebula","Primary","ME155-3","Bay",144,"yes","no","yes","2025-12-08 20:29:12"
"Universal Buddy | Black","uni-black","Primary","MC163-3","Bay",600,"yes","no","yes","2025-12-08 18:49:43"
"Universal Buddy | Black","uni-black","Primary","MC153-4","Bay",600,"yes","no","yes","2025-12-08 18:43:42"
"Universal Buddy | Black","uni-black","Primary","MC161-4","Bay",600,"yes","no","yes","2025-12-08 18:39:21"
"Universal Buddy | Black","uni-black","Primary","MC159-4","Bay",600,"yes","no","yes","2025-12-08 18:36:01"
"Universal Buddy | Black","uni-black","Primary","MC155-4","Bay",600,"yes","no","yes","2025-12-08 18:34:22"
"Universal Buddy | Black","uni-black","Primary","MD115-4","Bay",600,"yes","no","yes","2025-12-08 18:20:37"
"Universal Buddy | Black","uni-black","Primary","MG167-4","Bay",600,"yes","no","yes","2025-12-08 18:08:26"
"Universal Buddy | Black","uni-black","Primary","MC155-3","Bay",600,"yes","no","yes","2025-12-08 18:02:16"
"Bottle Buddy 32 | Cosmic Drip ","bottle32-cosmicdrip","Primary","CD113-2","Bay",240,"yes","no","yes","2025-12-08 17:26:13"
"Bottle Buddy 32 | Cosmic Drip ","bottle32-cosmicdrip","Primary","CE115-3","Bay",240,"yes","no","yes","2025-12-08 17:03:40"
"Bottle Buddy 24oz | Pencil 24oz","bottle24-pencil","Primary","CE107-3","Bay",240,"yes","no","yes","2025-12-08 16:47:28"
"Bottle Buddy 16oz | Pencil 16oz","bottle16-pencil","Primary","CF131-2","Bay",320,"yes","no","yes","2025-12-08 15:53:06"
"Universal XL | Red","unixl-red","Primary","CB116-1","Floor",125,"yes","no","yes","2025-12-08 15:29:09"
"Bottle Buddy 24oz | Pencil 24oz","bottle24-pencil","Primary","CF137-2","Bay",80,"yes","no","yes","2025-12-08 15:07:44"
"Replacement Straw | Thicc Buddy | Seafoam","thiccstraw-seafoam","Primary","Delete Me","Bin",1,"yes","no","no","2025-12-08 14:54:17"
"Universal XL | White","unixl-white","Primary","MH117-2","Bay",400,"yes","no","yes","2025-12-08 14:47:05"
"Mystery Returns Assortment Return 10","return10","Primary","MH118-2","Bay",27,"yes","no","yes","2025-12-08 14:44:17"
"Universal Buddy | Gunmetal Glory","uni-gunmetalglory","Primary","MF116-2","Bay",600,"yes","no","yes","2025-12-08 14:42:24"
"Bottle Buddy 32 | Black Pencil ","bottle32-blackpencil","Primary","CF133-2","Bay",60,"yes","no","yes","2025-12-08 14:37:03"
"Universal Buddy | Gunmetal Glory","uni-gunmetalglory","Primary","MF114-2","Bay",600,"yes","no","yes","2025-12-08 14:33:43"
"Universal Buddy | Ohio State Buckeyes | Camo","uni-black-ncaa-ohiostate-camo","Primary","MK126-1","Floor",440,"yes","yes","yes","2025-12-08 14:16:53"
"Bottle Buddy 24oz | Pencil 24oz","bottle24-pencil","Primary","MP142-1","Floor",146,"yes","yes","yes","2025-12-08 14:09:28"
"Universal Buddy | White","uni-allwhite","Primary","CA107-1","Floor",600,"yes","no","yes","2025-12-08 14:08:54"
"Universal Buddy | White","uni-allwhite","Primary","CA105-1","Floor",600,"yes","no","yes","2025-12-08 14:08:09"
"Universal XL | Charcoal","unixl-charcoal","Primary","MM121-1","Floor",152,"yes","yes","yes","2025-12-08 14:06:49"
"Thicc Buddy 40 | Gunmetal Glory","thicc40-gunmetalglory","Primary","MF113-1","Floor",48,"yes","yes","yes","2025-12-08 14:01:55"
"To-Go Buddy | Ice Cream","togo30-icecream","Primary","MN131-1","Floor",199,"yes","yes","yes","2025-12-08 13:36:43"
"Bottle Buddy 32 | Cosmic Drip ","bottle32-cosmicdrip","Primary","MC105-4","Bay",240,"yes","no","yes","2025-12-08 13:13:35"
"Bottle Buddy | I Scream For Ice Cream","bottle32-iscream4icecream","Primary","MC106-4","Bay",240,"yes","no","yes","2025-12-08 13:07:22"
"Bottle Buddy 24 | I Scream for Ice Cream","bottle24-iscream4icecream","Primary","MC102-3","Bay",240,"yes","no","yes","2025-12-08 13:00:30"
"Bottle Buddy 24 | I Scream for Ice Cream","bottle24-iscream4icecream","Primary","MB159-6","Bay",240,"yes","no","yes","2025-12-08 12:46:53"
"Bottle Buddy 24 | I Scream for Ice Cream","bottle24-iscream4icecream","Primary","MH124-1","Floor",258,"yes","yes","yes","2025-12-08 12:42:27"
"Bottle Buddy 24 | I Scream for Ice Cream","bottle24-iscream4icecream","Primary","MB153-6","Bay",240,"yes","no","yes","2025-12-08 12:40:16"
"Bottle Buddy | I Scream For Ice Cream","bottle32-iscream4icecream","Primary","MB158-6","Bay",240,"yes","no","yes","2025-12-08 12:38:38"
"Bottle Buddy | I Scream For Ice Cream","bottle32-iscream4icecream","Primary","MB156-6","Bay",240,"yes","no","yes","2025-12-08 12:37:07"
"Bottle Buddy | I Scream For Ice Cream","bottle32-iscream4icecream","Primary","MB151-6","Bay",240,"yes","no","yes","2025-12-08 12:25:49"
"Bottle Buddy | I Scream For Ice Cream","bottle32-iscream4icecream","Primary","MB150-6","Bay",240,"yes","no","yes","2025-12-08 12:23:59"
"Thicc Buddy | Teal Glitz 40oz","thicc40-tealglitz","Primary","MB149-6","Bay",144,"yes","no","yes","2025-12-08 12:17:42"
"Bottle Buddy | Virginia Tech Hokies","c-c-black-ncaa-virginiatech-stripe-bottle32","Primary","MA120-1","Floor ",57,"yes","yes","yes","2025-12-08 12:13:48"
"Thicc Buddy 40 | Crimson","thicc40-crimson-unboxed","Primary","PS168-1","Flow",40,"yes","no","yes","2025-12-08 12:11:32"
"Unboxed Universal XL | Rockytop","unixl-rockytop-unboxed","Primary","PS132-1","Flow",48,"yes","no","yes","2025-12-08 12:07:57"
"Bottle Buddy | I Scream For Ice Cream","bottle32-iscream4icecream","Primary","MB140-6","Bay",240,"yes","no","yes","2025-12-08 11:06:04"
"Thicc Buddy 40oz | Glow Skulls","thicc40-glowskulls","Primary","MB136-6","Bay",132,"yes","no","yes","2025-12-08 11:00:45"
"Thicc Buddy | Teal Glitz 40oz","thicc40-tealglitz","Primary","MB134-6","Bay",144,"yes","no","yes","2025-12-08 10:54:04"
"Thicc Buddy | Teal Glitz 40oz","thicc40-tealglitz","Primary","MB147-6","Bay",144,"yes","no","yes","2025-12-08 10:52:05"
"Bottle Buddy | I Scream For Ice Cream","bottle32-iscream4icecream","Primary","MB143-6","Bay",240,"yes","no","yes","2025-12-08 10:41:30"
"Bottle Buddy | Ice Cream","bottle32-icecream","Primary","MB141-5","Bay",240,"yes","no","yes","2025-12-08 10:39:28"
"Bottle Buddy | Ice Cream","bottle32-icecream","Primary","MB133-5","Bay",240,"yes","no","yes","2025-12-08 10:15:30"
"Thicc Buddy 40 | I Scream For Ice Cream","thicc40-iscream4icecream","Primary","MB115-6","Bay",144,"yes","no","yes","2025-12-08 10:03:37"
"Thicc Buddy 40 | I Scream For Ice Cream","thicc40-iscream4icecream","Primary","MB111-6","Bay",144,"yes","no","yes","2025-12-08 10:02:07"
"Thicc Buddy 40 | I Scream For Ice Cream","thicc40-iscream4icecream","Primary","MB112-5","Bay",144,"yes","no","yes","2025-12-08 09:55:48"
"Thicc Buddy 40 | I Scream For Ice Cream","thicc40-iscream4icecream","Primary","MB107-5","Bay",144,"yes","no","yes","2025-12-08 09:50:41"
"Thicc Buddy 40oz | Glow Skulls","thicc40-glowskulls","Primary","MB103-5","Bay",144,"yes","no","yes","2025-12-08 09:48:26"
"Thicc Buddy 40 | I Scream For Ice Cream","thicc40-iscream4icecream","Primary","MB101-6","Bay",144,"yes","no","yes","2025-12-08 09:44:31"
"Thicc Buddy | Silver Sleigh 40oz","thicc40-silversleigh","Primary","MB106-6","Bay",144,"yes","no","yes","2025-12-08 09:40:28"
"Bottle Buddy 32oz | Buddy Of The Week | Black Cats","c-c-black-botw-blackcats-bottle32","Primary","MB191-3","Bin",1,"yes","yes","yes","2025-12-08 09:11:48"
"Universal XL | Colorado Rockies","c-c-white-mlb-rockies-stripe-xl","Primary","MB262-2","Bin",1,"yes","yes","yes","2025-12-08 08:47:19"
"Thicc Buddy 40 | Nebula (old lid)","thicc40-nebula-oldlid","Primary","MH121-1","Floor",165,"yes","yes","yes","2025-12-08 08:27:30"
"Universal Buddy | Pittsburgh Panthers","c-c-royal-ncaa-pitt-stripe-uni","Primary","MB149-2","Bin",30,"yes","yes","yes","2025-12-08 08:18:23"
"Christmas Mystery Uni","christmasmysteryuni","Primary","MB158-3","Bin",1,"yes","yes","yes","2025-12-08 06:43:49"
"To-Go Buddy | Margaritaville | Tropic like it's Hot","c-c-white-margaritaville-pineapple-tgb","Primary","MB105-1","Bin",12,"yes","yes","yes","2025-12-08 06:40:23"
"Universal Buddy | U.S. Army | Unit Zero","c-c-black-army-logo-uni","Primary","MB160-2","Bin",3,"yes","yes","yes","2025-12-08 06:31:55"
"To-Go Buddy | Little Hearts","togo30-littlehearts","Primary","ME143-1","Floor",1,"yes","yes","yes","2025-12-08 05:03:20"
"To-Go Buddy | Silver Sleigh","togo30-silversleigh","Primary","MD127-1","Floor",136,"yes","yes","yes","2025-12-08 02:02:19"
"Thicc Buddy 40 | Nebula (old lid)","thicc40-nebula-oldlid","Primary","MI151-3","Bay",144,"yes","no","yes","2025-12-07 23:36:00"
"Thicc Buddy 40 | Nebula (old lid)","thicc40-nebula-oldlid","Primary","MA132-4","Bay",144,"yes","no","yes","2025-12-07 22:39:50"
"Thicc Buddy 40 | Nebula (old lid)","thicc40-nebula-oldlid","Primary","MA130-4","Bay",144,"yes","no","yes","2025-12-07 22:39:24"
"Bottle Buddy | Silver Sleigh","bottle32-silversleigh","Primary","MJ148-1","Floor",25,"yes","yes","yes","2025-12-07 22:33:18"
"To-Go Buddy Lid | Neon Purple","togolid-neonpurple","Primary","MJ146-1","Floor",432,"yes","yes","yes","2025-12-07 22:32:33"
"To-Go Buddy | National Lampoon's | Home for the Holidays ","c-c-white-natlamp-home-tgb","Primary","MB232-1","Bin",9,"yes","yes","yes","2025-12-07 21:46:06"
"Thicc Buddy 40 | Nebula","thicc40-nebula","Primary","MB121-4","Bay",144,"yes","no","yes","2025-12-07 21:41:02"
"Thicc Buddy 40 | Nebula (old lid)","thicc40-nebula-oldlid","Primary","MB120-5","Bay",144,"yes","no","yes","2025-12-07 21:34:26"
"Thicc Buddy 40 | Nebula (old lid)","thicc40-nebula-oldlid","Primary","MB118-5","Bay",144,"yes","no","yes","2025-12-07 21:34:06"
"Thicc Buddy 40oz | Glow Skulls","thicc40-glowskulls","Primary","ME156-3","Bay",144,"yes","no","yes","2025-12-07 21:27:24"
"Thicc Buddy 40oz | Glow Skulls","thicc40-glowskulls","Primary","MD113-3","Bay",144,"yes","no","yes","2025-12-07 21:23:48"
"Thicc Buddy 40 | I Scream For Ice Cream","thicc40-iscream4icecream","Primary","MC141-3","Bay",144,"yes","no","yes","2025-12-07 21:18:21"
"Thicc Buddy 40oz | Glow Skulls","thicc40-glowskulls","Primary","MD113-2","Bay",144,"yes","no","yes","2025-12-07 21:14:54"
"Thicc Buddy 40 | I Scream For Ice Cream","thicc40-iscream4icecream","Primary","MC162-2","Bay",144,"yes","no","yes","2025-12-07 20:54:03"
"Thicc Buddy | Silver Sleigh 40oz","thicc40-silversleigh","Primary","MG152-4","Bay",144,"yes","no","yes","2025-12-07 19:45:47"
"Universal XL | Merica","unixl-merica","Primary","Geoff's Desk","Floor",1,"yes","no","yes","2025-12-07 17:32:38"
"Universal Buddy | Navy","uni-navy1","Primary","MI139-3","Bay",600,"yes","no","yes","2025-12-07 15:39:35"
"Universal Buddy | Black","uni-black","Primary","MC108-1","Floor",574,"yes","yes","yes","2025-12-07 15:31:44"
"Thicc Buddy 40 | I Scream For Ice Cream","thicc40-iscream4icecream","Primary","MF104-3","Bay",120,"yes","no","yes","2025-12-07 14:26:48"
"Thicc Buddy | Silver Sleigh 40oz","thicc40-silversleigh","Primary","MI140-3","Bay",140,"yes","no","yes","2025-12-07 14:13:50"
"Thicc Buddy 40 | Nebula (old lid)","thicc40-nebula-oldlid","Primary","MK166-2","Bay",140,"yes","no","yes","2025-12-07 14:02:54"
"Frost Budz | Penn State Nittany Lions","budz-pennstatenittanylions-logo3","Primary","MBC101-9","Bin",69,"yes","yes","yes","2025-12-07 09:37:30"
"To-Go Buddy | Black Floral","togo30-blackfloral","Primary","MP134-1","Floor",3,"yes","yes","yes","2025-12-07 07:58:21"
"Thicc Buddy 40 | Nebula (old lid)","thicc40-nebula-oldlid","Primary","MB120-4","Bay",144,"yes","no","yes","2025-12-07 05:11:16"
"Universal XL | Hunting Season ","c-c-cream-huntingseason-xl","Primary","MA114-1","Floor ",72,"yes","yes","yes","2025-12-07 01:45:01"
"Thicc Buddy 40 | Nebula (old lid)","thicc40-nebula-oldlid","Primary","MA130-5","Bay",144,"yes","no","yes","2025-12-07 00:44:58"
"Thicc Buddy 40 | Nebula (old lid)","thicc40-nebula-oldlid","Primary","MD120-2","Bay",144,"yes","no","yes","2025-12-07 00:30:46"
"Universal XL | Navy","unixl-navy","Primary","MB106-5","Bay",400,"yes","no","yes","2025-12-07 00:13:11"
"Universal XL | Drinking Lid","unixl-lid-clear","Primary","MA148-4","Bay",1200,"yes","no","yes","2025-12-06 23:57:13"
"Universal XL Drinking Lid | Black","unixl-lid-black","Primary","MA156-6","Bay",1200,"yes","no","yes","2025-12-06 23:36:22"
"Universal XL | Crimson","unixl-crimson","Primary","MA132-6","Bay",400,"yes","no","yes","2025-12-06 23:31:46"
"Universal XL Drinking Lid | Black","unixl-lid-black","Primary","ML102-2","Bay",1200,"yes","no","yes","2025-12-06 23:29:41"
"unboxed uni | Golf","uni-golf-unboxed","Primary","PS 1","Shelf",28,"yes","no","no","2025-12-06 22:41:43"
"uni-emerald-unboxed","uni-emerald-unboxed","Primary","PS119-1","Flow",97,"yes","no","yes","2025-12-06 22:39:45"
"Unboxed Universal Darknight","Uni-darknight-unboxed","Primary","PS105-1","Flow",251,"yes","no","yes","2025-12-06 22:38:22"
"unboxed thicc40 | TexasTea","thicc40-texastea-unboxed","Primary","CC104-1","Floor",53,"yes","no","yes","2025-12-06 21:37:19"
"Replacement Silicone | Thicc Buddy 40 | Sky Blue Glitter","thicc40rubber-skyblueglitter","Primary","MA176-3","Bin",31,"yes","yes","yes","2025-12-06 21:22:50"
"Thicc Buddy 30 | Pink Checkered","thicc30-pinkcheckered","Primary","MO133-1","Floor",93,"yes","yes","yes","2025-12-06 21:12:35"
"Thicc Buddy | Georgia Bulldogs | Drip 40oz","thicc40-georgiadrip","Primary","MI119-1","Floor",130,"yes","yes","yes","2025-12-06 19:14:21"
"Universal Buddy |  Police","c-c-black-police-uni","Primary","MB132-1","Bin",11,"yes","yes","yes","2025-12-06 18:13:29"
"Custom Product for CS Universal | Charcoal","corp-charcoal-uni","Primary","Corporate Processing","",5,"yes","yes","yes","2025-12-06 16:54:18"
"Christmas Mystery Bottle 32","christmasmysteryb32","Primary","MB174-3","Bin",1,"yes","yes","yes","2025-12-06 15:20:33"
"Bottle Buddy | Margaritaville | Tropic like it's Hot","c-c-white-margaritaville-pineapple-bottle32","Primary","MB261-2","Bin",6,"yes","yes","yes","2025-12-06 10:34:54"
"Replacement Silicone | To-Go Buddy | Pebble","togorubber-pebble","Primary","MA150-1","Bin",40,"yes","yes","yes","2025-12-06 05:41:14"
"Replacement Lid | Thicc Buddy 40 | Aurora","thicc40lid-aurora","Primary","MK153-1","Floor",90,"yes","no","yes","2025-12-06 03:21:37"
"Universal Buddy | Purdue Boilermakers | Night Game ","c-c-darknight-ncaa-purdue-blackout-uni","Primary","MB141-1","Bin",1,"yes","yes","yes","2025-12-06 02:52:50"
"Mini Thicc Buddy | Blue Ice Cream","thicc16-icecreamblue","Primary","MG118-1","Floor",107,"yes","yes","yes","2025-12-06 02:50:04"
"Universal Buddy | Calgary Flames","c-c-white-nhl-flames-stripe-uni","Primary","MB303-3","Bin",1,"yes","yes","yes","2025-12-06 02:37:36"
"Bottle Buddy | I Scream For Ice Cream","bottle32-iscream4icecream","Primary","MJ117-1","Floor",264,"yes","yes","yes","2025-12-06 02:19:48"
"Universal XL | OHT Salute ","c-c-white-oht-salute-xl","Primary","MB192-1","Bin",2,"yes","yes","yes","2025-12-06 02:07:41"
"Universal XL | National Lampoon's | Home for the Holidays ","c-c-white-natlamp-home-xl","Primary","MB120-1","Bin",1,"yes","yes","yes","2025-12-05 23:59:16"
"Universal XL | New York Mets","c-c-white-mlb-mets-stripe-xl","Primary","MB187-1","Bin",1,"yes","yes","yes","2025-12-05 23:39:24"
"To-Go Buddy | Margaritaville | Lime & Time","c-c-white-margaritaville-splashglass-tgb","Primary","MB130-2","Bin",12,"yes","yes","yes","2025-12-05 23:15:35"
"Bottle Buddy | White","bottle32-white","Primary","MD106-3","Bay",240,"yes","no","yes","2025-12-05 22:26:34"
"To-Go Buddy | Penn State Nittany Lions | Gameday ","c-c-white-ncaa-pennstate-stripe-tgb","Primary","MB260-1","Bin",1,"yes","yes","yes","2025-12-05 21:29:28"
"To-Go Buddy | National Lampoon's | $h*%ter's Full ","c-c-white-natlamp-shtfullsweater-tgb","Primary","MB252-3","Bin",1,"yes","yes","yes","2025-12-05 21:26:06"
"Bottle Buddy | White","bottle32-white","Primary","ME164-2","Bay",240,"yes","no","yes","2025-12-05 20:13:28"
"Bottle Buddy 32 | Black Pencil ","bottle32-blackpencil","Primary","MC148-3","Bay",240,"yes","no","yes","2025-12-05 19:55:02"
"Bottle Buddy 32 | Black Pencil ","bottle32-blackpencil","Primary","MC148-4","Bay",240,"yes","no","yes","2025-12-05 19:09:32"
"c-c-navy-ncaa-pennstate-stripe-uni","c-c-navy-ncaa-pennstate-stripe-uni","Primary","MB188-3","Bin",1,"yes","yes","yes","2025-12-05 18:05:44"
"Bottle Buddy | Tactical Green","bottle32-tactical","Primary","MC150-3","Bay",240,"yes","no","yes","2025-12-05 18:00:24"
"Bottle Buddy 32 | Black Pencil ","bottle32-blackpencil","Primary","MC156-4","Bay",240,"yes","no","yes","2025-12-05 17:38:48"
"Thicc Buddy 40 | South Carolina Gamecocks","c-c-white-ncaa-southcarolina-logo-t40","Primary","MB248-1","Bin",1,"yes","yes","yes","2025-12-05 17:27:37"
"Universal Buddy | Greek Life | Tri Delta ","c-l-white-greek-tridelta-logo-uni","Primary","MB248-1","Bin",1,"yes","yes","yes","2025-12-05 17:27:11"
"Bottle Buddy 24 | I Scream for Ice Cream","bottle24-iscream4icecream","Primary","Receiving","",40,"yes","no","yes","2025-12-05 17:19:15"
"Bottle Buddy | I Scream For Ice Cream","bottle32-iscream4icecream","Primary","Receiving","",80,"yes","no","yes","2025-12-05 17:19:15"
"Thicc Buddy | Teal Glitz 40oz","thicc40-tealglitz","Primary","Receiving","",443,"yes","no","yes","2025-12-05 17:19:15"
"Bottle Buddy | Tactical Green","bottle32-tactical","Primary","MB119-4","Bay",240,"yes","no","yes","2025-12-05 16:52:30"
"Replacement Silicone | To-Go Buddy | Winter Berry","togorubber-winterberry","Primary","MA160-2","Bin",49,"yes","yes","yes","2025-12-05 13:51:18"
"Universal Buddy | Illinois Fighting Illini | Legacy","uni-illinois3d","Primary","Delete Me","Bin",1,"yes","no","no","2025-12-05 10:19:38"
"Universal Buddy | Michigan Wolverines | Night Game","uni-darknight-ncaa-michigan-blackout","Primary","MM160-1","Floor",517,"yes","yes","yes","2025-12-05 06:03:06"
"Thicc Buddy 40oz | Glow Skulls","thicc40-glowskulls","Primary","MI127-1","Floor",21,"yes","yes","yes","2025-12-05 05:27:55"
"To-Go Buddy | Philidelphia Phillies","c-c-white-mlb-phillies-stripe-tgb","Primary","MB181-2","Bin",1,"yes","yes","yes","2025-12-05 00:09:18"
"Universal Buddy | Pink Floral","uni-pinkfloral","Primary","MM149-1","Floor",450,"yes","yes","yes","2025-12-04 23:46:34"
"Unboxed Universal XL | Royal","unixl-royal-unboxed","Primary","PS131-1","Flow",68,"yes","no","yes","2025-12-04 23:35:00"
"Universal Buddy | Los Angeles Angels","c-c-white-mlb-angels-stripe-uni","Primary","MB219-2","Bin",3,"yes","yes","yes","2025-12-04 23:27:53"
"Bottle Buddy | National Lampoon's | $h*%ter's Full ","c-c-red-natlamp-shtfullsweater-bottle32","Primary","MB123-2","Bin",4,"yes","yes","yes","2025-12-04 22:58:40"
"Thicc Buddy 40 | Ghostbusters | Stay Puft ","c-c-navy-ghostbusters-puft-t40","Primary","MA101-1","Floor ",1,"yes","yes","yes","2025-12-04 22:46:48"
"Universal Buddy | Kentucky Wildcats | Night Game ","c-c-darknight-ncaa-kentucky-blackout-uni","Primary","MB189-1","Bin",1,"yes","yes","yes","2025-12-04 20:37:44"
"Universal XL | Liberty Flames","c-c-white-ncaa-liberty-stripe-xl","Primary","MB216-3","Bin",5,"yes","yes","yes","2025-12-04 18:14:53"
"Charm Thicc Buddy 40 | Gumdrop","charmt40-gumdrop","Primary","MJ127-1","Floor",131,"yes","yes","yes","2025-12-04 18:13:45"
"Sports Buddy Bumper White / 40oz","Bumper-sports40white","Primary","MA155-2","Bin",12,"yes","yes","yes","2025-12-04 17:56:50"
"Universal XL | National Lampoon's | $h*%ter's Full ","c-c-red-natlamp-shtfullsweater-xl","Primary","MB129-1","Bin",7,"yes","yes","yes","2025-12-04 17:36:04"
"Universal Buddy | LSU Tigers | Legacy","uni-lsu3d","Primary","MM111-1","Floor",340,"yes","yes","yes","2025-12-04 17:35:22"
"Thicc Buddy 40 | Flip Lid | Aurora","thicc40flip-aurora","Primary","MN143-1","Floor",197,"yes","yes","yes","2025-12-04 17:26:26"
"unboxed thicc40 | Navy","thicc40-navy-unboxed","Primary","PS165-1","Flow",42,"yes","no","yes","2025-12-04 16:49:26"
"Bottle Buddy 32oz | Duck-It","bottle32-black-duckit","Primary","MM155-1","Floor",31,"yes","yes","yes","2025-12-04 15:55:33"
"Thicc Buddy 40 | Gumdrop","thicc40-gumdrop","Primary","MM141-1","Floor",92,"yes","yes","yes","2025-12-04 15:34:08"
"Universal Buddy | Penn State Nittany Lions | Night Game ","c-c-darknight-ncaa-pennstate-blackout-uni","Primary","MB160-3","Bin",3,"yes","yes","yes","2025-12-04 15:28:07"
"Thicc Buddy 40 | Northern Lights","thicc40-lights","Primary","MO134-1","Floor",22,"yes","yes","yes","2025-12-04 15:19:36"
"Bottle Buddy 32 | Black Pencil ","bottle32-blackpencil","Primary","MJ145-1","Floor",60,"yes","yes","yes","2025-12-04 15:11:37"
"Thicc Buddy 40oz | Tennessee Vols | Legacy","thicc40-tennessee3d","Primary","MI140-1","Floor",55,"yes","yes","yes","2025-12-04 15:03:37"
"Thicc Buddy 40 | Pink Floral","thicc40-pinkfloral","Primary","ME156-1","Floor",127,"yes","yes","yes","2025-12-04 14:52:57"
"Unboxed Bottle Buddy | Cream","bottle32-cream-unboxed","Primary","CB131-1","Floor",136,"yes","no","yes","2025-12-04 12:09:27"
"Universal Buddy | Purple","uni-purple","Primary","CB121-1","Floor",600,"yes","no","yes","2025-12-04 12:04:17"
"Universal Buddy | Navy","uni-navy1","Primary","CA123-1","Floor",475,"yes","no","yes","2025-12-04 11:46:40"
"Universal Buddy | Orange","uni-orange1","Primary","CA115-1","Floor",375,"yes","no","yes","2025-12-04 11:24:54"
"Thicc Buddy 40 | Ski Season ","thicc40-skiseason","Primary","ME104-2","Bay",144,"yes","no","yes","2025-12-04 11:09:04"
"Bottle Buddy 32oz | Tennessee Vols | Legacy","bottle32-tennesseelegacy","Primary","MN107-1","Floor",5,"yes","yes","yes","2025-12-04 11:06:53"
"Bottle Buddy 24oz | Oklahoma Sooners | Legacy","bottle24-oklahomalegacy","Primary","ME131-3","Bay",20,"yes","no","yes","2025-12-04 10:37:41"
"Universal Buddy | White","uni-allwhite","Primary","MO144-2","Bay",600,"yes","no","yes","2025-12-04 10:23:58"
"Christmas Mystery Buddy Box 2025 ","christmas-mystery-2025","Primary","MC141-2","Bay",54,"yes","no","yes","2025-12-04 09:20:44"
"Bottle Buddy 32oz | Tennessee Vols ","bottle32-black-ncaa-tennessee-stripe","Primary","MC135-4","Bay",240,"yes","no","yes","2025-12-04 09:13:08"
"Replacement Silicone | To-Go Buddy | Berry","togorubber-berry","Primary","CG107-2","Bay",50,"yes","no","yes","2025-12-04 07:53:10"
"To-Go Buddy | Buddy Of The Week | Hex & Chill","c-c-black-botw-hexnchill-tgb","Primary","MB222-2","Bin",1,"yes","yes","yes","2025-12-04 07:19:30"
"Replacement Silicone | Thicc Buddy 40 | Mademoiselle","thicc40rubber-mademoiselle","Primary","CC113-3","Bay",50,"yes","no","yes","2025-12-04 07:13:31"
"Thicc Buddy 40 | Nebula","thicc40-nebula","Primary","CC109-4","Bay",144,"yes","no","yes","2025-12-04 07:10:30"
"Shot Buddy | NC State Wolfpack","c-l-black-ncaa-ncstate-logo-shot","Primary","MB255-2","Bin",1,"yes","yes","yes","2025-12-04 06:31:08"
"Universal Buddy | Michigan Wolverines","c-c-navy-ncaa-michigan-merica-uni","Primary","MB246-3","Bin",6,"yes","yes","yes","2025-12-04 05:40:00"
"To-Go Buddy | Orange","togo30-orange","Primary","CA134-2","Bay",300,"yes","no","yes","2025-12-04 05:38:49"
"Universal XL | Cincinnati Bearcats","c-c-black-ncaa-cincinnati-stripe-xl","Primary","MB195-3","Bin",1,"yes","yes","yes","2025-12-03 22:50:30"
"Universal Buddy | Tennessee Vols","uni-black-ncaa-tennessee-stripe","Primary","MG125-1","Floor",85,"yes","yes","yes","2025-12-03 22:35:29"
"Universal Buddy | Gunmetal Glory","uni-gunmetalglory","Primary","CB127-1","Floor",567,"yes","no","yes","2025-12-03 20:42:20"
"Bottle Buddy | Purdue Boilermakers","c-c-black-ncaa-purdue-stripe-bottle32","Primary","MB282-3","Bin",10,"yes","yes","yes","2025-12-03 19:18:58"
"Bottle Buddy | Purdue Boilermakers","c-c-black-ncaa-purdue-stripe-bottle32","Primary","MB282-2","Bin",2,"yes","yes","yes","2025-12-03 19:17:46"
"Bottle Buddy 24| Black Pencil ","bottle24-blackpencil","Primary","MJ118-1","Floor",183,"yes","yes","yes","2025-12-03 18:51:29"
"Bottle Buddy 24oz | Pencil 24oz","bottle24-pencil","Primary","CC126-2","Bay",240,"yes","no","yes","2025-12-03 18:45:39"
"Bottle Buddy | Kansas City Royals","c-c-white-mlb-royals-stripe-bottle32","Primary","MB244-3","Bin",1,"yes","yes","yes","2025-12-03 18:35:02"
"Bottle Buddy 24| Black Pencil ","bottle24-blackpencil","Primary","CC103-2","Bay",240,"yes","no","yes","2025-12-03 17:25:59"
"Universal Buddy | Alabama Crimson Tide | Night Game ","c-c-darknight-ncaa-alabama-blackout-uni","Primary","Delete Me","Bin",1,"yes","no","no","2025-12-03 16:43:08"
"Bottle Buddy 32 | Black Pencil ","bottle32-blackpencil","Primary","Receiving","",240,"yes","no","yes","2025-12-03 15:00:49"
"Bottle Buddy 32 | Cosmic Drip ","bottle32-cosmicdrip","Primary","Receiving","",478,"yes","no","yes","2025-12-03 15:00:48"
"To-Go Buddy | Mother Nature","togo30-mothernature","Primary","MD108-1","Floor",284,"yes","yes","yes","2025-12-03 14:59:21"
"Universal Buddy | Baltimore Orioles","uni-black-mlb-orioles-stripe","Primary","MM142-1","Floor",445,"yes","yes","yes","2025-12-03 12:02:38"
"Universal Buddy | Ottawa Senators","c-c-red-nhl-senators-stripe-uni","Primary","MB298-2","Bin",1,"yes","yes","yes","2025-12-03 03:49:23"
"Bottle Buddy | San Francisco Giants","c-c-black-mlb-giants-stripe-bottle32","Primary","MB299-1","Bin",1,"yes","yes","yes","2025-12-03 03:02:06"
"Bottle Buddy | Ghostbusters | No Ghosts Allowed ","c-c-black-ghostbusters-logo-bottle32","Primary","MB310-1","Bin",1,"yes","yes","yes","2025-12-03 02:38:33"
"Universal Buddy | Michigan State Spartans","uni-spartan-ncaa-michiganstate-stripe","Primary","MJ141-1","Floor",11,"yes","yes","yes","2025-12-03 02:33:50"
"Universal XL | Tennessee Vols","c-c-rockytop-ncaa-tennessee-stripe-xl","Primary","MB143-3","Bin",1,"yes","yes","yes","2025-12-03 02:26:01"
"Universal Buddy | Kansas City Royals","c-c-navy-mlb-royals-cc-uni","Primary","MB187-3","Bin",3,"yes","yes","yes","2025-12-02 23:03:49"
"Bottle Buddy | Icicle","bottle32-icicle","Primary","CB120-2","Bay",240,"yes","no","yes","2025-12-02 19:07:35"
"Bottle Buddy | Gumdrop","bottle32-gumdrop","Primary","MM125-2","Bay",240,"yes","no","yes","2025-12-02 19:05:03"
"Thicc Buddy 40 | Aurora","thicc40-aurora","Primary","MJ101-1","Floor",62,"yes","yes","yes","2025-12-02 19:01:04"
"Universal XL | Columbus Blue Jackets","c-c-white-nhl-bluejackets-stripe-xl","Primary","MB205-2","Bin",2,"yes","yes","yes","2025-12-02 18:45:34"
"Bottle Buddy | Nebula","bottle32-nebula","Primary","MM148-4","Bay",240,"yes","no","yes","2025-12-02 18:22:12"
"Thicc Buddy 40 | Nebula (old lid)","thicc40-nebula-oldlid","Primary","MN108-2","Bay",144,"yes","no","yes","2025-12-02 18:01:07"
"Thicc Buddy 40 | Nebula (old lid)","thicc40-nebula-oldlid","Primary","MM146-3","Bay",144,"yes","no","yes","2025-12-02 17:53:33"
"Thicc Buddy 40 | Nebula (old lid)","thicc40-nebula-oldlid","Primary","ML142-2","Bay",144,"yes","no","yes","2025-12-02 17:46:25"
"Thicc Buddy 40 | Nebula (old lid)","thicc40-nebula-oldlid","Primary","MM146-2","Bay",144,"yes","no","yes","2025-12-02 17:40:10"
"Thicc Buddy 40 | Nebula (old lid)","thicc40-nebula-oldlid","Primary","MM151-4","Bay",144,"yes","no","yes","2025-12-02 17:30:40"
"To-Go Buddy | Pink Checkered","togo30-pinkcheckered","Primary","CE126-2","Bay",400,"yes","no","yes","2025-12-02 16:53:55"
"To-Go Buddy | Pink Checkered","togo30-pinkcheckered","Primary","CE119-2","Bay",400,"yes","no","yes","2025-12-02 16:43:20"
"To-Go Buddy | Pink Checkered","togo30-pinkcheckered","Primary","CE116-2","Bay",400,"yes","no","yes","2025-12-02 16:37:11"
"To-Go Buddy | Pink Checkered","togo30-pinkcheckered","Primary","CE120-2","Bay",400,"yes","no","yes","2025-12-02 15:29:42"
"To-Go Buddy | Pink Checkered","togo30-pinkcheckered","Primary","CE118-2","Bay",400,"yes","no","yes","2025-12-02 14:46:25"
"To-Go Buddy | Pink Checkered","togo30-pinkcheckered","Primary","CE114-2","Bay",400,"yes","no","yes","2025-12-02 14:39:46"
"Universal Buddy | Greek Life | Phi Kappa Psi ","c-l-black-greek-phikappapsi-logo-uni","Primary","MB298-3","Bin",2,"yes","yes","yes","2025-12-02 11:13:40"
"Universal Buddy | National Lampoon's | Cousin Eddie’s Surprise ","c-c-darknight-natlamp-shtfullpattern-uni","Primary","MB172-3","Bin",5,"yes","yes","yes","2025-12-02 09:36:05"
"Mini Thicc Buddy | Aurora","thicc16-aurora","Primary","MO109-3","Bay",384,"yes","no","yes","2025-12-02 09:21:42"
"Replacement Silicone | Thicc Buddy 40 | Violet Haze","thicc40rubber-violethaze","Primary","MI141-1","Floor",65,"yes","yes","yes","2025-12-02 09:11:14"
"Sports Buddy Bumper Red / 40oz","Bumper-sports40red","Primary","MO136-1","Floor",527,"yes","yes","yes","2025-12-02 08:51:07"
"Thicc Buddy 40 | White","thicc40-white","Primary","MK151-1","Floor",35,"yes","yes","yes","2025-12-02 07:47:28"
"Replacement Silicone | Thicc Buddy 50 | Sky Blue Glitter","thicc50rubber-skyblueglitter","Primary","MG135-1","Floor",106,"yes","yes","yes","2025-12-02 07:40:31"
"Universal XL | Auburn Tigers","c-c-navy-ncaa-auburn-stripe-xl","Primary","MB287-1","Bin",4,"yes","yes","yes","2025-12-02 03:34:10"
"Thicc Buddy | Michigan Wolverines | Drip 40oz","thicc40-michigandrip","Primary","MN154-2","Bay",24,"yes","no","yes","2025-12-02 03:26:49"
"Thicc Buddy 40oz | Florida Gators | Legacy","thicc40-florida3d","Primary","MI120-1","Floor",69,"yes","yes","yes","2025-12-02 03:20:03"
"Thicc Buddy 40oz | Kentucky Wildcats | Legacy","thicc40-kentucky3d","Primary","MM136-1","Floor",59,"yes","yes","yes","2025-12-02 03:08:38"
"Universal Buddy Protein Shaker Lid","uniproteinlid-black","Primary","ME165-1","Floor",66,"yes","yes","yes","2025-12-02 02:55:25"
"Universal Buddy Drinking Lid with Straw | Royal (No Straw)","drinklid2-royal","Primary","MN102-1","Floor",920,"yes","yes","yes","2025-12-02 02:42:13"
"Universal Buddy Replacement Lid | Black","lid2-black","Primary","MM165-1","Floor",1144,"yes","yes","yes","2025-12-02 02:37:16"
"Universal Buddy Drinking Lid with Straw | Yellow (No Straw)","Drinklid2-yellow","Primary","MJ105-1","Floor",2681,"yes","yes","yes","2025-12-02 02:33:15"
"Universal Buddy | Rogue","uni-rogue","Primary","MJ102-1","Floor",323,"yes","yes","yes","2025-12-02 02:06:30"
"Universal XL | Boise State Broncos","c-c-royal-ncaa-boisestate-stripe-xl","Primary","MB115-1","Bin",4,"yes","yes","yes","2025-12-01 22:27:48"
"Universal Buddy | Houston Astros","c-c-navy-mlb-astros-stripe-uni","Primary","MB167-3","Bin",5,"yes","yes","yes","2025-12-01 22:13:09"
"Thicc Buddy | Pencil 40oz","thicc40-pencil","Primary","MP138-2","Bay",144,"yes","no","yes","2025-12-01 21:18:51"
"Thicc Buddy | Pencil 40oz","thicc40-pencil","Primary","MP152-3","Bay",144,"yes","no","yes","2025-12-01 21:04:41"
"Thicc Buddy | Pencil 40oz","thicc40-pencil","Primary","MP157-3","Bay",144,"yes","no","yes","2025-12-01 20:01:44"
"Universal XL | Cal Bears","c-c-navy-ncaa-california-stripe-xl","Primary","MB167-2","Bin",1,"yes","yes","yes","2025-12-01 19:53:44"
"Thicc Buddy 40 | Dark Glitz","thicc40-darkglitz","Primary","MP140-2","Bay",72,"yes","no","yes","2025-12-01 19:38:29"
"Thicc Buddy | Pencil 40oz","thicc40-pencil","Primary","MP141-2","Bay",144,"yes","no","yes","2025-12-01 18:07:14"
"Thicc Buddy | Pencil 40oz","thicc40-pencil","Primary","MP128-2","Bay",144,"yes","no","yes","2025-12-01 17:58:23"
"Chubby Buddy | Mexico","chub-mexico","Primary","MQ145-2","Bay",600,"yes","no","yes","2025-12-01 16:53:15"
"Universal Buddy | LSU Tigers","c-c-white-ncaa-lsu-stripe-uni","Primary","MB146-3","Bin",5,"yes","yes","yes","2025-12-01 15:52:25"
"Universal XL | Arkansas State Red Wolves","c-c-black-ncaa-arkansasstate-stripe-xl","Primary","MB134-2","Bin",1,"yes","yes","yes","2025-12-01 15:45:09"
"Bottle Buddy | Black","bottle32-black","Primary","MM148-2","Bay",240,"yes","no","yes","2025-12-01 15:07:36"
"Bottle Buddy | Black","bottle32-black","Primary","MH124-3","Bay",240,"yes","no","yes","2025-12-01 15:03:37"
"Universal Buddy | Bottomland","uni-bottomland","Primary","MD129-1","Floor",478,"yes","yes","yes","2025-12-01 14:42:30"
"To-Go Buddy | White","togo30-white","Primary","CA124-4","Bay",400,"yes","no","yes","2025-12-01 14:34:27"
"Bottle Buddy  | Arcane","c-c-nebula-arcane-bottle32","Primary","MB209-3","Bin",1,"yes","yes","yes","2025-12-01 14:33:47"
"To-Go Buddy | White","togo30-white","Primary","CA124-2","Bay",400,"yes","no","yes","2025-12-01 14:32:52"
"To-Go Buddy | White","togo30-white","Primary","CA126-4","Bay",400,"yes","no","yes","2025-12-01 14:32:18"
"Thicc Buddy 40 | Mama's Garden","c-c-white-mamasgarden-t40","Primary","MB306-2","Bin",1,"yes","yes","yes","2025-12-01 14:27:41"
"Shot Buddy | East Carolina Pirates","c-l-black-ncaa-eastcarolina-logo-shot","Primary","MB257-2","Bin",1,"yes","yes","yes","2025-12-01 14:02:34"
"Universal Buddy | Greek Life | Gamma Phi Beta ","c-l-white-greek-gammaphibeta-logo-uni","Primary","MB292-3","Bin",1,"yes","yes","yes","2025-12-01 13:58:17"
"Bottle Buddy | Buddy Of The Week | Pink Crayon","c-c-gumdrop-botw-crayon-bottle32","Primary","MB297-2","Bin",2,"yes","yes","yes","2025-12-01 13:37:59"
"Unboxed Universal Purple","uni-purple-unboxed","Primary","CC127-1","Floor",500,"yes","no","yes","2025-12-01 13:30:47"
"Bottle Buddy 32oz | Florida Gators | Legacy","bottle32-floridalegacy","Primary","MM120-1","Floor",102,"yes","yes","yes","2025-12-01 09:11:11"
"Thicc Buddy 30 | Royal Glitz","thicc30-royalglitz","Primary","MI131-1","Floor",85,"yes","yes","yes","2025-12-01 09:03:40"
"Sports Buddy Bumper Royal Blue / 24oz","Bumper-sports24royal","Primary","MH139-1","Floor",810,"yes","yes","yes","2025-12-01 07:34:53"
"To-Go Buddy | Anti-Social Book Club","c-c-white-antisocial-tgb","Primary","MA127-1","Floor ",8,"yes","yes","yes","2025-12-01 06:49:15"
"Universal Buddy | Florida Gators | Legacy","uni-florida3d","Primary","MG128-1","Floor",312,"yes","yes","yes","2025-12-01 05:40:54"
"Mini Thicc Buddy | Nebula","thicc16-nebula","Primary","MN104-1","Floor",160,"yes","yes","yes","2025-12-01 05:36:46"
"Thicc Buddy | Ohio State Buckeyes | Drip 40oz","thicc40-ohiostatedrip","Primary","MH125-1","Floor",83,"yes","yes","yes","2025-12-01 04:51:14"
"Sports Buddy Bumper Royal Blue / 40oz","Bumper-sports40royal","Primary","MN132-1","Floor",564,"yes","yes","yes","2025-12-01 03:16:21"
"Universal Buddy | Purple Glitz","uni-purpleglitz","Primary","MF123-1","Floor",458,"yes","yes","yes","2025-12-01 02:52:56"
"Thicc Buddy | Texas A&M Aggies | Drip 40oz","thicc40-texasamdrip","Primary","MI160-3","Bay",138,"yes","no","yes","2025-11-30 21:55:54"
"To-Go Buddy | Cream","togo30-cream","Primary","MD126-1","Floor",407,"yes","yes","yes","2025-11-30 15:57:04"
"Universal Buddy | St. Louis Blues","c-c-white-nhl-blues-stripe-uni","Primary","MB199-2","Bin",3,"yes","yes","yes","2025-11-29 23:49:46"
"Universal Buddy | National Lampoon's | You Serious Clark? ","c-c-red-natlamp-plaidclark-uni","Primary","MB146-1","Bin",1,"yes","yes","yes","2025-11-29 23:42:01"
"Universal Buddy | Texas Tech x OHT","c-c-black-ncaa-texastech-oht-uni","Primary","MB121-1","Bin",7,"yes","yes","yes","2025-11-29 23:07:06"
"Bottle Buddy | Colorado Rockies","c-c-white-mlb-rockies-stripe-bottle32","Primary","MB230-2","Bin",1,"yes","yes","yes","2025-11-29 21:28:47"
"Universal Buddy | Greek Life | Delta Chi ","c-l-black-greek-deltachi-logo-uni","Primary","MB271-2","Bin",1,"yes","yes","yes","2025-11-29 20:28:50"
"Universal Buddy | Iowa Hawkeyes | Night Game ","c-c-darknight-ncaa-iowa-blackout-uni","Primary","MB178-3","Bin",1,"yes","yes","yes","2025-11-29 17:01:15"
"Universal Buddy | Mama's Garden","c-c-white-mamasgarden-uni","Primary","MB164-3","Bin",1,"yes","yes","yes","2025-11-29 16:42:20"
"Thicc Buddy 30 | Ice Cream","thicc30-icecream","Primary","MG124-2","Bay",288,"yes","no","yes","2025-11-29 11:34:59"
"Universal Buddy | Florida State Seminoles | Drip","uni-floridastatedrip","Primary","MG125-2","Bay",600,"yes","no","yes","2025-11-29 11:34:18"
"Thicc Buddy 40 |  Black","thicc40-black","Primary","MJ163-1","Floor",149,"yes","yes","yes","2025-11-29 02:13:42"
"Universal Buddy | Oregon Ducks","c-c-white-ncaa-oregon-stripe-uni","Primary","MB176-2","Bin",5,"yes","yes","yes","2025-11-29 00:50:02"
"To-Go Buddy | National Lampoon's | $h*%ter's Full ","c-c-cream-natlamp-shtfullsweater-tgb","Primary","MA118-1","Floor ",187,"yes","yes","yes","2025-11-29 00:20:55"
"Universal Buddy | EIU Panthers","c-c-royal-ncaa-easternillinois-stripe-uni","Primary","MB244-3","Bin",1,"yes","yes","yes","2025-11-29 00:13:04"
"Bottle Buddy | White","bottle32-white","Primary","MN102-2","Bay",240,"yes","no","yes","2025-11-28 21:14:19"
"Bottle Buddy | White","bottle32-white","Primary","MJ113-2","Bay",240,"yes","no","yes","2025-11-28 20:07:39"
"Christmas Mystery Buddy Box 2025 ","christmas-mystery-2025","Primary","MD114-2","Bay",63,"yes","no","yes","2025-11-28 19:48:32"
"To-Go Buddy | Frost-Bite","c-c-red-botw-frostbite-tgb","Primary","MB158-3","Bin",1,"yes","yes","yes","2025-11-28 18:52:50"
"Bottle Buddy | Navy","bottle32-navy","Primary","ML118-3","Bay",240,"yes","no","yes","2025-11-28 18:47:38"
"Bottle Buddy | Navy","bottle32-navy","Primary","MH113-2","Bay",240,"yes","no","yes","2025-11-28 18:41:51"
"Bottle Buddy | Bound By Flame","c-c-black-boundbyflame-bottle32","Primary","MB288-1","Bin",1,"yes","yes","yes","2025-11-28 18:32:19"
"Bottle Buddy | Navy","bottle32-navy","Primary","MG165-3","Bay",240,"yes","no","yes","2025-11-28 18:25:35"
"Universal Buddy | Michigan Wolverines | Night Game","c-c-darknight-ncaa-michigan-blackout-uni","Primary","MB185-3","Bin",1,"yes","yes","yes","2025-11-28 18:02:14"
"Universal XL | National Lampoon's | Snowman ","c-c-white-natlamp-snowman-xl","Primary","MB134-1","Bin",2,"yes","yes","yes","2025-11-28 17:10:56"
"Bottle Buddy | Navy","bottle32-navy","Primary","MK163-3","Bay",240,"yes","no","yes","2025-11-28 14:53:17"
"Bottle Buddy | Crimson","bottle32-crimson","Primary","MI143-2","Bay",240,"yes","no","yes","2025-11-28 14:44:01"
"Bottle Buddy | Navy","bottle32-navy","Primary","MI149-3","Bay",240,"yes","no","yes","2025-11-28 14:19:23"
"Universal Buddy | Oklahoma State Cowboys","c-c-black-ncaa-oklahomastate-stripe-uni","Primary","MB115-2","Bin",2,"yes","yes","yes","2025-11-28 14:17:18"
"Universal XL 24oz Can Lid | Hibiscus","lid24-hibiscus","Primary","MK101-1","Floor",42,"yes","yes","yes","2025-11-28 09:43:02"
"Universal XL Bumper | Red","unixlbumper-red","Primary","MH131-1","Floor",110,"yes","yes","yes","2025-11-28 09:36:59"
"Universal XL | Clemson Tigers | Gameday ","unixl-orange-ncaa-clemson-stripe","Primary","MK115-1","Floor",310,"yes","yes","yes","2025-11-28 09:33:21"
"To-Go Buddy | Kentucky Wildcats | Gameday ","togo30-royal-ncaa-kentucky-stripe","Primary","MF161-1","Floor",180,"yes","yes","yes","2025-11-28 08:33:48"
"Replacement Silicone | Thicc Buddy 50 | Lavender Fields","thicc50rubber-lavender","Primary","ME160-1","Floor",145,"yes","yes","yes","2025-11-28 08:28:02"
"Replacement Lid | Thicc Buddy 50 | Seafoam","thicc50lid-seafoam","Primary","MC115-1","Floor",3,"yes","yes","yes","2025-11-28 08:25:04"
"Replacement Lid | Thicc Buddy 50 | Ballet Slipper","thicc50lid-balletslipper","Primary","MC148-1","Floor",55,"yes","yes","yes","2025-11-28 08:22:15"
"Replacement Lid | Thicc Buddy 40 | Royal","thicc40lid-royal","Primary","ML151-1","Floor",121,"yes","yes","yes","2025-11-28 08:18:22"
"Thicc Buddy 40 | Emerald Elegance (Old Lid)","thicc40-emerald-oldlid","Primary","MD116-1","Floor",139,"yes","yes","yes","2025-11-28 08:09:46"
"Universal Buddy Drinking Lid with Straw | Hibiscus","Drinklid2straw-hibiscus","Primary","MD112-1","Floor",93,"yes","yes","yes","2025-11-28 08:05:52"
"Universal Buddy | Los Angeles Kings ","c-c-black-nhl-kings-stripe-uni","Primary","MB147-2","Bin",1,"yes","yes","yes","2025-11-28 07:56:25"
"Thicc Buddy 40oz | Penn State Nittany Lions | Legacy","thicc40-pennstate3d","Primary","MM132-1","Floor",23,"yes","yes","yes","2025-11-28 02:11:39"
"Universal Buddy | Correction","c-c-black-correctional-uni","Primary","MB143-3","Bin",2,"yes","yes","yes","2025-11-28 00:54:18"
"Bottle Buddy | Navy","bottle32-navy","Primary","MD114-3","Bay",240,"yes","no","yes","2025-11-27 23:28:47"
"Bottle Buddy | Navy","bottle32-navy","Primary","MJ121-2","Bay",240,"yes","no","yes","2025-11-27 23:22:15"
"Bottle Buddy | Crimson","bottle32-crimson","Primary","MH113-4","Bay",240,"yes","no","yes","2025-11-27 23:15:34"
"Bottle Buddy | Crimson","bottle32-crimson","Primary","MH121-4","Bay",240,"yes","no","yes","2025-11-27 23:08:59"
"Christmas Mystery Buddy Box 2025 ","christmas-mystery-2025","Primary","MN122-1","Floor",39,"yes","yes","yes","2025-11-27 22:31:40"
"Christmas Mystery Buddy Box 2025 ","christmas-mystery-2025","Primary","ME139-2","Bay",284,"yes","no","yes","2025-11-27 22:31:04"
"Bottle Buddy | Crimson","bottle32-crimson","Primary","ML111-2","Bay",240,"yes","no","yes","2025-11-27 22:22:41"
"Bottle Buddy | Crimson","bottle32-crimson","Primary","MH101-2","Bay",240,"yes","no","yes","2025-11-27 22:12:54"
"Bottle Buddy | Crimson","bottle32-crimson","Primary","MI161-3","Bay",240,"yes","no","yes","2025-11-27 22:06:08"
"Universal XL | Black","unixl-black","Primary","CF128-2","Bay",375,"yes","no","yes","2025-11-27 21:36:14"
"Bottle Buddy | Chicago Cubs","c-c-white-mlb-cubs-stripe-bottle32","Primary","MB308-1","Bin",3,"yes","yes","yes","2025-11-27 20:55:47"
"Christmas Mystery Buddy Box 2025 ","christmas-mystery-2025","Primary","MB105-4","Bay",54,"yes","no","yes","2025-11-27 20:15:16"
"Christmas Mystery Buddy Box 2025 ","christmas-mystery-2025","Primary","MC148-2","Bay",54,"yes","no","yes","2025-11-27 19:49:55"
"Thicc Buddy | Pencil 40oz","thicc40-pencil","Primary","MJ135-2","Bay",60,"yes","no","yes","2025-11-27 19:36:21"
"Christmas Mystery Buddy Box 2025 ","christmas-mystery-2025","Primary","MC152-2","Bay",54,"yes","no","yes","2025-11-27 19:33:19"
"Bottle Buddy | Crimson","bottle32-crimson","Primary","MG151-4","Bay",240,"yes","no","yes","2025-11-27 18:11:25"
"Bottle Buddy | Crimson","bottle32-crimson","Primary","MI153-3","Bay",240,"yes","no","yes","2025-11-27 17:52:08"
"Bottle Buddy | Crimson","bottle32-crimson","Primary","MH104-4","Bay",240,"yes","no","yes","2025-11-27 17:40:44"
"Bottle Buddy | Crimson","bottle32-crimson","Primary","ME163-4","Bay",240,"yes","no","yes","2025-11-27 04:43:21"
"Bottle Buddy | Crimson","bottle32-crimson","Primary","ME161-4","Bay",240,"yes","no","yes","2025-11-27 04:42:54"
"Bottle Buddy | Crimson","bottle32-crimson","Primary","MG145-4","Bay",240,"yes","no","yes","2025-11-27 04:05:58"
"Bottle Buddy | Crimson","bottle32-crimson","Primary","MH114-3","Bay",240,"yes","no","yes","2025-11-27 04:03:37"
"Bottle Buddy | Crimson","bottle32-crimson","Primary","MI136-3","Bay",240,"yes","no","yes","2025-11-27 03:48:54"
"Bottle Buddy | Crimson","bottle32-crimson","Primary","MJ123-3","Bay",240,"yes","no","yes","2025-11-27 03:44:48"
"Bottle Buddy | Navy","bottle32-navy","Primary","MJ125-3","Bay",240,"yes","no","yes","2025-11-27 03:43:30"
"Bottle Buddy | Crimson","bottle32-crimson","Primary","MJ108-3","Bay",240,"yes","no","yes","2025-11-27 03:38:40"
"Bottle Buddy | Crimson","bottle32-crimson","Primary","MI147-3","Bay",240,"yes","no","yes","2025-11-27 03:32:08"
"Universal Buddy | Ohio State Helmet","uni-silver-ncaa-ohiostate-helmet","Primary","MI150-4","Bay",300,"yes","no","yes","2025-11-27 03:29:54"
"Bottle Buddy | Crimson","bottle32-crimson","Primary","MI156-2","Bay",240,"yes","no","yes","2025-11-27 03:03:19"
"Bottle Buddy | Crimson","bottle32-crimson","Primary","MI142-2","Bay",180,"yes","no","yes","2025-11-27 03:01:21"
"Universal Buddy | Ole Miss Rebels | Legacy","uni-olemiss3d","Primary","MI143-3","Bay",300,"yes","no","yes","2025-11-27 02:58:56"
"Bottle Buddy | White","bottle32-white","Primary","MO122-4","Bay",80,"yes","no","yes","2025-11-27 02:55:49"
"Bottle Buddy | Crimson","bottle32-crimson","Primary","MI137-3","Bay",240,"yes","no","yes","2025-11-27 02:10:56"
"Universal Buddy | Nebraska Cornhuskers | Legacy ","uni-nebraska3d","Primary","MH126-4","Bay",275,"yes","no","yes","2025-11-27 01:58:33"
"Universal Buddy | Black","uni-black","Primary","MH122-4","Bay",600,"yes","no","yes","2025-11-27 01:50:14"
"Universal Buddy | Auburn TIgers | Legacy ","uni-auburn3d","Primary","MG161-2","Bay",300,"yes","no","yes","2025-11-27 01:08:01"
"Sublimated Sports Buddy 12 12oz","Sub-12kidbtle","Primary","MO127-1","Floor",600,"yes","yes","yes","2025-11-27 00:29:50"
"Bottle Buddy | Gumdrop","bottle32-gumdrop","Primary","MM115-1","Floor",240,"yes","yes","yes","2025-11-27 00:05:19"
"Universal Buddy | Duck It","uni-black-duckit","Primary","Delete Me","Bin",1,"yes","no","no","2025-11-27 00:02:47"
"Universal Buddy | Penn State Nittany Lions | Legacy ","uni-pennstate3dwhite","Primary","MO164-2","Bay",600,"yes","no","yes","2025-11-26 23:57:53"
"Universal Buddy | Ohio State Buckeyes | Gameday ","uni-white-ncaa-ohiostate-camo","Primary","MO115-1","Floor",600,"yes","yes","yes","2025-11-26 23:56:38"
"Universal XL | Nebraska Cornhuskers | Gameday ","unixl-red-ncaa-nebraska-stripe","Primary","MM119-1","Floor",429,"yes","yes","yes","2025-11-26 23:51:39"
"Universal XL | Texas Rangers ","unixl-royal-mlb-rangers-stripe","Primary","MG116-1","Floor",419,"yes","yes","yes","2025-11-26 23:43:14"
"Universal XL | Gunmetal Glory","unixl-gunmetalglory","Primary","MD133-1","Floor",273,"yes","yes","yes","2025-11-26 23:38:58"
"Universal XL | Ohio State Buckeyes | Gameday ","unixl-white-ncaa-ohiostate-camo","Primary","MN105-1","Floor",65,"yes","yes","yes","2025-11-26 23:36:02"
"Universal XL | Tennessee Vols | Gameday ","unixl-rockytop-ncaa-tennessee-stripe","Primary","MJ115-1","Floor",416,"yes","yes","yes","2025-11-26 23:02:51"
"Universal Buddy | Iowa Hawkeyes | Legacy ","uni-iowa3d","Primary","MQ164-4","Bay",600,"yes","no","yes","2025-11-26 23:00:28"
"Universal Buddy | Clemson Tigers | Legacy ","uni-clemson3d","Primary","MQ164-3","Bay",600,"yes","no","yes","2025-11-26 22:59:53"
"Universal XL | Clemson Tigers | Gameday ","unixl-orange-ncaa-clemson-stripe","Primary","MG146-2","Bay",100,"yes","no","yes","2025-11-26 22:03:25"
"Universal Buddy | Auburn TIgers | Legacy ","uni-auburn3d","Primary","MH140-2","Bay",600,"yes","no","yes","2025-11-26 21:56:42"
"Universal Buddy | Kentucky Wildcats","c-c-royal-ncaa-kentucky-stripe-uni","Primary","MB106-3","Bin",12,"yes","yes","yes","2025-11-26 21:51:45"
"Universal Buddy | Boston Red Sox","c-c-royal-mlb-redsox-cc-uni","Primary","MB150-3","Bin",1,"yes","yes","yes","2025-11-26 21:49:09"
"Universal XL | Ohio State Buckeyes | Gameday ","unixl-black-ncaa-ohiostate-stripe","Primary","MP107-2","Bay",100,"yes","no","yes","2025-11-26 21:47:27"
"Bottle Buddy | Florida Gators","c-c-black-ncaa-florida-stripe-bottle32","Primary","MB287-2","Bin",2,"yes","yes","yes","2025-11-26 20:50:39"
"Bottle Buddy 32oz | Tennessee Vols | Legacy","bottle32-tennesseelegacy","Primary","MF148-1","Floor",2,"yes","yes","yes","2025-11-26 19:44:11"
"Universal Buddy | Arkansas Razorbacks","c-c-crimson-ncaa-arkansas-stripe-uni","Primary","MB105-3","Bin",25,"yes","yes","yes","2025-11-26 18:42:32"
"Universal Buddy | Appalachian State Mountaineers","c-c-black-ncaa-appstate-stripe-uni","Primary","Delete Me","Bin",1,"yes","no","no","2025-11-26 18:34:20"
"Universal XL | Dayton Flyers","c-c-navy-ncaa-dayton-stripe-xl","Primary","MB190-3","Bin",1,"yes","yes","yes","2025-11-26 17:12:34"
"Universal XL | Atlanta Braves","c-c-white-mlb-braves-cc-xl","Primary","MB239-2","Bin",2,"yes","yes","yes","2025-11-26 16:22:13"
"uni-icicle-unboxed","uni-icicle-unboxed","Primary","CD136-1","Floor",43,"yes","no","yes","2025-11-26 15:48:28"
"Thicc Buddy 40 | Caramel","thicc40-caramel","Primary","CC107-1","Floor",1,"yes","no","yes","2025-11-26 15:23:00"
"Unboxed Thicc40 | Cream","thicc40-cream-unboxed","Primary","CC107-1","Floor",10,"yes","no","yes","2025-11-26 15:22:28"
"Universal Buddy | Happy Dad Tea","c-c-royal-happydad-tea-uni","Primary","MB222-1","Bin",2,"yes","yes","yes","2025-11-26 14:38:38"
"Bottle Buddy 32 | Pencil 32oz","bottle32-pencil","Primary","MP108-4","Bay",239,"yes","no","yes","2025-11-26 09:46:18"
"Bottle Buddy | White","bottle32-white","Primary","MN124-4","Bay",240,"yes","no","yes","2025-11-26 09:38:38"
"To-Go Buddy Lid Ice Cream","togolid-icecream","Primary","MA150-2","Bin",1,"yes","yes","yes","2025-11-26 09:07:49"
"Universal Buddy | Toronto Maple Leafs","c-c-white-nhl-mapleleafs-stripe-uni","Primary","MB114-3","Bin",1,"yes","yes","yes","2025-11-26 06:19:33"
"To-Go Buddy | Tennessee Vols | Gameday ","togo30-black-ncaa-tennessee-stripe","Primary","MF104-2","Bay",100,"yes","no","yes","2025-11-26 05:30:01"
"Universal XL | Florida State Seminoles | Gameday ","unixl-black-ncaa-floridastate-stripe","Primary","MH114-2","Bay",100,"yes","no","yes","2025-11-26 05:26:52"
"Universal XL | Florida Gators | Gameday ","unixl-black-ncaa-florida-stripe","Primary","MI144-2","Bay",100,"yes","no","yes","2025-11-26 05:24:06"
"Universal XL | West Virginia Mountaineers | Gameday ","unixl-navy-ncaa-westvirginia-stripe","Primary","MN106-1","Floor",412,"yes","yes","yes","2025-11-26 05:12:05"
"Universal XL | Tennessee Vols | Gameday ","unixl-black-ncaa-tennessee-stripe","Primary","MN101-1","Floor",325,"yes","yes","yes","2025-11-26 05:10:04"
"To-Go Buddy | Michigan Wolverines | Gameday ","togo30-navy-ncaa-michigan-stripe","Primary","MC116-1","Floor",303,"yes","yes","yes","2025-11-26 05:07:42"
"To-Go Buddy | Los Angeles Dodgers ","togo30-royal-mlb-dodgers-stripe","Primary","MI155-1","Floor",169,"yes","yes","yes","2025-11-26 04:49:32"
"Universal XL | Georgia Bulldogs | Gameday ","unixl-black-ncaa-georgia-stripe","Primary","MP112-1","Floor",328,"yes","yes","yes","2025-11-26 04:46:57"
"Universal XL | Alabama Crimson Tide | Gameday ","unixl-crimson-ncaa-alabama-stripe","Primary","MP108-1","Floor",260,"yes","yes","yes","2025-11-26 04:26:41"
"Universal XL | Texas Tech Red Raiders | Gameday ","unixl-black-ncaa-texastech-stripe","Primary","MP106-1","Floor",386,"yes","yes","yes","2025-11-26 04:24:58"
"Universal XL | Ohio State Buckeyes | Gameday ","unixl-black-ncaa-ohiostate-stripe","Primary","MP115-1","Floor",91,"yes","yes","yes","2025-11-26 04:16:33"
"Universal XL | Florida State Seminoles | Gameday ","unixl-black-ncaa-floridastate-stripe","Primary","MP111-1","Floor",304,"yes","yes","yes","2025-11-26 04:15:22"
"Universal XL | Philadelphia Phillies ","unixl-white-mlb-phillies-stripe","Primary","MP109-1","Floor",407,"yes","yes","yes","2025-11-26 03:21:43"
"Universal XL | Los Angeles Dodgers ","unixl-royal-mlb-dodgers-stripe","Primary","MP107-1","Floor",163,"yes","yes","yes","2025-11-26 03:20:05"
"Bottle Buddy | Cowabunga","bottle32-cowabunga","Primary","MH129-1","Floor",275,"yes","yes","yes","2025-11-26 01:30:13"
"Universal Buddy | South Carolina  Gamecocks | Legacy ","uni-southcarolina3dgarnet","Primary","MK145-1","Floor",173,"yes","yes","yes","2025-11-26 01:17:06"
"Universal Buddy | Georgia Bulldogs | Legacy","uni-georgia3d","Primary","MN164-1","Floor",229,"yes","yes","yes","2025-11-26 00:13:55"
"Universal Buddy XL | Custom Color Print Red","corp-red-xl","Primary","Corporate Processing","",8,"yes","yes","yes","2025-11-25 22:20:16"
"Universal Buddy | Indiana Hoosiers","c-c-crimson-ncaa-indiana-stripe-uni","Primary","Rally House Processing","Floor",18,"yes","no","yes","2025-11-25 20:43:24"
"Universal XL | Auburn Tigers | Gameday ","unixl-navy-ncaa-auburn-stripe","Primary","MI161-1","Floor",378,"yes","yes","yes","2025-11-25 20:35:21"
"Thicc Buddy 50 | Navy","thicc50-navy-oldlid","Primary","MF104-1","Floor",94,"yes","yes","yes","2025-11-25 20:28:49"
"Bottle Buddy | Texas A&M Aggies | Blackout ","c-c-darknight-ncaa-texasa&m-blackout-bottle32","Primary","Delete Me","Bin",2,"yes","no","no","2025-11-25 19:34:32"
"Universal Buddy | Oklahoma Sooners","c-c-crimson-ncaa-oklahoma-stripe-uni","Primary","MB137-3","Bin",27,"yes","yes","yes","2025-11-25 17:58:24"
"Universal Buddy | Indiana Hoosiers","c-c-crimson-ncaa-indiana-stripe-uni","Primary","MB116-2","Bin",7,"yes","yes","yes","2025-11-25 17:51:26"
"To-Go Buddy | No Lid Neon Yellow | 4 Pack","ws-togo-yellow4","Primary","MN161-1","Floor",68,"yes","yes","yes","2025-11-25 17:21:27"
"Sippin' Buddy 2.0 | White","sip8-whitelp","Primary","MN124-1","Floor",652,"yes","yes","yes","2025-11-25 16:09:45"
"thicc40-banana-unboxed","thicc40-banana-unboxed","Primary","CC115-1","Floor",72,"yes","no","yes","2025-11-25 15:56:17"
"To-Go Buddy | Alabama Crimson Tide | Gameday ","togo30-crimson-ncaa-alabama-stripe","Primary","MO128-1","Floor",85,"yes","yes","yes","2025-11-25 14:53:40"
"Universal Buddy | Missouri Tigers","c-c-black-ncaa-missouri-stripe-uni","Primary","MB250-2","Bin",15,"yes","yes","yes","2025-11-25 14:23:10"
"Universal Buddy | Missouri Tigers","c-c-black-ncaa-missouri-stripe-uni","Primary","MB250-1","Bin",36,"yes","yes","yes","2025-11-25 14:21:13"
"Universal XL | Alabama Crimson Tide | Gameday ","unixl-crimson-ncaa-alabama-stripe","Primary","MN110-1","Floor",428,"yes","yes","yes","2025-11-25 13:52:20"
"Universal Buddy | Black","uni-black","Primary","MF108-3","Bay",600,"yes","no","yes","2025-11-25 12:06:05"
"Universal Buddy | Auburn TIgers | Legacy ","uni-auburn3d","Primary","MJ130-1","Floor",82,"yes","yes","yes","2025-11-25 11:07:48"
"Universal Buddy | Nebraska Cornhuskers | Legacy ","uni-nebraska3d","Primary","MN103-1","Floor",497,"yes","yes","yes","2025-11-25 08:25:48"
"Thicc Buddy 40 | Ski Season ","thicc40-skiseason","Primary","MM112-1","Floor",21,"yes","yes","yes","2025-11-25 08:18:31"
"Universal Buddy | Banana","uni-banana","Primary","MM131-1","Floor",8,"yes","yes","yes","2025-11-25 08:11:51"
"thicc40-prizm-oldlid","thicc40-prizm-oldlid","Primary","MF165-1","Floor",1,"yes","yes","yes","2025-11-25 08:09:18"
"Bottle Buddy 32oz | Penn State Nittany Lions ","bottle32-white-ncaa-pennstate-stripe","Primary","MK121-1","Floor",260,"yes","yes","yes","2025-11-25 05:37:24"
"Bottle Buddy | Crimson","bottle32-crimson","Primary","MH141-1","Floor",37,"yes","yes","yes","2025-11-25 05:15:19"
"Bottle Buddy 32oz | Tennessee Vols ","bottle32-black-ncaa-tennessee-stripe","Primary","MD147-1","Floor",234,"yes","yes","yes","2025-11-25 05:08:55"
"Thicc Buddy | Pencil 40oz","thicc40-pencil","Primary","MO133-2","Bay",144,"yes","no","yes","2025-11-25 03:35:25"
"Universal Buddy | Ole Miss Rebels | Legacy","uni-olemiss3d","Primary","MC136-1","Floor",320,"yes","yes","yes","2025-11-25 01:27:17"
"Bottle Buddy | Miami Marlins","c-c-black-mlb-marlins-stripe-bottle32","Primary","MB264-2","Bin",1,"yes","yes","yes","2025-11-25 01:02:48"
"Bottle Buddy | Navy","bottle32-navy","Primary","Receiving","",60,"yes","no","yes","2025-11-25 00:55:18"
"Bottle Buddy | Gunmetal Glory","c-c-black-gunmetalglory-bottle32","Primary","MB286-3","Bin",10,"yes","yes","yes","2025-11-25 00:47:00"
"Thicc Buddy 40 | Emerald Elegance","thicc40-emerald","Primary","Delete Me","Bin",1,"yes","no","no","2025-11-24 23:56:54"
"Universal Buddy | Clemson Tigers","c-c-white-ncaa-clemson-stripe-uni","Primary","MB276-3","Bin",3,"yes","yes","yes","2025-11-24 23:38:34"
"Universal Buddy | Crimson","uni-crimson","Primary","MB130-5","Bay",600,"yes","no","yes","2025-11-24 21:38:42"
"Universal XL | Buddy Of The Week | Black Skulls","c-c-black-botw-blackskulls-xl","Primary","MB196-1","Bin",1,"yes","yes","yes","2025-11-24 21:27:04"
"Universal XL | Los Angeles Dodgers","c-c-royal-mlb-dodgers-stripe-xl","Primary","MB198-1","Bin",6,"yes","yes","yes","2025-11-24 21:26:21"
"Bottle Buddy | White","bottle32-white","Primary","CA108-2","Bay",240,"yes","no","yes","2025-11-24 21:00:56"
"Universal Buddy | South Carolina  Gamecocks | Legacy ","uni-southcarolina3dgarnet","Primary","MD123-3","Bay",600,"yes","no","yes","2025-11-24 20:00:20"
"Universal XL | Ohio State Buckeyes | Gameday ","unixl-white-ncaa-ohiostate-camo","Primary","MH129-3","Bay",400,"yes","no","yes","2025-11-24 19:59:18"
"Universal Buddy | Uconn Huskies","c-c-white-ncaa-uconn-stripe-uni","Primary","MB138-2","Bin",2,"yes","yes","yes","2025-11-24 19:54:50"
"Universal Buddy | White","uni-allwhite","Primary","CF134-2","Bay",225,"yes","no","yes","2025-11-24 19:47:49"
"Universal Buddy | Greek Life | Chi Omega ","c-l-white-greek-chiomega-logo-uni","Primary","MB279-3","Bin",1,"yes","yes","yes","2025-11-24 18:56:55"
"Universal Buddy | South Carolina  Gamecocks | Legacy ","uni-southcarolina3dgarnet","Primary","MH107-3","Bay",400,"yes","no","yes","2025-11-24 18:28:48"
"Bottle Buddy 32oz | Penn State Nittany Lions ","bottle32-white-ncaa-pennstate-stripe","Primary","MN157-1","Floor",132,"yes","yes","yes","2025-11-24 18:26:44"
"Universal Buddy | Clemson Tigers | Legacy ","uni-clemson3d","Primary","ME144-3","Bay",600,"yes","no","yes","2025-11-24 18:20:55"
"Bottle Buddy | Ohio State Buckeyes","bottle32-ohiostatehelmet","Primary","MP112-3","Bay",180,"yes","no","yes","2025-11-24 17:36:03"
"Universal Buddy | Texas Tech Red Raiders","c-c-red-ncaa-texastech-baseballjersey-uni","Primary","MB137-1","Bin",8,"yes","yes","yes","2025-11-24 16:23:56"
"Universal Buddy | Purdue Boilermakers","uni-black-ncaa-purdue-stripe","Primary","Delete Me","Bin",1,"yes","no","no","2025-11-24 16:23:10"
"Universal Buddy | South Carolina  Gamecocks | Legacy ","uni-southcarolina3dblack","Primary","MG124-3","Bay",600,"yes","no","yes","2025-11-24 14:54:23"
"Universal Buddy | Ohio State Helmet","uni-silver-ncaa-ohiostate-helmet","Primary","MG140-3","Bay",600,"yes","no","yes","2025-11-24 14:27:15"
"Universal XL | Black","unixl-black","Primary","MN165-3","Bay",400,"yes","no","yes","2025-11-24 11:33:54"
"Universal XL | Oklahoma Sooners | Gameday ","unixl-crimson-ncaa-oklahoma-stripe","Primary","MN155-1","Floor",391,"yes","yes","yes","2025-11-24 11:24:09"
"Universal XL | Michigan Wolverines | Gameday ","unixl-navy-ncaa-michigan-stripe","Primary","MN148-1","Floor",320,"yes","yes","yes","2025-11-24 11:21:11"
"Universal Buddy | South Carolina  Gamecocks | Legacy ","uni-southcarolina3dblack","Primary","MN142-1","Floor",572,"yes","yes","yes","2025-11-24 11:15:03"
"Universal Buddy | Clemson Tigers | Legacy ","uni-clemson3d","Primary","MN139-1","Floor",572,"yes","yes","yes","2025-11-24 11:13:04"
"Universal XL | Georgia Bulldogs | Gameday ","unixl-red-ncaa-georgia-stripe","Primary","MN125-1","Floor",414,"yes","yes","yes","2025-11-24 11:06:35"
"Universal XL | Kentucky Wildcats | Gameday ","unixl-royal-ncaa-kentucky-stripe","Primary","MN123-1","Floor",499,"yes","yes","yes","2025-11-24 11:04:13"
"Universal XL | South Carolina Gamecocks | Gameday ","unixl-black-ncaa-southcarolina-stripe","Primary","MN115-1","Floor",426,"yes","yes","yes","2025-11-24 10:49:27"
"Universal XL | Chicago Cubs ","unixl-white-mlb-cubs-stripe","Primary","MN113-1","Floor",282,"yes","yes","yes","2025-11-24 10:47:30"
"Universal XL | Florida Gators | Gameday ","unixl-black-ncaa-florida-stripe","Primary","MN111-1","Floor",279,"yes","yes","yes","2025-11-24 10:41:36"
"Universal Buddy | Penn State Nittany Lions | Legacy ","uni-pennstate3dwhite","Primary","MN109-4","Bay",600,"yes","no","yes","2025-11-24 10:38:38"
"Universal XL | Ohio State Buckeyes | Gameday ","unixl-black-ncaa-ohiostate-camo","Primary","MN109-1","Floor",328,"yes","yes","yes","2025-11-24 10:19:59"
"Universal Buddy | Ohio State Buckeyes | Legacy ","uni-ohiostate3dgray","Primary","MP103-1","Floor",3,"yes","yes","yes","2025-11-24 09:55:49"
"To-Go Buddy | Duck the Halls ","c-c-white-duckthehalls-tgb","Primary","MB249-3","Bin",1,"yes","yes","yes","2025-11-24 07:51:57"
"Mini Thicc Buddy | Rocky Top","thicc16-rockytop","Primary","MH148-1","Floor",132,"yes","yes","yes","2025-11-24 05:36:52"
"Bottle Buddy 32oz | Michigan Wolverines ","bottle32-navy-ncaa-michigan-stripe","Primary","MM127-1","Floor",267,"yes","yes","yes","2025-11-24 04:58:54"
"Bottle Buddy 32oz | Philidelphia Phillies ","bottle32-white-mlb-phillies-stripe","Primary","MN112-1","Floor",122,"yes","yes","yes","2025-11-24 04:52:14"
"Bottle Buddy 32oz | Chicago Cubs ","bottle32-white-mlb-cubs-stripe","Primary","MN126-1","Floor",18,"yes","yes","yes","2025-11-24 04:50:17"
"Bottle Buddy 24oz | Penn State Nittany Lions | Legacy","bottle24-pennstatelegacy","Primary","MJ138-1","Floor",70,"yes","yes","yes","2025-11-24 03:25:02"
"Universal Buddy | Red","uni-red1","Primary","MN101-2","Bay",300,"yes","no","yes","2025-11-24 02:40:16"
"Universal Buddy | Black","uni-black","Primary","ME139-3","Bay",600,"yes","no","yes","2025-11-24 01:02:49"
"Universal Buddy | Black","uni-black","Primary","ME141-3","Bay",600,"yes","no","yes","2025-11-24 01:02:12"
"Universal Buddy | Black","uni-black","Primary","MD129-2","Bay",600,"yes","no","yes","2025-11-24 00:50:36"
"Universal Buddy | Black","uni-black","Primary","MF110-2","Bay",600,"yes","no","yes","2025-11-24 00:32:49"
"Universal Buddy | Black","uni-black","Primary","MF105-2","Bay",600,"yes","no","yes","2025-11-24 00:31:17"
"Universal Buddy | Black","uni-black","Primary","MH127-3","Bay",600,"yes","no","yes","2025-11-24 00:13:55"
"To-Go Buddy | Purdue Boilermakers","c-c-black-ncaa-purdue-stripe-tgb","Primary","MB208-3","Bin",7,"yes","yes","yes","2025-11-24 00:12:21"
"To-Go Buddy | Penn State Nittany Lions | Gameday ","togo30-navy-ncaa-pennstate-stripe","Primary","MF141-2","Bay",100,"yes","no","yes","2025-11-23 23:54:25"
"Universal Buddy | Black","uni-black","Primary","MC133-4","Bay",600,"yes","no","yes","2025-11-23 23:52:33"
"Universal Buddy | Black","uni-black","Primary","MG131-2","Bay",600,"yes","no","yes","2025-11-23 23:34:57"
"To-Go Buddy | Royal","togo30-royal","Primary","MB106-4","Bay",400,"yes","no","yes","2025-11-23 23:06:54"
"To-Go Buddy | New York Yankees ","togo30-white-mlb-yankees-stripe","Primary","MD142-2","Bay",100,"yes","no","yes","2025-11-23 23:05:09"
"Universal Buddy | Black","uni-black","Primary","MD110-2","Bay",600,"yes","no","yes","2025-11-23 22:57:21"
"To-Go Buddy | Pencil","togo30-pencil","Primary","MC122-4","Bay",400,"yes","no","yes","2025-11-23 22:53:25"
"To-Go Buddy | White","togo30-white","Primary","CA135-1","Floor",400,"yes","no","yes","2025-11-23 20:53:33"
"To-Go Buddy | Ohio State Buckeyes | Gameday ","togo30-black-ncaa-ohiostate-camo","Primary","MD118-2","Bay",100,"yes","no","yes","2025-11-23 18:50:21"
"Universal Buddy | Black","uni-black","Primary","MD127-3","Bay",600,"yes","no","yes","2025-11-23 15:56:41"
"Bottle Buddy | New York Mets","c-c-white-mlb-mets-stripe-bottle32","Primary","MB234-3","Bin",1,"yes","yes","yes","2025-11-23 14:59:09"
"Replacement Silicone | Thicc Buddy 40 | Black","thicc40rubber-black","Primary","MB131-4","Bay",53,"yes","no","yes","2025-11-23 09:20:02"
"To-Go Buddy | Tennessee Vols | Gameday ","togo30-black-ncaa-tennessee-stripe","Primary","MJ120-1","Floor",114,"yes","yes","yes","2025-11-23 07:58:13"
"Universal Buddy | Black","uni-black","Primary","MI162-3","Bay",600,"yes","no","yes","2025-11-23 07:45:40"
"To-Go Buddy | New York Yankees ","togo30-white-mlb-yankees-stripe","Primary","ME151-1","Floor",167,"yes","yes","yes","2025-11-23 07:19:58"
"To-Go Buddy Lid White","togolid-white","Primary","MH140-1","Floor",10,"yes","yes","yes","2025-11-23 07:15:06"
"Universal Buddy | Black","uni-black","Primary","MB130-6","Bay",550,"yes","no","yes","2025-11-23 07:10:08"
"Universal Buddy | Black","uni-black","Primary","MB126-6","Bay",600,"yes","no","yes","2025-11-23 07:07:15"
"Universal Buddy | Crimson","uni-crimson","Primary","MB129-6","Bay",600,"yes","no","yes","2025-11-23 06:45:12"
"Universal Buddy | Black","uni-black","Primary","MB122-5","Bay",600,"yes","no","yes","2025-11-23 06:42:48"
"Universal Buddy | Black","uni-black","Primary","MB114-6","Bay",600,"yes","no","yes","2025-11-23 06:37:25"
"Universal Buddy | Black","uni-black","Primary","MB115-5","Bay",600,"yes","no","yes","2025-11-23 06:35:35"
"Universal Buddy | Philadelphia Flyers","c-c-black-nhl-flyers-stripe-uni","Primary","MB186-2","Bin",1,"yes","yes","yes","2025-11-23 05:19:52"
"Universal Buddy | Royal","uni-royal","Primary","MF106-4","Bay",600,"yes","no","yes","2025-11-23 03:49:24"
"To-Go Buddy | Black & White Checkered ","togo30-blackwhitecheckered","Primary","MG131-4","Bay",400,"yes","no","yes","2025-11-23 01:14:44"
"Bottle Buddy | Tactical Green","bottle32-tactical","Primary","MG142-1","Floor",210,"yes","yes","yes","2025-11-23 00:17:22"
"Universal Buddy | Oklahoma State Cowboys","c-c-black-ncaa-oklahomastate-stripe-uni","Primary","MB115-3","Bin",36,"yes","yes","yes","2025-11-22 22:12:29"
"Bottle Buddy 32oz | Philidelphia Phillies ","bottle32-white-mlb-phillies-stripe","Primary","MC145-4","Bay",240,"yes","no","yes","2025-11-22 21:19:32"
"Universal Buddy | Happy Dad | Death Row Records","c-c-purple-happydad-deathrow-uni","Primary","MB149-3","Bin",1,"yes","yes","yes","2025-11-22 21:18:21"
"Universal XL | Chicago Cubs","c-c-white-mlb-cubs-stripe-xl","Primary","MB252-1","Bin",1,"yes","yes","yes","2025-11-22 18:30:29"
"To-Go Buddy | I Scream For Ice Cream","togo30-iscream4icecream","Primary","MH119-2","Bay",400,"yes","no","yes","2025-11-22 17:30:19"
"Bottle Buddy | Baltimore Orioles","c-c-black-mlb-orioles-stripe-bottle32","Primary","MB103-1","Bin",3,"yes","yes","yes","2025-11-22 15:35:37"
"Universal Buddy Drinking Lid with Straw | Orange","Drinklid2straw-orange","Primary","MF125-1","Floor",357,"yes","yes","yes","2025-11-22 15:06:27"
"Bottle Buddy 32oz | Buddy Of The Week | Spotted Caramel ","c-c-caramel-spottedcaramel-bottle32","Primary","MB247-3","Bin",8,"yes","yes","yes","2025-11-22 14:44:29"
"Universal Buddy Drinking Lid with Straw | Green","Drinklid2straw-green","Primary","MC101-1","Floor",213,"yes","yes","yes","2025-11-22 14:41:57"
"Mini Thicc Buddy | Ohio State Buckeyes | Drip","thicc16-ohiostatedrip","Primary","MH135-1","Floor",121,"yes","yes","yes","2025-11-22 11:00:25"
"Universal Buddy | South Carolina Gamecocks","uni-black-ncaa-southcarolina-stripe","Primary","CF103-2","Bay",600,"yes","no","yes","2025-11-22 03:29:43"
"Replacement Silicone | To-Go Buddy | Black","togorubber-black","Primary","MA142-3","Bin",18,"yes","yes","yes","2025-11-22 02:27:24"
"Bottle Buddy | Tactical Green","bottle32-tactical","Primary","MC152-3","Bay",240,"yes","no","yes","2025-11-22 00:38:55"
"Universal Buddy | Penn State Nittany Lions | Legacy ","uni-pennstate3dwhite","Primary","MH116-1","Floor",462,"yes","yes","yes","2025-11-22 00:37:54"
"Universal Buddy | Ohio Bobcats","c-c-black-ncaa-ohio-stripe-uni","Primary","MB177-1","Bin",1,"yes","yes","yes","2025-11-22 00:05:41"
"Universal Buddy | Kentucky Wildcats","c-c-royal-ncaa-kentucky-stripe-uni","Primary","MB106-1","Bin",35,"yes","yes","yes","2025-11-21 23:50:28"
"To-Go Buddy | Rocket Pop","togo30-rocketpop","Primary","MC117-2","Bay",100,"yes","no","yes","2025-11-21 23:33:46"
"To-Go Buddy | Royal","togo30-royal","Primary","MF127-4","Bay",400,"yes","no","yes","2025-11-21 23:29:09"
"To-Go Buddy | Ohio State Buckeyes | Gameday ","togo30-black-ncaa-ohiostate-camo","Primary","MO116-1","Floor",262,"yes","yes","yes","2025-11-21 23:19:06"
"To-Go Buddy | I Scream For Ice Cream","togo30-iscream4icecream","Primary","MN152-1","Floor",353,"yes","yes","yes","2025-11-21 23:12:58"
"To-Go Buddy | Kentucky Wildcats | Gameday ","togo30-royal-ncaa-kentucky-stripe","Primary","MC123-2","Bay",100,"yes","no","yes","2025-11-21 22:41:44"
"To-Go Buddy | Penn State Nittany Lions | Gameday ","togo30-navy-ncaa-pennstate-stripe","Primary","MN153-1","Floor",309,"yes","yes","yes","2025-11-21 22:31:40"
"To-Go Buddy | Royal","togo30-royal","Primary","MJ126-3","Bay",400,"yes","no","yes","2025-11-21 22:16:16"
"To-Go Buddy | Pencil","togo30-pencil","Primary","ME167-4","Bay",400,"yes","no","yes","2025-11-21 22:09:04"
"To-Go Buddy | Royal","togo30-royal","Primary","ME143-4","Bay",400,"yes","no","yes","2025-11-21 21:54:44"
"To-Go Buddy | Royal","togo30-royal","Primary","MF117-4","Bay",400,"yes","no","yes","2025-11-21 21:46:10"
"Bottle Buddy | Missouri Tigers","c-c-black-ncaa-missouri-stripe-bottle32","Primary","MB240-3","Bin",1,"yes","yes","yes","2025-11-21 21:01:30"
"Universal XL | Bound By Flame","c-c-black-boundbyflame-xl","Primary","MB162-2","Bin",1,"yes","yes","yes","2025-11-21 18:05:20"
"Bottle Buddy | West Virginia Mountaineers | Blackout ","c-c-darknight-ncaa-westvirginia-blackout-bottle32","Primary","MB270-2","Bin",2,"yes","yes","yes","2025-11-21 17:35:58"
"Thicc Buddy 50 | Berry","thicc50-ogberry-strawberrytop","Primary","MJ112-1","Floor",2,"yes","yes","yes","2025-11-21 17:15:48"
"Bottle Buddy | Ohio State Buckeyes","bottle32-ohiostatehelmet","Primary","MJ103-4","Bay",240,"yes","no","yes","2025-11-21 16:52:26"
"Universal Buddy | Arkansas Razorbacks | Night Game ","c-c-darknight-ncaa-arkansas-blackout-uni","Primary","MB105-2","Bin",2,"yes","yes","yes","2025-11-21 15:52:35"
"Bottle Buddy | Ohio State Buckeyes","bottle32-ohiostatehelmet","Primary","MF125-4","Bay",240,"yes","no","yes","2025-11-21 14:50:03"
"Universal XL | Drinking Lid","unixl-lid-clear","Primary","Delete Me","Bin",1,"yes","no","no","2025-11-21 01:27:30"
"Bottle Buddy | Alabama Crimson Tide | Night Game","c-c-darknight-ncaa-alabama-blackout-bottle32","Primary","MB255-1","Bin",2,"yes","yes","yes","2025-11-21 01:00:03"
"Universal Buddy | Royal","uni-royal","Primary","MF109-2","Bay",600,"yes","no","yes","2025-11-21 00:51:05"
"Universal Buddy | Royal","uni-royal","Primary","ME151-2","Bay",600,"yes","no","yes","2025-11-21 00:46:01"
"Thicc Buddy 40 | Dark Glitz","thicc40-darkglitz","Primary","MC111-2","Bay",72,"yes","no","yes","2025-11-21 00:27:18"
"Universal Buddy | Navy","uni-navy1","Primary","ME159-1","Floor",334,"yes","yes","yes","2025-11-21 00:24:40"
"Thicc Buddy 40 | Dark Glitz","thicc40-darkglitz","Primary","MC110-2","Bay",144,"yes","no","yes","2025-11-21 00:17:06"
"Thicc Buddy 40 | Dark Glitz","thicc40-darkglitz","Primary","MC108-2","Bay",144,"yes","no","yes","2025-11-21 00:06:35"
"Bottle Buddy | Ohio State Buckeyes","bottle32-ohiostatehelmet","Primary","MB117-4","Bay",100,"yes","no","yes","2025-11-20 23:16:18"
"Bottle Buddy 32oz | Penn State Nittany Lions ","bottle32-white-ncaa-pennstate-stripe","Primary","MD121-2","Bay",80,"yes","no","yes","2025-11-20 22:34:07"
"Universal Buddy | Iowa Hawkeyes","c-c-black-ncaa-iowa-stripe-uni","Primary","MB300-2","Bin",27,"yes","yes","yes","2025-11-20 22:15:12"
"Bottle Buddy 32oz | Los Angeles Dodgers ","bottle32-royal-mlb-dodgers-stripe","Primary","MM105-1","Floor",245,"yes","yes","yes","2025-11-20 19:41:34"
"Universal Buddy | Ohio State Buckeyes","c-c-white-ncaa-ohiostate-camostripe-uni","Primary","MB264-2","Bin",1,"yes","yes","yes","2025-11-20 19:20:11"
"Universal XL | Chicago White Sox","c-c-white-mlb-whitesox-stripe-xl","Primary","MB197-3","Bin",1,"yes","yes","yes","2025-11-20 18:16:31"
"Mini Thicc Buddy | Starlight","thicc16-starlight","Primary","Delete Me","Bin",2,"yes","no","no","2025-11-20 18:05:58"
"Thicc Buddy 40 | Flip Lid | Pink Ice Cream","thicc40flip-pinkicecream","Primary","MN145-1","Floor",194,"yes","yes","yes","2025-11-20 16:48:32"
"Bottle Buddy | Gunmetal Glory","bottle32-gunmetalglory","Primary","ML139-2","Bay",240,"yes","no","yes","2025-11-20 15:44:26"
"Bottle Buddy | Gunmetal Glory","bottle32-gunmetalglory","Primary","MK157-2","Bay",240,"yes","no","yes","2025-11-20 15:42:42"
"To-Go Buddy | Georgia Bulldogs | Gameday ","togo30-black-ncaa-georgia-stripe","Primary","MM154-1","Floor",138,"yes","yes","yes","2025-11-20 15:23:13"
"Thicc Buddy 40 | Mademoiselle Old Lid","thicc40-mademoiselle-oldlid","Primary","Delete Me","Bin",144,"yes","no","no","2025-11-20 14:23:03"
"Universal Buddy Protein Shaker Lid","uniproteinlid-black","Primary","Delete Me","Bin",1,"yes","no","no","2025-11-20 14:20:34"
"Bottle Buddy | White","bottle32-white","Primary","Delete Me","Bin",159,"yes","no","no","2025-11-20 13:37:25"
"Universal XL | Boston Red Sox","c-c-royal-mlb-redsox-cc-xl","Primary","MB109-1","Bin",1,"yes","yes","yes","2025-11-20 12:19:32"
"To-Go Buddy | Buddy Of The Week | Fall Breeze ","c-c-cream-botw-fallbreeze-tgb","Primary","MB238-2","Bin",3,"yes","yes","yes","2025-11-20 11:42:16"
"Universal Buddy | Navy","uni-navy1","Primary","MJ112-2","Bay",600,"yes","no","yes","2025-11-20 11:14:53"
"Universal Buddy | Crimson","uni-crimson","Primary","MG145-2","Bay",600,"yes","no","yes","2025-11-20 11:10:50"
"Universal Buddy | Black","uni-black","Primary","MH145-2","Bay",500,"yes","no","yes","2025-11-20 11:05:01"
"Universal Buddy | Crimson","uni-crimson","Primary","MJ138-2","Bay",600,"yes","no","yes","2025-11-20 10:06:36"
"Universal Buddy | Crimson","uni-crimson","Primary","MJ138-3","Bay",600,"yes","no","yes","2025-11-20 10:05:04"
"Universal Buddy | Navy","uni-navy1","Primary","MJ109-3","Bay",550,"yes","no","yes","2025-11-20 09:57:06"
"Universal Buddy | White","uni-allwhite","Primary","MI104-3","Bay",600,"yes","no","yes","2025-11-20 09:50:50"
"Universal Buddy | Navy","uni-navy1","Primary","MH140-4","Bay",600,"yes","no","yes","2025-11-20 08:57:52"
"Universal Buddy | Navy","uni-navy1","Primary","MH138-4","Bay",600,"yes","no","yes","2025-11-20 08:53:57"
"Universal Buddy | Navy","uni-navy1","Primary","MH132-2","Bay",600,"yes","no","yes","2025-11-20 08:51:59"
"Bottle Buddy 24oz | Penn State Nittany Lions | Legacy","bottle24-pennstatelegacy","Primary","MH125-2","Bay",240,"yes","no","yes","2025-11-20 08:22:05"
"Bottle Buddy 32oz | Rogue","bottle32-rogue","Primary","MD107-4","Bay",240,"yes","no","yes","2025-11-20 06:58:24"
"Bottle Buddy 32oz | Chicago Cubs ","bottle32-white-mlb-cubs-stripe","Primary","MB118-4","Bay",240,"yes","no","yes","2025-11-20 06:36:31"
"Bottle Buddy 32oz | Chicago Cubs ","bottle32-white-mlb-cubs-stripe","Primary","MC157-4","Bay",240,"yes","no","yes","2025-11-20 06:20:05"
"Bottle Buddy | Gunmetal Glory","bottle32-gunmetalglory","Primary","MB108-6","Bay",240,"yes","no","yes","2025-11-20 05:40:55"
"Bottle Buddy 32oz | Penn State Nittany Lions ","bottle32-white-ncaa-pennstate-stripe","Primary","MC139-4","Bay",240,"yes","no","yes","2025-11-20 05:32:34"
"Bottle Buddy 32oz | Penn State Nittany Lions ","bottle32-white-ncaa-pennstate-stripe","Primary","MC149-3","Bay",240,"yes","no","yes","2025-11-20 05:18:55"
"Bottle Buddy 32oz | Rogue","bottle32-rogue","Primary","MC163-4","Bay",240,"yes","no","yes","2025-11-20 03:53:36"
"Bottle Buddy 32oz | Rogue","bottle32-rogue","Primary","MB116-6","Bay",240,"yes","no","yes","2025-11-20 03:51:16"
"Universal Buddy | Arizona State Sun Devils | Legacy","uni-arizonastate3d","Primary","MK131-1","Floor",520,"yes","yes","yes","2025-11-20 00:24:58"
"To-Go Buddy | South Carolina Gamecocks | Gameday ","togo30-black-ncaa-southcarolina-stripe","Primary","ME139-1","Floor",367,"yes","yes","yes","2025-11-20 00:21:16"
"Universal Buddy | Purple Glitz","uni-purpleglitz","Primary","MH126-3","Bay",600,"yes","no","yes","2025-11-19 20:14:41"
"Universal Buddy | Purple Glitz","uni-purpleglitz","Primary","MH130-2","Bay",600,"yes","no","yes","2025-11-19 20:12:49"
"Universal Buddy | Black","uni-black","Primary","MH126-2","Bay",600,"yes","no","yes","2025-11-19 20:11:40"
"Universal Buddy | Purple Glitz","uni-purpleglitz","Primary","MJ106-2","Bay",600,"yes","no","yes","2025-11-19 19:45:12"
"Universal Buddy | Emerald","uni-emerald","Primary","MI161-2","Bay",600,"yes","no","yes","2025-11-19 19:43:02"
"Mystery Returns Assortment Return 10","return10","Primary","MG154-4","Bay",27,"yes","no","yes","2025-11-19 19:19:48"
"Universal Buddy | Crimson","uni-crimson","Primary","MG160-4","Bay",600,"yes","no","yes","2025-11-19 18:39:16"
"Thicc Buddy 40oz | Texas A&M Aggies | Legacy","thicc40-texasam3d","Primary","MI122-1","Floor",28,"yes","yes","yes","2025-11-19 18:22:04"
"Universal XL | Halloween | Misprint","halloweenxlmisprint","Primary","MB219-1","Bin",2,"yes","yes","yes","2025-11-19 18:12:37"
"Universal Buddy | JMU Dukes","c-c-white-ncaa-jamesmadison-stripe-uni","Primary","MB260-2","Bin",10,"yes","yes","yes","2025-11-19 13:52:32"
"Thicc Buddy 40 | Flip Lid | Red","thicc40flip-red","Primary","MA171-2","Bin",12,"yes","yes","yes","2025-11-19 13:37:21"
"Universal Buddy | Crimson","uni-crimson","Primary","MB138-4","Bay",600,"yes","no","yes","2025-11-19 13:27:43"
"Universal Buddy | Crimson","uni-crimson","Primary","MG132-3","Bay",600,"yes","no","yes","2025-11-19 13:20:46"
"Universal Buddy | Crimson","uni-crimson","Primary","MH109-2","Bay",600,"yes","no","yes","2025-11-19 13:08:48"
"Universal Buddy | Crimson","uni-crimson","Primary","MM122-2","Bay",600,"yes","no","yes","2025-11-19 13:06:53"
"Universal Buddy | Crimson","uni-crimson","Primary","MM122-3","Bay",600,"yes","no","yes","2025-11-19 13:05:44"
"Universal Buddy | Crimson","uni-crimson","Primary","MM136-2","Bay",600,"yes","no","yes","2025-11-19 13:02:54"
"Universal Buddy | Crimson","uni-crimson","Primary","MF102-3","Bay",600,"yes","no","yes","2025-11-19 12:40:43"
"Universal Buddy | White","uni-allwhite","Primary","MN108-1","Floor",309,"yes","yes","yes","2025-11-19 12:32:49"
"Universal Buddy | Navy","uni-navy1","Primary","MI160-3","Bay",600,"yes","no","yes","2025-11-19 11:57:31"
"Universal Buddy | Navy","uni-navy1","Primary","MJ105-3","Bay",600,"yes","no","yes","2025-11-19 11:53:02"
"Universal Buddy | Black","uni-black","Primary","MH110-3","Bay",600,"yes","no","yes","2025-11-19 11:39:56"
"Universal Buddy | Navy","uni-navy1","Primary","MH116-4","Bay",600,"yes","no","yes","2025-11-19 11:38:04"
"Universal Buddy | East Carolina Pirates","c-c-purple-ncaa-eastcarolina-stripe-uni","Primary","MB117-1","Bin",2,"yes","yes","yes","2025-11-19 11:36:17"
"Universal Buddy | Navy","uni-navy1","Primary","MG161-4","Bay",600,"yes","no","yes","2025-11-19 11:35:42"
"Universal Buddy | Georgia Bulldogs","c-c-black-ncaa-georgia-merica-uni","Primary","MB109-1","Bin",1,"yes","yes","yes","2025-11-19 11:35:33"
"Universal Buddy | White","uni-allwhite","Primary","MJ130-4","Bay",600,"yes","no","yes","2025-11-19 11:18:18"
"Universal Buddy | Navy","uni-navy1","Primary","MJ123-4","Bay",600,"yes","no","yes","2025-11-19 11:15:55"
"Universal Buddy | Navy","uni-navy1","Primary","MJ127-3","Bay",600,"yes","no","yes","2025-11-19 11:14:27"
"Universal Buddy | White","uni-allwhite","Primary","MO107-2","Bay",600,"yes","no","yes","2025-11-19 11:11:48"
"Universal Buddy | Navy","uni-navy1","Primary","MO107-3","Bay",600,"yes","no","yes","2025-11-19 11:10:08"
"Universal Buddy | White","uni-allwhite","Primary","MO120-1","Floor",582,"yes","yes","yes","2025-11-19 11:06:16"
"Universal Buddy | White","uni-allwhite","Primary","MO114-3","Bay",600,"yes","no","yes","2025-11-19 11:05:16"
"Universal Buddy | White","uni-allwhite","Primary","MO112-2","Bay",600,"yes","no","yes","2025-11-19 11:02:06"
"Universal Buddy | White","uni-allwhite","Primary","MP127-3","Bay",600,"yes","no","yes","2025-11-19 10:03:26"
"Universal Buddy | White","uni-allwhite","Primary","MO138-2","Bay",600,"yes","no","yes","2025-11-19 10:02:01"
"Universal Buddy | White","uni-allwhite","Primary","MO140-2","Bay",600,"yes","no","yes","2025-11-19 09:59:04"
"Universal Buddy | White","uni-allwhite","Primary","MO142-2","Bay",600,"yes","no","yes","2025-11-19 09:57:21"
"Universal Buddy | White","uni-allwhite","Primary","MO138-4","Bay",600,"yes","no","yes","2025-11-19 09:54:21"
"Universal Buddy | White","uni-allwhite","Primary","MO140-4","Bay",600,"yes","no","yes","2025-11-19 09:52:36"
"Universal Buddy | Texas Tech Red Raiders","c-c-black-ncaa-texastech-stripe-uni","Primary","MB184-3","Bin",3,"yes","yes","yes","2025-11-19 09:50:20"
"Universal Buddy | White","uni-allwhite","Primary","MO142-3","Bay",600,"yes","no","yes","2025-11-19 09:49:42"
"Universal Buddy | White","uni-allwhite","Primary","MO142-4","Bay",600,"yes","no","yes","2025-11-19 09:48:02"
"Universal Buddy | White","uni-allwhite","Primary","MO144-3","Bay",600,"yes","no","yes","2025-11-19 09:01:58"
"Universal Buddy | White","uni-allwhite","Primary","MO144-4","Bay",600,"yes","no","yes","2025-11-19 09:00:04"
"Universal Buddy | White","uni-allwhite","Primary","MO146-2","Bay",600,"yes","no","yes","2025-11-19 08:58:13"
"Universal Buddy | White","uni-allwhite","Primary","MO146-3","Bay",600,"yes","no","yes","2025-11-19 08:56:54"
"Universal Buddy | White","uni-allwhite","Primary","MO146-4","Bay",600,"yes","no","yes","2025-11-19 08:55:14"
"Universal Buddy | White","uni-allwhite","Primary","MO148-2","Bay",600,"yes","no","yes","2025-11-19 08:53:28"
"Universal Buddy | White","uni-allwhite","Primary","MO148-4","Bay",600,"yes","no","yes","2025-11-19 08:51:15"
"Universal Buddy | White","uni-allwhite","Primary","MO150-4","Bay",600,"yes","no","yes","2025-11-19 08:48:57"
"Universal Buddy | White","uni-allwhite","Primary","MO152-4","Bay",600,"yes","no","yes","2025-11-19 08:47:26"
"Universal Buddy | White","uni-allwhite","Primary","MO154-4","Bay",600,"yes","no","yes","2025-11-19 08:46:00"
"Universal Buddy | Black","uni-black","Primary","MM165-3","Bay",600,"yes","no","yes","2025-11-19 08:43:16"
"Universal Buddy | White","uni-allwhite","Primary","MM167-4","Bay",600,"yes","no","yes","2025-11-19 08:40:54"
"Thicc Buddy | Bound By Flame 50oz","c-l-nebula-boundbyflame-t50","Primary","MB279-1","Bin",6,"yes","yes","yes","2025-11-19 08:04:47"
"Universal Buddy | White","uni-allwhite","Primary","MO148-3","Bay",600,"yes","no","yes","2025-11-19 06:35:55"
"To-Go Buddy | Margaritaville | Christmas in the Keys ","c-c-banana-margaritaville-hohoho-tgb","Primary","MB203-2","Bin",1,"yes","yes","yes","2025-11-19 06:34:47"
"Universal Buddy | White","uni-allwhite","Primary","MO150-2","Bay",600,"yes","no","yes","2025-11-19 06:34:18"
"Universal Buddy | White","uni-allwhite","Primary","MO150-3","Bay",600,"yes","no","yes","2025-11-19 06:31:15"
"Universal Buddy | Black","uni-black","Primary","MO152-3","Bay",600,"yes","no","yes","2025-11-19 06:11:55"
"Universal Buddy | Black","uni-black","Primary","MO154-2","Bay",600,"yes","no","yes","2025-11-19 06:10:12"
"Universal Buddy | Black","uni-black","Primary","MO154-3","Bay",600,"yes","no","yes","2025-11-19 06:08:03"
"Universal Buddy | White","uni-allwhite","Primary","MO156-2","Bay",600,"yes","no","yes","2025-11-19 06:05:59"
"Thicc Buddy 40 | Vanilla Ice Cream","thicc40-vanillaicecream","Primary","MO162-2","Bay",72,"yes","no","yes","2025-11-19 04:40:51"
"Thicc Buddy | Blue Ice Cream 40oz","thicc40-icecreamblue","Primary","MO162-4","Bay",72,"yes","no","yes","2025-11-19 04:37:02"
"Thicc Buddy | Blue Ice Cream 40oz","thicc40-icecreamblue","Primary","MO166-2","Bay",144,"yes","no","yes","2025-11-19 04:30:42"
"Thicc Buddy | Blue Ice Cream 40oz","thicc40-icecreamblue","Primary","MO166-4","Bay",144,"yes","no","yes","2025-11-19 04:24:32"
"Thicc Buddy | Blue Ice Cream 40oz","thicc40-icecreamblue","Primary","MO168-2","Bay",144,"yes","no","yes","2025-11-19 03:50:34"
"Thicc Buddy | Blue Ice Cream 40oz","thicc40-icecreamblue","Primary","MO168-3","Bay",144,"yes","no","yes","2025-11-19 03:47:30"
"Thicc Buddy 40 | Ski Season ","thicc40-skiseason","Primary","ME112-2","Bay",144,"yes","no","yes","2025-11-19 03:24:32"
"Thicc Buddy 40 | Ski Season ","thicc40-skiseason","Primary","ME112-4","Bay",144,"yes","no","yes","2025-11-19 03:13:52"
"Thicc Buddy 40 | Ski Season ","thicc40-skiseason","Primary","ME108-2","Bay",144,"yes","no","yes","2025-11-19 03:08:34"
"To-Go Buddy | Rocket Pop","togo30-rocketpop","Primary","ME156-2","Bay",400,"yes","no","yes","2025-11-19 01:09:23"
"Universal Buddy | Florida Gators | Gameday ","uni-orange-ncaa-florida-stripe","Primary","MN144-1","Floor",375,"yes","yes","yes","2025-11-18 23:42:34"
"Universal Buddy | Kentucky Wildcats | Gameday","uni-black-ncaa-kentucky-stripe","Primary","MN141-1","Floor",494,"yes","yes","yes","2025-11-18 23:38:58"
"Universal Buddy | West Virginia Mountaineers | Night Game ","uni-darknight-ncaa-westvirginia-blackout","Primary","MN136-1","Floor",162,"yes","yes","yes","2025-11-18 22:34:06"
"Universal Buddy | Florida State Seminoles | Night Game ","uni-darknight-ncaa-floridastate-blackout","Primary","MM150-1","Floor",124,"yes","yes","yes","2025-11-18 22:22:35"
"thicc40-black-oldlid","thicc40-black-oldlid","Primary","MN135-1","Floor",59,"yes","yes","yes","2025-11-18 22:06:12"
"Crossbody Bag | Black","crossbodybag-black","Primary","MC128-3","Bay",350,"yes","no","yes","2025-11-18 21:50:01"
"Universal Buddy | Florida Gators | Night Game ","uni-darknight-ncaa-florida-blackout","Primary","MM144-1","Floor",224,"yes","yes","yes","2025-11-18 21:34:33"
"Universal Buddy | South Carolina Gamecocks | Night Game ","uni-darknight-ncaa-southcarolina-blackout","Primary","MM147-1","Floor",265,"yes","yes","yes","2025-11-18 21:31:20"
"Universal Buddy | Georgia Bulldogs ","uni-black-ncaa-georgia-merica","Primary","MM143-1","Floor",471,"yes","yes","yes","2025-11-18 21:17:10"
"Universal XL | Minnesota Gophers","c-c-white-ncaa-minnesota-stripe-xl","Primary","MB187-2","Bin",1,"yes","yes","yes","2025-11-18 21:10:21"
"Universal Buddy | LSU Tigers | Night Game ","uni-darknight-ncaa-lsu-blackout","Primary","MM137-1","Floor",160,"yes","yes","yes","2025-11-18 21:06:23"
"Universal Buddy | Penn State Nittany Lions | Night Game ","uni-darknight-ncaa-pennstate-blackout","Primary","MN134-1","Floor",540,"yes","yes","yes","2025-11-18 20:45:14"
"Universal Buddy | Michigan Wolverines ","uni-navy-ncaa-michigan-merica","Primary","MM133-1","Floor",63,"yes","yes","yes","2025-11-18 20:41:20"
"Thicc Buddy 40 | Nebula (old lid)","thicc40-nebula-oldlid","Primary","MM131-3","Bay",144,"yes","no","yes","2025-11-18 20:08:20"
"Thicc Buddy 40 | Nebula (old lid)","thicc40-nebula-oldlid","Primary","MM145-4","Bay",72,"yes","no","yes","2025-11-18 20:03:49"
"Thicc Buddy 40 | Nebula (old lid)","thicc40-nebula-oldlid","Primary","MM143-4","Bay",144,"yes","no","yes","2025-11-18 20:02:04"
"Bottle Buddy | Nebula","bottle32-nebula","Primary","MM144-2","Bay",240,"yes","no","yes","2025-11-18 19:59:26"
"Bottle Buddy | Nebula","bottle32-nebula","Primary","MM146-4","Bay",240,"yes","no","yes","2025-11-18 19:57:53"
"Bottle Buddy | Nebula","bottle32-nebula","Primary","MN162-4","Bay",240,"yes","no","yes","2025-11-18 19:56:16"
"Bottle Buddy | Nebula","bottle32-nebula","Primary","MN160-3","Bay",240,"yes","no","yes","2025-11-18 18:41:26"
"Bottle Buddy | Nebula","bottle32-nebula","Primary","MN152-3","Bay",240,"yes","no","yes","2025-11-18 18:30:30"
"Bottle Buddy | Nebula","bottle32-nebula","Primary","MN150-4","Bay",240,"yes","no","yes","2025-11-18 18:28:43"
"Bottle Buddy | Nebula","bottle32-nebula","Primary","MN144-2","Bay",240,"yes","no","yes","2025-11-18 18:27:06"
"Bottle Buddy | Nebula","bottle32-nebula","Primary","MN144-3","Bay",240,"yes","no","yes","2025-11-18 18:19:21"
"Bottle Buddy | Nebula","bottle32-nebula","Primary","MN138-2","Bay",240,"yes","no","yes","2025-11-18 18:15:47"
"Bottle Buddy | Nebula","bottle32-nebula","Primary","MN136-2","Bay",240,"yes","no","yes","2025-11-18 18:14:19"
"Thicc Buddy 40 | Black & White Checkered ","thicc40-blackwhitecheckered","Primary","Receiving","",96,"yes","no","yes","2025-11-18 16:15:10"
"Universal Buddy | Tennessee Vols ","uni-rockytop-ncaa-tennessee-merica","Primary","MH102-1","Floor",86,"yes","yes","yes","2025-11-18 14:57:11"
"Bottle Buddy 32oz | Buddy Of The Week | Poisoned Petals ","c-c-black-poisonedpetals-bottle32","Primary","MB291-3","Bin",4,"yes","yes","yes","2025-11-18 14:51:13"
"Universal Buddy | Purple","uni-purple","Primary","CA117-1","Floor",600,"yes","no","yes","2025-11-18 12:46:11"
"Big Buddy | Rose Gold","Big-RGPolished","Primary","MI153-2","Bay",200,"yes","no","yes","2025-11-18 03:07:07"
"Mini Thicc Buddy | Nebula","thicc16-nebula","Primary","MI162-4","Bay",48,"yes","no","yes","2025-11-18 02:58:44"
"thicc40-navy-oldlid","thicc40-navy-oldlid","Primary","MB141-4","Bay",60,"yes","no","yes","2025-11-18 02:04:48"
"Universal Buddy | Michigan State Spartans","c-c-black-ncaa-michiganstate-stripe-uni","Primary","MB127-2","Bin",2,"yes","yes","yes","2025-11-17 19:50:32"
"Bottle Buddy | White","bottle32-white","Primary","CA108-1","Floor",240,"yes","no","yes","2025-11-17 19:09:28"
"Universal Buddy | Dark Glitz","uni-darkglitz","Primary","MJ140-1","Floor",340,"yes","yes","yes","2025-11-17 17:51:29"
"Crossbody Bag | Black","crossbodybag-black","Primary","ML117-2","Bay",650,"yes","no","yes","2025-11-17 17:40:49"
"Frost Budz | Michigan Wolverines","budz-michiganwolverines-logo4","Primary","MB147-4","Bay",670,"yes","no","yes","2025-11-17 17:28:54"
"Universal Buddy | U.S. Army | Force Ready","c-c-black-army-allyoucanbe-uni","Primary","MB183-2","Bin",1,"yes","yes","yes","2025-11-17 14:23:18"
"Mini Thicc Buddy | Ice Cream","thicc16-icecream","Primary","MH108-2","Bay",192,"yes","no","yes","2025-11-17 14:10:23"
"Thicc Buddy | Michigan Wolverines | Drip 40oz","thicc40-michigandrip","Primary","MI121-1","Floor",90,"yes","yes","yes","2025-11-17 13:44:13"
"Universal Buddy | Oregon Ducks","c-c-black-ncaa-oregon-stripe-uni","Primary","MB172-1","Bin",1,"yes","yes","yes","2025-11-17 05:47:05"
"Universal Buddy | Ghostbusters | Retro Revival ","c-c-black-ghostbusters-retrosuit-uni","Primary","MB255-3","Bin",6,"yes","yes","yes","2025-11-17 03:22:40"
"Universal Buddy | Ghostbusters | Who Ya Gonna Call? ","c-c-black-ghostbusters-logo-uni","Primary","MB155-1","Bin",1,"yes","yes","yes","2025-11-17 03:16:20"
"Universal Buddy | Tennessee Vols","uni-white-ncaa-tennessee-stripe","Primary","MQ105-2","Bay",600,"yes","no","yes","2025-11-15 22:15:34"
"Universal Buddy | Arkansas Razorbacks","uni-crimson-ncaa-arkansas-stripe","Primary","MQ109-3","Bay",600,"yes","no","yes","2025-11-15 22:12:50"
"Universal Buddy | Clemson Tigers","uni-orange-ncaa-clemson-stripe","Primary","MQ115-3","Bay",600,"yes","no","yes","2025-11-15 22:08:02"
"Universal Buddy | Clemson Tigers","uni-orange-ncaa-clemson-stripe","Primary","MQ117-3","Bay",600,"yes","no","yes","2025-11-15 22:07:03"
"Universal Buddy | Clemson Tigers","uni-orange-ncaa-clemson-stripe","Primary","MQ117-2","Bay",600,"yes","no","yes","2025-11-15 22:04:30"
"Universal Buddy | Penn State Nittany Lions","uni-navy-ncaa-pennstate-stripe","Primary","MQ119-3","Bay",600,"yes","no","yes","2025-11-15 22:02:59"
"Universal Buddy | Orange","uni-orange1","Primary","MQ123-3","Bay",600,"yes","no","yes","2025-11-15 21:58:55"
"Universal Buddy | Orange","uni-orange1","Primary","MQ125-3","Bay",600,"yes","no","yes","2025-11-15 21:56:55"
"Universal Buddy | Penn State Nittany Lions","uni-navy-ncaa-pennstate-stripe","Primary","MQ127-3","Bay",600,"yes","no","yes","2025-11-15 21:55:45"
"Universal Buddy | Orange","uni-orange1","Primary","MF147-3","Bay",600,"yes","no","yes","2025-11-15 21:53:21"
"Universal Buddy | Orange","uni-orange1","Primary","MG139-3","Bay",600,"yes","no","yes","2025-11-15 21:49:03"
"Universal Buddy | Orange","uni-orange1","Primary","MF144-3","Bay",600,"yes","no","yes","2025-11-15 21:42:51"
"Universal Buddy | Alabama Crimson Tide","uni-crimson-ncaa-alabama-stripe","Primary","MQ129-3","Bay",600,"yes","no","yes","2025-11-15 21:33:54"
"Universal Buddy | Arkansas Razorbacks","uni-crimson-ncaa-arkansas-stripe","Primary","MP160-4","Bay",600,"yes","no","yes","2025-11-15 21:28:34"
"Universal Buddy | Iowa State Cyclones","uni-black-ncaa-iowastate-stripe","Primary","MF163-2","Bay",500,"yes","no","yes","2025-11-15 21:26:13"
"Universal Buddy | Tennessee Vols","uni-white-ncaa-tennessee-stripe","Primary","MP158-4","Bay",600,"yes","no","yes","2025-11-15 21:25:15"
"Universal Buddy | Kentucky Wildcats | Gameday","uni-black-ncaa-kentucky-stripe","Primary","MF154-2","Bay",500,"yes","no","yes","2025-11-15 21:21:54"
"Universal Buddy | Pink Checkered","uni-pinkcheckered","Primary","MF151-3","Bay",600,"yes","no","yes","2025-11-15 21:15:46"
"Universal Buddy | Dark Glitz","uni-darkglitz","Primary","MF142-3","Bay",600,"yes","no","yes","2025-11-15 20:58:18"
"Universal Buddy | Orange","uni-orange1","Primary","MF148-2","Bay",600,"yes","no","yes","2025-11-15 20:43:33"
"Bottle Buddy | Ice Cream","bottle32-icecream","Primary","MQ106-2","Bay",240,"yes","no","yes","2025-11-15 20:35:02"
"Universal Buddy | Orange","uni-orange1","Primary","MF149-2","Bay",600,"yes","no","yes","2025-11-15 20:34:32"
"Bottle Buddy | Ice Cream","bottle32-icecream","Primary","MQ108-3","Bay",240,"yes","no","yes","2025-11-15 20:33:46"
"Bottle Buddy | Ice Cream","bottle32-icecream","Primary","MQ124-4","Bay",240,"yes","no","yes","2025-11-15 20:26:07"
"Bottle Buddy | Ice Cream","bottle32-icecream","Primary","MQ126-4","Bay",236,"yes","no","yes","2025-11-15 20:24:57"
"Bottle Buddy | Ice Cream","bottle32-icecream","Primary","MQ126-3","Bay",240,"yes","no","yes","2025-11-15 20:19:14"
"Bottle Buddy | Ice Cream","bottle32-icecream","Primary","MQ130-4","Bay",240,"yes","no","yes","2025-11-15 19:24:30"
"To-Go Buddy | Hunting Season ","c-c-cream-huntingseason-tgb","Primary","MB227-2","Bin",1,"yes","yes","yes","2025-11-15 18:53:04"
"Bottle Buddy | Ice Cream","bottle32-icecream","Primary","MQ134-4","Bay",240,"yes","no","yes","2025-11-15 18:33:11"
"Bottle Buddy | Ice Cream","bottle32-icecream","Primary","MQ131-3","Bay",240,"yes","no","yes","2025-11-15 18:20:23"
"Thicc Buddy | Pencil 40oz","thicc40-pencil","Primary","MI131-2","Bay",144,"yes","no","yes","2025-11-15 17:28:36"
"Thicc Buddy | Pencil 40oz","thicc40-pencil","Primary","MF138-3","Bay",144,"yes","no","yes","2025-11-15 17:07:08"
"Replacement Strap | Bottle 32 |  Black","b32strap-black","Primary","MA136-3","Bin",77,"yes","yes","yes","2025-11-15 16:50:17"
"Replacement Strap | Bottle 32 | Pink Ice Cream","b32strap-pinkicecream","Primary","MA136-3","Bin",97,"yes","yes","yes","2025-11-15 16:49:40"
"Replacement Strap | Bottle 32 |  White","b32strap-white","Primary","MA163-2","Bin",94,"yes","yes","yes","2025-11-15 16:41:50"
"Universal Buddy | Orange","uni-orange1","Primary","MC153-3","Bay",600,"yes","no","yes","2025-11-15 16:40:02"
"Replacement Silicone | Thicc Buddy 40 | Mademoiselle","thicc40rubber-mademoiselle","Primary","MA158-1","Bin",53,"yes","yes","yes","2025-11-15 16:15:52"
"Universal Buddy | Orange","uni-orange1","Primary","MF110-3","Bay",600,"yes","no","yes","2025-11-15 16:06:54"
"Universal Buddy | Orange","uni-orange1","Primary","MC130-2","Bay",400,"yes","no","yes","2025-11-15 16:03:21"
"Universal Buddy | Iowa Hawkeyes | Gameday ","uni-black-ncaa-iowa-stripe","Primary","MF146-2","Bay",400,"yes","no","yes","2025-11-15 15:58:55"
"Universal Buddy | Alabama Crimson Tide","uni-crimson-ncaa-alabama-stripe","Primary","MC160-2","Bay",300,"yes","no","yes","2025-11-15 15:54:34"
"Universal Buddy | Rogue","uni-rogue","Primary","MF132-2","Bay",300,"yes","no","yes","2025-11-15 15:18:08"
"Universal Buddy | Penn State Nittany Lions","uni-navy-ncaa-pennstate-stripe","Primary","MH116-2","Bay",275,"yes","no","yes","2025-11-15 15:11:55"
"Universal Buddy | Tennessee Vols","uni-white-ncaa-tennessee-stripe","Primary","ME120-2","Bay",325,"yes","no","yes","2025-11-15 14:54:51"
"Replacement Silicone | To-Go Buddy | Teal Glitz","togorubber-tealglitz","Primary","MA135-2","Bin",45,"yes","yes","yes","2025-11-15 14:23:00"
"Sports Buddy 24oz / First Responder","sports24-firstresponder","Primary","MJ149-1","Floor",348,"yes","yes","yes","2025-11-15 14:09:07"
"Universal XL | Syracuse Orange","c-c-navy-ncaa-syracuse-stripe-xl","Primary","MB114-1","Bin",1,"yes","yes","yes","2025-11-15 13:56:54"
"Bottle Buddy 24oz | Florida State Seminoles | Legacy","bottle24-floridastatelegacy","Primary","MJ122-1","Floor",5,"yes","yes","yes","2025-11-15 13:52:04"
"To-Go Buddy | Miami Hurricanes","c-c-black-ncaa-miami-stripe-tgb","Primary","MB228-1","Bin",1,"yes","yes","yes","2025-11-15 13:40:41"
"Universal XL | Dark Glitz","unixl-darkglitz","Primary","MC145-1","Floor",158,"yes","yes","yes","2025-11-15 13:33:03"
"Bottle Buddy | Colorado Buffaloes","c-c-black-ncaa-colorado-stripe-bottle32","Primary","MB300-3","Bin",1,"yes","yes","yes","2025-11-15 04:37:46"
"To-Go Buddy | Georgia Bulldogs","c-c-black-ncaa-georgia-stripe-tgb","Primary","MB216-2","Bin",9,"yes","yes","yes","2025-11-15 00:27:48"
"To-Go Buddy | Mother Nature","togo30-mothernature","Primary","CE118-4","Bay",400,"yes","no","yes","2025-11-14 22:41:53"
"Universal Buddy | Dark Night","uni-darknight","Primary","MC109-1","Floor",594,"yes","yes","yes","2025-11-14 20:37:13"
"To-Go Buddy | Mother Nature","togo30-mothernature","Primary","MH107-2","Bay",325,"yes","no","yes","2025-11-14 19:51:14"
"Thicc Buddy | Pencil 40oz","thicc40-pencil","Primary","CD136-3","Bay",144,"yes","no","yes","2025-11-14 19:26:35"
"Sublimated Sports Buddy 12 12oz","Sub-12kidbtle","Primary","ML106-1","Floor",594,"yes","yes","yes","2025-11-14 18:02:46"
"To-Go Buddy | Pencil","togo30-pencil","Primary","CD103-3","Bay",400,"yes","no","yes","2025-11-14 17:50:27"
"Thicc Buddy | Pencil 40oz","thicc40-pencil","Primary","CF117-2","Bay",144,"yes","no","yes","2025-11-14 16:55:55"
"Thicc Buddy | Pencil 40oz","thicc40-pencil","Primary","CF121-2","Bay",144,"yes","no","yes","2025-11-14 15:25:17"
"Universal XL | Emerald","unixl-emerald","Primary","MG146-1","Floor",336,"yes","yes","yes","2025-11-14 14:46:29"
"Universal Buddy | Miss St Egg Bowl Selling in Stadium ","corp-white-ncaa-missst-eggbowl-uni","Primary","Corporate Processing","",100,"yes","yes","yes","2025-11-14 13:57:35"
"Thicc Buddy 40 | | Texas Tea Old Lid","thicc40-texastea-oldlid","Primary","MG168-1","Floor",75,"yes","yes","yes","2025-11-14 00:36:17"
"Universal Buddy | Indiana Hoosiers | Legacy","uni-indiana3d","Primary","Delete Me","Bin",1,"yes","no","no","2025-11-13 23:45:30"
"Universal Buddy | Boston Red Sox","uni-navy-mlb-redsox-stripe","Primary","Delete Me","Bin",1,"yes","no","no","2025-11-13 23:40:05"
"Chubby Buddy | Mexico","chub-mexico","Primary","CD135-2","Bay",600,"yes","no","yes","2025-11-13 22:16:02"
"To-Go Buddy | Dark Glitz","togo30-darkglitz","Primary","CG137-3","Bay",399,"yes","no","yes","2025-11-13 20:37:08"
"Universal Buddy | Ole Miss Rebels","uni-babyblue-ncaa-olemiss-stripe","Primary","CF101-3","Bay",600,"yes","no","yes","2025-11-13 20:11:19"
"Universal Buddy | Michigan Wolverines ","uni-navy-ncaa-michigan-merica","Primary","CE140-2","Bay",600,"yes","no","yes","2025-11-13 20:06:44"
"Universal Buddy | Wisconsin Badgers","uni-red-ncaa-wisconsin-stripe","Primary","CE139-2","Bay",600,"yes","no","yes","2025-11-13 19:49:46"
"To-Go Buddy | Pencil","togo30-pencil","Primary","MD127-2","Bay",400,"yes","no","yes","2025-11-13 19:46:59"
"To-Go Buddy | Pencil","togo30-pencil","Primary","MD103-3","Bay",400,"yes","no","yes","2025-11-13 19:45:21"
"To-Go Buddy | Pencil","togo30-pencil","Primary","MC137-2","Bay",400,"yes","no","yes","2025-11-13 19:29:48"
"Universal Buddy | Gumdrop","uni-gumdrop","Primary","Delete Me","Bin",1,"yes","no","no","2025-11-13 17:55:16"
"To-Go Buddy | Pencil","togo30-pencil","Primary","MD102-2","Bay",400,"yes","no","yes","2025-11-13 17:33:17"
"To-Go Buddy | Pencil","togo30-pencil","Primary","MD122-3","Bay",400,"yes","no","yes","2025-11-13 17:30:10"
"To-Go Buddy | Gumdrop","togo30-gumdrop","Primary","MM161-1","Floor",282,"yes","yes","yes","2025-11-13 15:17:41"
"Frost Budz | Michigan Wolverines","budz-michiganwolverines-logo3","Primary","MB147-4","Bay",602,"yes","no","yes","2025-11-13 14:15:22"
"Universal Buddy | Oregon Ducks | Gameday","uni-black-ncaa-oregon-stripe","Primary","MM128-1","Floor",378,"yes","yes","yes","2025-11-13 10:20:39"
"Universal Buddy | Washington Huskies | Gameday ","uni-white-ncaa-washington-stripe","Primary","MM130-1","Floor",208,"yes","yes","yes","2025-11-13 10:17:34"
"Universal Buddy | Alabama Crimson Tide ","uni-crimson-ncaa-alabama-merica","Primary","MM134-1","Floor",137,"yes","yes","yes","2025-11-13 10:07:29"
"Universal Buddy | Los Angeles Dodgers Sticker","C-C-ROYAL-MLB-DODGER","Primary","MA124-1","Floor ",66,"yes","yes","yes","2025-11-13 06:36:38"
"Universal Buddy | Wisconsin Badgers","uni-red-ncaa-wisconsin-stripe","Primary","ME153-2","Bay",400,"yes","no","yes","2025-11-13 06:27:54"
"Universal Buddy | LSU Tigers","uni-purple-ncaa-lsu-stripe","Primary","MD107-2","Bay",400,"yes","no","yes","2025-11-13 06:09:11"
"Universal Buddy | Michigan Wolverines","uni-navy-ncaa-michigan-stripe","Primary","MD108-2","Bay",400,"yes","no","yes","2025-11-13 06:03:03"
"Universal Buddy | Oklahoma Sooners","uni-crimson-ncaa-oklahoma-stripe","Primary","MC133-2","Bay",500,"yes","no","yes","2025-11-13 05:54:05"
"Universal Buddy | Ole Miss Rebels","uni-babyblue-ncaa-olemiss-stripe","Primary","MC161-2","Bay",400,"yes","no","yes","2025-11-13 05:46:38"
"Universal Buddy | South Carolina Gamecocks","uni-black-ncaa-southcarolina-stripe","Primary","MC153-2","Bay",400,"yes","no","yes","2025-11-13 05:42:44"
"Universal XL | Navy","unixl-navy","Primary","ME167-3","Bay",325,"yes","no","yes","2025-11-13 05:30:59"
"Universal Buddy | Florida State Seminoles | Night Game ","uni-darknight-ncaa-floridastate-blackout","Primary","CG125-2","Bay",600,"yes","no","yes","2025-11-12 20:01:44"
"Universal Buddy | Michigan State Spartans","uni-spartan-ncaa-michiganstate-stripe","Primary","CF132-2","Bay",600,"yes","no","yes","2025-11-12 19:53:59"
"Universal Buddy | LSU Tigers","uni-purple-ncaa-lsu-stripe","Primary","MQ140-2","Bay",600,"yes","no","yes","2025-11-12 19:48:21"
"Thicc Buddy | Bound By Flame 40oz","c-l-nebula-boundbyflame-t40","Primary","MB289-1","Bin",4,"yes","yes","yes","2025-11-12 18:48:51"
"Universal XL Bumper | Royal Blue","unixlbumper-royal","Primary","MA154-6","Bay",67,"yes","no","yes","2025-11-12 18:46:59"
"Bottle Buddy | Detroit Tigers","c-c-navy-mlb-tigers-stripe-bottle32","Primary","MB120-3","Bin",1,"yes","yes","yes","2025-11-12 18:16:04"
"Replacement Silicone | Thicc Buddy 40 | In The Nude","thicc40rubber-nude","Primary","MA136-4","Bay",193,"yes","no","yes","2025-11-12 17:37:02"
"Universal Buddy | Black","uni-black","Primary","MQ135-3","Bay",300,"yes","no","yes","2025-11-12 16:46:36"
"Universal Buddy Replacement Insert  3.0","uniinsert3-black","Primary","Delete Me","Bin",3,"yes","no","no","2025-11-12 15:00:25"
"Universal XL | Kentucky Wildcats","c-c-royal-ncaa-kentucky-stripe-xl","Primary","Delete Me","Bin",1,"yes","no","no","2025-11-12 14:58:24"
"Universal Buddy Lid | Black","uni-lid-black","Primary","Delete Me","Bin",1,"yes","no","no","2025-11-12 14:58:24"
"Mystery Returns Assortment Return 10","return10","Primary","MG147-2","Bay",27,"yes","no","yes","2025-11-12 14:39:35"
"Universal Buddy | Florida Panthers | Stanley Cup Champions","c-c-red-nhl-panthers-champs-uni","Primary","MB144-2","Bin",1,"yes","yes","yes","2025-11-12 01:42:47"
"Christmas Mystery Buddy Box 2025 ","christmas-mystery-2025","Primary","CF138-1","Floor",4,"yes","no","yes","2025-11-11 21:13:37"
"Universal Buddy | Ohio State Buckeyes | Gameday ","uni-white-ncaa-ohiostate-camo","Primary","MG165-1","Floor",452,"yes","yes","yes","2025-11-11 20:50:13"
"Universal Buddy | Alabama Crimson Tide | Gameday ","uni-white-ncaa-alabama-stripe","Primary","MK128-1","Floor",196,"yes","yes","yes","2025-11-11 20:30:32"
"Universal Buddy | Maryland Terrapins | Gameday ","uni-black-ncaa-maryland-stripe","Primary","MK107-1","Floor",95,"yes","yes","yes","2025-11-11 20:09:30"
"Universal Buddy | Marshall Thundering Herd | Gameday ","uni-black-ncaa-marshall-stripe","Primary","MK102-1","Floor",286,"yes","yes","yes","2025-11-11 20:07:04"
"Universal Buddy | Colorado Buffaloes | Gameday ","uni-black-ncaa-colorado-stripe","Primary","MK106-1","Floor",275,"yes","yes","yes","2025-11-11 20:01:09"
"Sublimated Skinny Buddy 20 20oz","Sub-20skinny","Primary","ML165-1","Floor",383,"yes","yes","yes","2025-11-11 19:41:58"
"To-Go Buddy | Vegas Golden Knights","c-c-black-nhl-goldenknights-stripe-tgb","Primary","MB283-3","Bin",1,"yes","yes","yes","2025-11-11 19:41:11"
"Universal Buddy | UNC Tarheels | Gameday ","uni-white-ncaa-northcarolina-stripe","Primary","ML163-1","Floor",76,"yes","yes","yes","2025-11-11 19:32:32"
"Universal XL | Seattle Mariners","c-c-white-mlb-mariners-stripe-xl","Primary","MB143-1","Bin",1,"yes","yes","yes","2025-11-11 19:12:17"
"Universal Buddy | Firefighters ","uni-firefighter","Primary","ML166-1","Floor",227,"yes","yes","yes","2025-11-11 18:19:48"
"Universal Buddy | Oklahoma State Cowboys | Gameday ","uni-black-ncaa-oklahomastate-stripe","Primary","ML164-1","Floor",403,"yes","yes","yes","2025-11-11 18:17:06"
"Universal Buddy | Ohio State Buckeyes | Gameday ","uni-white-ncaa-ohiostate-stripe","Primary","ML161-1","Floor",5,"yes","yes","yes","2025-11-11 18:11:14"
"Universal Buddy | Minnesota Gophers | Gameday ","uni-white-ncaa-minnesota-stripe","Primary","ML162-1","Floor",406,"yes","yes","yes","2025-11-11 18:04:42"
"Universal Buddy | Kentucky Wildcats | Gameday ","uni-white-ncaa-kentucky-stripe","Primary","ML160-1","Floor",283,"yes","yes","yes","2025-11-11 18:02:05"
"Universal Buddy | Colorado Buffaloes | Gameday ","uni-white-ncaa-colorado-stripe","Primary","ML158-1","Floor",364,"yes","yes","yes","2025-11-11 17:55:28"
"Universal Buddy | Utah Utes | Gameday ","uni-red-ncaa-utah-stripe","Primary","ML150-1","Floor",146,"yes","yes","yes","2025-11-11 17:38:06"
"Universal Buddy | Cincinnati Reds","c-c-black-mlb-reds-cc-uni","Primary","MB123-3","Bin",1,"yes","yes","yes","2025-11-11 16:54:44"
"Universal Buddy | Virginia Tech Hokies","c-c-black-ncaa-virginiatech-stripe-uni","Primary","MB174-2","Bin",14,"yes","yes","yes","2025-11-11 16:36:42"
"Bottle Buddy | San Diego Padres","c-c-white-mlb-padres-stripe-bottle32","Primary","MB230-3","Bin",1,"yes","yes","yes","2025-11-11 15:45:59"
"Universal Buddy | Florida Gators","c-c-orange-ncaa-florida-stripe-uni","Primary","MB129-3","Bin",7,"yes","yes","yes","2025-11-11 15:34:25"
"Universal XL | Dark Night","unixl-darknight-unboxed","Primary","PS127-1","Flow",166,"yes","no","yes","2025-11-11 15:28:22"
"Universal Buddy | Syracuse Orange | Gameday ","uni-navy-ncaa-syracuse-stripe","Primary","ML144-1","Floor",78,"yes","yes","yes","2025-11-11 14:40:42"
"To-Go Buddy Lid Ice Cream","togolid-icecream","Primary","Delete Me","Bin",1,"yes","no","no","2025-11-11 14:07:40"
"Universal Buddy | Arizona Wildcats | Gameday ","uni-navy-ncaa-arizona-stripe","Primary","ML140-1","Floor",27,"yes","yes","yes","2025-11-11 13:57:22"
"Universal Buddy | Washington State Cougars | Gameday ","uni-black-ncaa-washingtonstate-stripe","Primary","ML138-1","Floor",56,"yes","yes","yes","2025-11-11 13:48:30"
"Universal Buddy | Wake Forest Demon Deacons | Gameday ","uni-black-ncaa-wakeforest-stripe","Primary","ML136-1","Floor",291,"yes","yes","yes","2025-11-11 13:45:18"
"Universal Buddy | Colorado Buffaloes","c-c-white-ncaa-colorado-stripe-uni","Primary","MB154-3","Bin",34,"yes","yes","yes","2025-11-11 04:02:58"
"Universal Buddy | Mother Nature","c-c-white-mothernature-uni","Primary","MB124-1","Bin",7,"yes","yes","yes","2025-11-11 03:24:21"
"Universal Buddy | Golden Eagle","c-l-texastea-goldeneagle-uni","Primary","MB280-3","Bin",1,"yes","yes","yes","2025-11-11 01:05:47"
"Thicc Buddy 40oz | Indiana Hoosiers | Legacy","thicc40-indiana3d","Primary","MJ157-1","Floor",1,"yes","yes","yes","2025-11-10 22:45:26"
"Thicc Buddy | Indiana Hoosiers | Drip 40oz","thicc40-indianadrip","Primary","MJ153-1","Floor",131,"yes","yes","yes","2025-11-10 22:37:10"
"Universal Buddy | Virginia Tech x OHT","c-c-black-ncaa-virginiatech-oht-uni","Primary","MB180-3","Bin",1,"yes","yes","yes","2025-11-10 22:36:11"
"Universal Buddy | Coastal Carolina Chanticleers","c-c-black-ncaa-coastal-stripe-uni","Primary","MB181-2","Bin",1,"yes","yes","yes","2025-11-10 18:44:48"
"Universal Buddy | Colorado State Rams","c-c-black-ncaa-coloradostate-stripe-uni","Primary","MB175-2","Bin",1,"yes","yes","yes","2025-11-10 18:44:17"
"Chubby Buddy | Mexico","chub-mexico","Primary","MQ149-1","Floor",600,"yes","no","yes","2025-11-10 17:44:08"
"Sublimated Skinny Buddy 20 20oz","Sub-20skinny","Primary","MQ117-1","Floor",243,"yes","yes","yes","2025-11-10 16:50:29"
"Mystery Returns Assortment Return 10","return10","Primary","MG140-2","Bay",27,"yes","no","yes","2025-11-10 15:12:22"
"Mystery Returns Assortment Return 10","return10","Primary","MG160-2","Bay",27,"yes","no","yes","2025-11-10 15:08:58"
"Universal Buddy | Forever Buddy","uni-forever","Primary","MI103-1","Floor",156,"yes","yes","yes","2025-11-10 15:01:09"
"thicc16-cream-unboxed","thicc16-cream-unboxed","Primary","PS172-1","Flow",16,"yes","no","yes","2025-11-10 12:15:23"
"Universal Buddy | Ole Miss Rebels","uni-babyblue-ncaa-olemiss-stripe","Primary","MO108-1","Floor",101,"yes","yes","yes","2025-11-10 01:48:45"
"Thicc Buddy | Pencil 40oz","thicc40-pencil","Primary","MO119-1","Floor",100,"yes","yes","yes","2025-11-10 01:48:15"
"Universal Buddy | Penn State Nittany Lions","uni-navy-ncaa-pennstate-stripe","Primary","MQ164-1","Floor",600,"yes","no","yes","2025-11-10 01:34:10"
"Universal Buddy | Florida State Seminoles","uni-black-ncaa-floridastate-stripe","Primary","MO118-1","Floor",133,"yes","yes","yes","2025-11-10 01:30:49"
"Universal Buddy | Nebraska Cornhuskers","uni-red-ncaa-nebraska-stripe","Primary","MQ166-1","Floor",600,"yes","no","yes","2025-11-10 01:26:52"
"Universal Buddy | LSU Tigers","uni-black-ncaa-lsu-stripe","Primary","MP132-1","Floor",312,"yes","yes","yes","2025-11-10 01:24:06"
"Universal Buddy | Oregon Ducks | Gameday ","uni-white-ncaa-oregon-stripe","Primary","MO122-1","Floor",436,"yes","yes","yes","2025-11-10 01:21:34"
"Universal Buddy | Arkansas Razorbacks | Gameday ","uni-black-ncaa-arkansas-stripe","Primary","MP136-1","Floor",509,"yes","yes","yes","2025-11-10 01:17:43"
"Universal Buddy | Clemson Tigers","uni-orange-ncaa-clemson-stripe","Primary","MP129-1","Floor",61,"yes","yes","yes","2025-11-10 01:02:40"
"Universal Buddy | Michigan Wolverines","uni-navy-ncaa-michigan-stripe","Primary","MP127-1","Floor",597,"yes","yes","yes","2025-11-10 01:01:26"
"Universal Buddy | Penn State Nittany Lions","uni-navy-ncaa-pennstate-stripe","Primary","MO132-1","Floor",396,"yes","yes","yes","2025-11-10 01:01:22"
"Universal Buddy | Ohio State Buckeyes | Gameday ","uni-white-ncaa-ohiostate-camo","Primary","MP125-1","Floor",145,"yes","yes","yes","2025-11-10 00:55:49"
"Universal Buddy |  Police ","uni-police","Primary","MP123-1","Floor",77,"yes","yes","yes","2025-11-10 00:51:17"
"Universal Buddy | UNC Tarheels | Gameday ","uni-white-ncaa-northcarolina-stripe","Primary","MP124-1","Floor",600,"yes","yes","yes","2025-11-10 00:44:40"
"Universal Buddy | Mother Nature ","uni-mothernature","Primary","MP126-1","Floor",599,"yes","yes","yes","2025-11-10 00:44:09"
"Universal Buddy | Texas Tech Red Raiders","uni-black-ncaa-texastech-stripe","Primary","MP122-1","Floor",574,"yes","yes","yes","2025-11-10 00:39:41"
"Universal Buddy | Mother Nature ","uni-mothernature","Primary","MP121-1","Floor",599,"yes","yes","yes","2025-11-10 00:38:22"
"Universal Buddy | Mother Nature ","uni-mothernature","Primary","MP119-1","Floor",405,"yes","yes","yes","2025-11-10 00:30:52"
"Universal Buddy | Tennessee Vols ","uni-rockytop-ncaa-tennessee-merica","Primary","MP120-1","Floor",600,"yes","yes","yes","2025-11-10 00:21:24"
"Universal Buddy | Kentucky Wildcats | Gameday","uni-black-ncaa-kentucky-stripe","Primary","MP113-1","Floor",39,"yes","yes","yes","2025-11-09 23:58:05"
"Universal Buddy | Tennessee Vols","uni-white-ncaa-tennessee-stripe","Primary","MN156-1","Floor",354,"yes","yes","yes","2025-11-09 23:26:48"
"Universal Buddy | Alabama Crimson Tide | Gameday ","uni-white-ncaa-alabama-stripe","Primary","MM106-4","Bay",600,"yes","no","yes","2025-11-09 23:00:47"
"To-Go Buddy | Kentucky Wildcats","c-c-white-ncaa-kentucky-stripe-tgb","Primary","MB156-2","Bin",1,"yes","yes","yes","2025-11-09 22:58:14"
"Universal Buddy | Florida State Seminoles","uni-black-ncaa-floridastate-stripe","Primary","MM108-3","Bay",600,"yes","no","yes","2025-11-09 22:56:16"
"To-Go Buddy | Old Dominion Monarchs","c-c-navy-ncaa-olddominion-stripe-tgb","Primary","MB163-2","Bin",1,"yes","yes","yes","2025-11-09 22:55:38"
"Universal Buddy | Alabama Crimson Tide | Gameday ","uni-white-ncaa-alabama-stripe","Primary","MM109-2","Bay",600,"yes","no","yes","2025-11-09 22:38:42"
"Universal Buddy | Georgia Bulldogs | Gameday ","uni-black-ncaa-georgia-stripe","Primary","MM102-1","Floor",412,"yes","yes","yes","2025-11-09 22:37:15"
"Universal Buddy | Florida Gators","uni-black-ncaa-florida-stripe","Primary","MM104-1","Floor",500,"yes","yes","yes","2025-11-09 22:34:47"
"Universal Buddy | Missouri Tigers","uni-black-ncaa-missouri-stripe","Primary","MM108-1","Floor",425,"yes","yes","yes","2025-11-09 22:30:20"
"Universal Buddy | Rocket Pop","uni-rocketpop","Primary","MM122-1","Floor",484,"yes","yes","yes","2025-11-09 22:08:38"
"Universal Buddy | Iowa State Cyclones","uni-black-ncaa-iowastate-stripe","Primary","MN151-1","Floor",142,"yes","yes","yes","2025-11-09 22:03:01"
"Universal Buddy | Iowa Hawkeyes | Gameday ","uni-black-ncaa-iowa-stripe","Primary","MF102-2","Bay",200,"yes","no","yes","2025-11-09 21:40:44"
"Universal Buddy | Iowa Hawkeyes | Gameday ","uni-black-ncaa-iowa-stripe","Primary","MQ165-1","Floor",600,"yes","no","yes","2025-11-09 21:30:50"
"Bottle Buddy | Nebula","bottle32-nebula","Primary","ML115-3","Bay",240,"yes","no","yes","2025-11-09 21:16:26"
"Bottle Buddy | Nebula","bottle32-nebula","Primary","MB113-5","Bay",240,"yes","no","yes","2025-11-09 21:13:01"
"Bottle Buddy | Mint Chocolate","bottle32-mint","Primary","MC136-3","Bay",240,"yes","no","yes","2025-11-09 21:05:49"
"Bottle Buddy 24oz | LSU Tigers | Legacy","bottle24-lsulegacy","Primary","ML104-1","Floor",131,"yes","yes","yes","2025-11-09 20:07:13"
"Bottle Buddy | Nebula","bottle32-nebula","Primary","MN150-2","Bay",160,"yes","no","yes","2025-11-09 18:59:12"
"Universal Buddy | Iowa Hawkeyes | Gameday ","uni-black-ncaa-iowa-stripe","Primary","MN129-1","Floor",531,"yes","yes","yes","2025-11-09 18:54:20"
"c-c-white-ncaa-northcarolina-tarheel-uni","c-c-white-ncaa-northcarolina-tarheel-uni","Primary","MA109-1","Floor ",296,"yes","yes","yes","2025-11-09 18:05:24"
"Universal Buddy | Georgia Bulldogs","c-c-black-ncaa-georgia-stripe-uni","Primary","MA102-1","Floor ",136,"yes","yes","yes","2025-11-09 17:31:03"
"Bottle Buddy 32 | Pencil 32oz","bottle32-pencil","Primary","MP140-4","Bay",240,"yes","no","yes","2025-11-09 16:01:49"
"Bottle Buddy 32 | Pencil 32oz","bottle32-pencil","Primary","MP155-4","Bay",240,"yes","no","yes","2025-11-09 15:51:21"
"Bottle Buddy | Royal","bottle32-royal","Primary","MD161-1","Floor",240,"yes","yes","yes","2025-11-09 15:44:56"
"Bottle Buddy 24oz | Florida State Seminoles | Legacy","bottle24-floridastatelegacy","Primary","MP151-4","Bay",240,"yes","no","yes","2025-11-09 15:41:27"
"Bottle Buddy 32 | Pencil 32oz","bottle32-pencil","Primary","MP141-4","Bay",240,"yes","no","yes","2025-11-09 14:44:06"
"Universal XL | Arizona Wildcats","c-c-navy-ncaa-arizona-stripe-xl","Primary","MB125-3","Bin",1,"yes","yes","yes","2025-11-09 14:01:25"
"Bottle Buddy 32 | Pencil 32oz","bottle32-pencil","Primary","MP147-3","Bay",240,"yes","no","yes","2025-11-09 13:43:07"
"Universal Buddy | Tennessee Vols","uni-rockytop-ncaa-tennessee-stripe","Primary","MG129-1","Floor",298,"yes","yes","yes","2025-11-08 21:11:40"
"Thicc Buddy 40 | Emerald Elegance","thicc40-emerald","Primary","CC111-4","Bay",144,"yes","no","yes","2025-11-08 21:04:34"
"Universal XL | Nebula","unixl-nebula","Primary","CB126-4","Bay",400,"yes","no","yes","2025-11-08 19:32:58"
"Universal Buddy | Margaritaville | Fruitcakes & Parrotheads","c-c-rockytop-margaritaville-parrot-uni","Primary","MB107-3","Bin",2,"yes","yes","yes","2025-11-08 18:32:01"
"Universal XL | Crimson","unixl-crimson","Primary","CB130-2","Bay",400,"yes","no","yes","2025-11-08 18:18:37"
"Bottle Buddy | Crimson","bottle32-crimson","Primary","MB129-4","Bay",240,"yes","no","yes","2025-11-08 18:15:41"
"Bottle Buddy 16oz | Pencil 16oz","bottle16-pencil","Primary","Receiving","",80,"yes","no","yes","2025-11-08 17:49:05"
"uni-emerald-unboxed","uni-emerald-unboxed","Primary","CC106-1","Floor",275,"yes","no","yes","2025-11-08 17:45:07"
"Universal XL | Charcoal","unixl-charcoal","Primary","CB134-2","Bay",400,"yes","no","yes","2025-11-08 17:28:22"
"Universal Buddy | Pittsburgh Pirates","c-c-black-mlb-pirates-cc-uni","Primary","MB130-3","Bin",1,"yes","yes","yes","2025-11-08 17:08:43"
"Thicc Buddy 40 | White Old Lid","thicc40-white-oldlid","Primary","MK111-1","Floor",101,"yes","yes","yes","2025-11-08 14:23:37"
"Bottle Buddy | Nebula","bottle32-nebula","Primary","MM140-1","Floor",153,"yes","yes","yes","2025-11-08 10:47:35"
"Bottle Buddy | Gumdrop","bottle32-gumdrop","Primary","MM138-1","Floor",97,"yes","yes","yes","2025-11-08 10:46:48"
"Bottle Buddy | Purple Glitz","bottle32-purpleglitz","Primary","MM126-1","Floor",2,"yes","yes","yes","2025-11-08 10:38:38"
"Bottle Buddy | Gumdrop","bottle32-gumdrop","Primary","MM103-1","Floor",220,"yes","yes","yes","2025-11-08 10:35:11"
"Bottle Buddy | Gumdrop","bottle32-gumdrop","Primary","MM107-1","Floor",240,"yes","yes","yes","2025-11-08 10:33:44"
"Bottle Buddy | Gumdrop","bottle32-gumdrop","Primary","MM117-1","Floor",180,"yes","yes","yes","2025-11-08 10:26:32"
"Bottle Buddy | Mint Chocolate","bottle32-mint","Primary","Receiving","",60,"yes","no","yes","2025-11-08 01:10:42"
"Universal Buddy | Kansas State Wildcats","c-c-white-ncaa-kansasstate-stripe-uni","Primary","MB134-2","Bin",2,"yes","yes","yes","2025-11-07 23:45:51"
"Universal Buddy | Iowa State Cyclones","c-c-white-ncaa-iowastate-stripe-uni","Primary","MB140-3","Bin",1,"yes","yes","yes","2025-11-07 23:45:02"
"Universal Buddy | Buddy Of The Week | Duck It","c-c-royal-duckit-uni","Primary","MB315-2","Bin",7,"yes","yes","yes","2025-11-07 21:57:01"
"To-Go Buddy | Kansas City Royals","c-c-white-mlb-royals-stripe-tgb","Primary","MB192-2","Bin",2,"yes","yes","yes","2025-11-07 20:48:57"
"Universal XL | Los Angeles Angels","c-c-white-mlb-angels-stripe-xl","Primary","MB129-3","Bin",1,"yes","yes","yes","2025-11-07 20:42:54"
"Universal XL | Philadelphia Flyers","c-c-black-nhl-flyers-stripe-xl","Primary","MB143-2","Bin",1,"yes","yes","yes","2025-11-07 20:19:07"
"Bottle Buddy 32 | Pencil 32oz","bottle32-pencil","Primary","MB114-4","Bay",240,"yes","no","yes","2025-11-07 18:17:40"
"To-Go Buddy | Royal","togo30-royal","Primary","MG136-2","Bay",300,"yes","no","yes","2025-11-07 17:34:14"
"Bottle Buddy 24 | White","bottle24-white","Primary","MJ116-3","Bay",240,"yes","no","yes","2025-11-07 17:16:17"
"To-Go Buddy | Polka Dots","togo30-black-polkadots","Primary","MK110-1","Floor",4,"yes","yes","yes","2025-11-07 16:20:11"
"Sports Buddy Bumper Cornflower Blue / 24oz","Bumper-sports24cornflowerblue","Primary","MK133-1","Floor",456,"yes","yes","yes","2025-11-07 15:47:53"
"Universal Buddy | Florida Gators | Drip","uni-floridadrip","Primary","Delete Me","Bin",200,"yes","no","no","2025-11-07 15:34:15"
"Universal Buddy | Georgia Bulldogs","uni-red-ncaa-georgia-stripe","Primary","MK140-2","Bay",400,"yes","no","yes","2025-11-07 15:30:03"
"Universal XL | Crimson","unixl-crimson","Primary","MJ131-3","Bay",400,"yes","no","yes","2025-11-07 15:25:53"
"Universal Buddy | Nebula","uni-nebula","Primary","MK158-3","Bay",600,"yes","no","yes","2025-11-07 15:25:37"
"Mystery Returns Assortment Return 10","return10","Primary","MG113-2","Bay",27,"yes","no","yes","2025-11-07 14:44:48"
"To-Go Buddy Lid | Neon Orange","togolid-neonorange","Primary","MF117-1","Floor",553,"yes","yes","yes","2025-11-07 14:33:41"
"Universal Buddy | RealTree Max7","uni-max7","Primary","MF115-2","Bay",600,"yes","no","yes","2025-11-07 13:54:37"
"Universal Buddy | White","uni-allwhite","Primary","ML112-3","Bay",600,"yes","no","yes","2025-11-07 13:48:39"
"Universal XL | Ice Cream","unixl-icecream","Primary","ML128-3","Bay",400,"yes","no","yes","2025-11-07 13:45:42"
"Suction Bumper | Black","suctionbumper-black","Primary","ML119-1","Floor",195,"yes","yes","yes","2025-11-07 13:17:41"
"Universal XL | New York Islanders","c-c-white-nhl-islanders-stripe-xl","Primary","MB174-1","Bin",2,"yes","yes","yes","2025-11-07 01:23:58"
"Bottle Buddy 24oz | Pencil 24oz","bottle24-pencil","Primary","Receiving","",40,"yes","no","yes","2025-11-06 23:47:57"
"Thicc Buddy 40 | Rocky Top","thicc40-rockytop","Primary","MB104-5","Bay",144,"yes","no","yes","2025-11-06 20:33:46"
"Bottle Buddy 32oz | Duck-It","bottle32-black-duckit","Primary","MB152-5","Bay",240,"yes","no","yes","2025-11-06 20:18:10"
"Thicc Buddy | Florida Gators | Drip 40oz","thicc40-floridadrip","Primary","MB158-5","Bay",144,"yes","no","yes","2025-11-06 20:14:44"
"To-Go Buddy | Daisy","togo30-daisy","Primary","Delete Me","Bin",3,"yes","no","no","2025-11-06 19:34:54"
"Universal Buddy | White","uni-allwhite","Primary","MM159-2","Bay",600,"yes","no","yes","2025-11-06 19:21:38"
"To-Go Buddy | Blue Ice Cream","togo30-icecreamblue","Primary","MB131-5","Bay",400,"yes","no","yes","2025-11-06 18:51:51"
"Thicc Buddy | Penn State Nittany Lions | Drip 40oz","thicc40-pennstatedrip","Primary","MM128-2","Bay",144,"yes","no","yes","2025-11-06 18:15:34"
"Thicc Buddy | Illinois Fighting Illini | Drip 40oz","thicc40-illinoisdrip","Primary","MM156-2","Bay",144,"yes","no","yes","2025-11-06 18:10:53"
"To-Go Buddy | National Lampoon's | Cousin Eddie’s Surprise ","c-c-darknight-natlamp-shtfullpattern-tgb","Primary","MB217-1","Bin",4,"yes","yes","yes","2025-11-06 18:08:51"
"Universal Buddy | Pink Checkered","uni-pinkcheckered","Primary","MN101-4","Bay",200,"yes","no","yes","2025-11-06 17:48:41"
"Thicc Buddy 40 | Gumdrop","thicc40-gumdrop","Primary","MP132-3","Bay",72,"yes","no","yes","2025-11-06 17:02:09"
"Bottle Buddy 16 | Navy","bottle16-navy","Primary","MA144-5","Bay",320,"yes","no","yes","2025-11-06 17:00:02"
"Universal Buddy | White","uni-allwhite","Primary","MP135-3","Bay",600,"yes","no","yes","2025-11-06 16:53:09"
"Universal Buddy | Royal","uni-royal","Primary","MQ148-3","Bay",600,"yes","no","yes","2025-11-06 16:39:59"
"Universal Buddy | White","uni-allwhite","Primary","MQ158-3","Bay",600,"yes","no","yes","2025-11-06 16:37:35"
"Chubby Buddy | Mexico","chub-mexico","Primary","CF129-2","Bay",600,"yes","no","yes","2025-11-06 15:56:54"
"Chubby Buddy | Mexico","chub-mexico","Primary","CF133-3","Bay",600,"yes","no","yes","2025-11-06 15:56:22"
"Chubby Buddy | Mexico","chub-mexico","Primary","MQ136-3","Bay",600,"yes","no","yes","2025-11-06 15:30:17"
"Chubby Buddy | Mexico","chub-mexico","Primary","MQ136-4","Bay",600,"yes","no","yes","2025-11-06 15:28:58"
"Thicc Buddy 40 | Mademoiselle Old Lid","thicc40-mademoiselle-oldlid","Primary","MD143-4","Bay",144,"yes","no","yes","2025-11-06 15:02:12"
"Thicc Buddy 40 | Mademoiselle Old Lid","thicc40-mademoiselle-oldlid","Primary","MD139-3","Bay",144,"yes","no","yes","2025-11-06 15:01:56"
"Thicc Buddy 40 | Mademoiselle Old Lid","thicc40-mademoiselle-oldlid","Primary","MD132-3","Bay",144,"yes","no","yes","2025-11-06 15:01:08"
"Thicc Buddy 40 | Mademoiselle Old Lid","thicc40-mademoiselle-oldlid","Primary","MD143-3","Bay",144,"yes","no","yes","2025-11-06 14:54:59"
"Thicc Buddy 40 | Mademoiselle Old Lid","thicc40-mademoiselle-oldlid","Primary","MC108-3","Bay",144,"yes","no","yes","2025-11-06 14:54:22"
"Thicc Buddy 40 | Mademoiselle Old Lid","thicc40-mademoiselle-oldlid","Primary","MD137-3","Bay",144,"yes","no","yes","2025-11-06 14:53:15"
"Universal XL | Utah Utes","c-c-red-ncaa-utah-stripe-xl","Primary","MB204-2","Bin",4,"yes","yes","yes","2025-11-06 09:08:07"
"Chubby Buddy | Mexico","chub-mexico","Primary","MQ138-4","Bay",600,"yes","no","yes","2025-11-06 07:08:48"
"Chubby Buddy | Mexico","chub-mexico","Primary","MQ142-4","Bay",600,"yes","no","yes","2025-11-06 07:03:01"
"Chubby Buddy | Mexico","chub-mexico","Primary","MQ140-4","Bay",600,"yes","no","yes","2025-11-06 06:57:54"
"Chubby Buddy | Mexico","chub-mexico","Primary","MQ144-4","Bay",600,"yes","no","yes","2025-11-06 06:52:45"
"Chubby Buddy | Mexico","chub-mexico","Primary","MQ146-4","Bay",600,"yes","no","yes","2025-11-06 06:46:07"
"Chubby Buddy | Mexico","chub-mexico","Primary","MQ148-4","Bay",600,"yes","no","yes","2025-11-06 06:39:27"
"Chubby Buddy | Mexico","chub-mexico","Primary","MQ150-4","Bay",600,"yes","no","yes","2025-11-06 06:34:04"
"To-Go Buddy | Ice Cream","togo30-icecream","Primary","MP128-4","Bay",400,"yes","no","yes","2025-11-06 06:00:01"
"To-Go Buddy | Ice Cream","togo30-icecream","Primary","MP126-4","Bay",400,"yes","no","yes","2025-11-06 05:53:57"
"To-Go Buddy | Ice Cream","togo30-icecream","Primary","MP124-4","Bay",400,"yes","no","yes","2025-11-06 05:44:47"
"To-Go Buddy | Ice Cream","togo30-icecream","Primary","MP122-4","Bay",400,"yes","no","yes","2025-11-06 05:34:43"
"To-Go Buddy | Ice Cream","togo30-icecream","Primary","MP120-4","Bay",400,"yes","no","yes","2025-11-06 05:23:15"
"To-Go Buddy | Ice Cream","togo30-icecream","Primary","MP118-4","Bay",400,"yes","no","yes","2025-11-06 05:16:59"
"To-Go Buddy | Ice Cream","togo30-icecream","Primary","MP116-4","Bay",400,"yes","no","yes","2025-11-06 05:10:47"
"To-Go Buddy | Ice Cream","togo30-icecream","Primary","MP129-4","Bay",400,"yes","no","yes","2025-11-06 04:55:58"
"To-Go Buddy | Ice Cream","togo30-icecream","Primary","MP127-4","Bay",400,"yes","no","yes","2025-11-06 04:49:59"
"To-Go Buddy | Ice Cream","togo30-icecream","Primary","MP125-4","Bay",400,"yes","no","yes","2025-11-06 04:43:31"
"To-Go Buddy | Ice Cream","togo30-icecream","Primary","MP123-4","Bay",400,"yes","no","yes","2025-11-06 04:38:08"
"To-Go Buddy | Ice Cream","togo30-icecream","Primary","MP121-4","Bay",400,"yes","no","yes","2025-11-06 04:32:03"
"To-Go Buddy | Ice Cream","togo30-icecream","Primary","MP119-4","Bay",400,"yes","no","yes","2025-11-06 03:57:50"
"To-Go Buddy | Ice Cream","togo30-icecream","Primary","MP117-4","Bay",400,"yes","no","yes","2025-11-06 03:52:32"
"To-Go Buddy | Ice Cream","togo30-icecream","Primary","MP115-4","Bay",400,"yes","no","yes","2025-11-06 03:47:29"
"Universal Buddy | Royal","uni-royal","Primary","MQ142-3","Bay",600,"yes","no","yes","2025-11-06 02:56:08"
"Universal Buddy | Royal","uni-royal","Primary","MQ144-3","Bay",600,"yes","no","yes","2025-11-06 02:48:16"
"Universal Buddy | Royal","uni-royal","Primary","MQ146-3","Bay",600,"yes","no","yes","2025-11-06 02:39:36"
"Universal Buddy | Royal","uni-royal","Primary","MQ142-2","Bay",600,"yes","no","yes","2025-11-06 01:39:36"
"Universal Buddy | Royal","uni-royal","Primary","MQ144-2","Bay",600,"yes","no","yes","2025-11-06 01:34:49"
"Universal Buddy | White","uni-allwhite","Primary","MQ146-2","Bay",600,"yes","no","yes","2025-11-06 01:23:44"
"Universal Buddy | White","uni-allwhite","Primary","MQ148-2","Bay",600,"yes","no","yes","2025-11-06 01:22:23"
"To-Go Buddy | Red","togo30-red","Primary","MD162-2","Bay",400,"yes","no","yes","2025-11-06 01:17:34"
"Universal Buddy | White","uni-allwhite","Primary","MQ150-3","Bay",600,"yes","no","yes","2025-11-06 01:15:54"
"Universal Buddy | White","uni-allwhite","Primary","MQ150-2","Bay",600,"yes","no","yes","2025-11-06 01:10:08"
"Universal Buddy | White","uni-allwhite","Primary","MQ152-3","Bay",600,"yes","no","yes","2025-11-06 01:04:17"
"Universal Buddy | White","uni-allwhite","Primary","MQ152-2","Bay",600,"yes","no","yes","2025-11-06 00:59:18"
"Universal Buddy | White","uni-allwhite","Primary","MQ154-3","Bay",600,"yes","no","yes","2025-11-06 00:54:38"
"Universal Buddy | Georgia Southern Eagles","c-c-white-ncaa-georgiasouthern-stripe-uni","Primary","MB140-2","Bin",2,"yes","yes","yes","2025-11-06 00:52:45"
"Universal Buddy | White","uni-allwhite","Primary","MQ154-2","Bay",600,"yes","no","yes","2025-11-06 00:49:27"
"Universal Buddy | White","uni-allwhite","Primary","MQ156-3","Bay",600,"yes","no","yes","2025-11-06 00:43:34"
"Universal Buddy | White","uni-allwhite","Primary","MQ156-2","Bay",600,"yes","no","yes","2025-11-06 00:37:08"
"Universal Buddy | White","uni-allwhite","Primary","MQ158-2","Bay",600,"yes","no","yes","2025-11-06 00:18:04"
"Universal Buddy | White","uni-allwhite","Primary","MP133-3","Bay",600,"yes","no","yes","2025-11-05 23:58:22"
"Universal XL | Northern Lights","unixl-lights","Primary","MQ168-2","Bay",175,"yes","no","yes","2025-11-05 21:43:35"
"Universal XL | Red","unixl-red","Primary","MN149-4","Bay",200,"yes","no","yes","2025-11-05 21:14:00"
"Universal Buddy | Golf","uni-golf","Primary","MN143-4","Bay",225,"yes","no","yes","2025-11-05 19:41:24"
"Universal Buddy | Northern Lights","uni-lights","Primary","MP107-4","Bay",600,"yes","no","yes","2025-11-05 19:02:49"
"Universal XL | Crimson","unixl-crimson","Primary","MN141-4","Bay",250,"yes","no","yes","2025-11-05 18:53:56"
"Universal XL | Red","unixl-red","Primary","MN139-4","Bay",225,"yes","no","yes","2025-11-05 18:52:12"
"Universal Buddy | Nebula","uni-nebula","Primary","MK162-4","Bay",600,"yes","no","yes","2025-11-05 18:35:02"
"Universal Buddy | Golf","uni-golf","Primary","MI128-4","Bay",600,"yes","no","yes","2025-11-05 17:39:02"
"Universal Buddy | Navy","uni-navy1","Primary","MH166-4","Bay",600,"yes","no","yes","2025-11-05 17:33:15"
"Universal Buddy | Navy","uni-navy1","Primary","MH164-3","Bay",600,"yes","no","yes","2025-11-05 17:32:00"
"Universal Buddy | Navy","uni-navy1","Primary","MH166-3","Bay",600,"yes","no","yes","2025-11-05 17:21:49"
"Universal Buddy | Navy","uni-navy1","Primary","MH160-3","Bay",600,"yes","no","yes","2025-11-05 17:20:25"
"Universal XL | Northern Lights","unixl-lights","Primary","MG125-3","Bay",400,"yes","no","yes","2025-11-05 16:42:43"
"Universal XL | Northern Lights","unixl-lights","Primary","MG131-3","Bay",400,"yes","no","yes","2025-11-05 16:41:03"
"Universal XL | Merica","unixl-merica","Primary","MP161-3","Bay",400,"yes","no","yes","2025-11-05 15:16:55"
"Universal XL | Merica","unixl-merica","Primary","MP167-3","Bay",400,"yes","no","yes","2025-11-05 15:00:05"
"Universal XL | Charcoal","unixl-charcoal","Primary","MP167-2","Bay",400,"yes","no","yes","2025-11-05 14:54:17"
"Universal XL | Baby Blue","unixl-babyblue","Primary","MP168-3","Bay",400,"yes","no","yes","2025-11-05 14:48:28"
"To-Go Buddy | National Lampoon's | $h*%ter's Full ","c-c-red-natlamp-shtfullsweater-tgb","Primary","MB221-2","Bin",1,"yes","yes","yes","2025-11-05 14:44:27"
"Universal XL | Red","unixl-red","Primary","MP166-3","Bay",400,"yes","no","yes","2025-11-05 14:42:42"
"Universal Buddy | RealTree Max7","uni-max7","Primary","MP164-3","Bay",600,"yes","no","yes","2025-11-05 14:35:47"
"Universal Buddy | Northern Lights","uni-lights","Primary","MP160-3","Bay",600,"yes","no","yes","2025-11-05 14:18:22"
"Universal Buddy | RealTree Max7","uni-max7","Primary","MP158-3","Bay",600,"yes","no","yes","2025-11-05 14:11:54"
"Universal Buddy | Pink Checkered","uni-pinkcheckered","Primary","MP156-3","Bay",600,"yes","no","yes","2025-11-05 14:05:37"
"To-Go Buddy | No Lid Neon Red | 4 Pack","ws-togo-red4","Primary","ML114-1","Floor",54,"yes","yes","yes","2025-11-05 13:42:48"
"To-Go Buddy | No Lid Neon Orange | 4 Pack","ws-togo-orange4","Primary","ML118-1","Floor",51,"yes","yes","yes","2025-11-05 13:27:56"
"Universal Buddy | Tactical Green","uni-tactical","Primary","ML105-3","Bay",600,"yes","no","yes","2025-11-05 13:27:25"
"Universal XL | Texas Tea","unixl-texastea","Primary","MN135-4","Bay",200,"yes","no","yes","2025-11-05 02:55:55"
"Universal XL | Merica","unixl-merica","Primary","MN119-4","Bay",200,"yes","no","yes","2025-11-05 02:37:40"
"Universal Buddy | Royal","uni-royal","Primary","MN117-4","Bay",300,"yes","no","yes","2025-11-05 02:23:30"
"Bottle Buddy | LA Dodgers | World Series Champs 2025 ","c-c-white-mlb-dodgers-ws25-bottle32","Primary","MA122-1","Floor ",18,"yes","yes","yes","2025-11-05 02:20:18"
"Universal XL | Emerald","unixl-emerald","Primary","MN115-4","Bay",175,"yes","no","yes","2025-11-05 02:19:39"
"Universal Buddy | Tactical Green","uni-tactical","Primary","MN113-4","Bay",300,"yes","no","yes","2025-11-05 02:18:59"
"Universal XL | Washington Huskies","c-c-white-ncaa-washington-stripe-xl","Primary","MB169-2","Bin",1,"yes","yes","yes","2025-11-05 02:10:19"
"Universal Buddy | Ice Cream","uni-icecream","Primary","MN111-4","Bay",400,"yes","no","yes","2025-11-05 01:39:34"
"Universal Buddy | Tactical Green","uni-tactical","Primary","MK151-4","Bay",600,"yes","no","yes","2025-11-05 01:17:41"
"Universal Buddy | Tactical Green","uni-tactical","Primary","MK160-3","Bay",600,"yes","no","yes","2025-11-05 01:03:57"
"Universal XL | Baby Blue","unixl-babyblue","Primary","MN105-4","Bay",100,"yes","no","yes","2025-11-05 01:00:50"
"Universal Buddy | Tactical Green","uni-tactical","Primary","MK164-3","Bay",600,"yes","no","yes","2025-11-05 00:57:07"
"Universal XL | Gumdrop","unixl-gumdrop","Primary","MN103-4","Bay",100,"yes","no","yes","2025-11-05 00:53:55"
"Universal XL | Texas Tea","unixl-texastea","Primary","MK141-3","Bay",400,"yes","no","yes","2025-11-05 00:46:44"
"Universal XL | Texas Tea","unixl-texastea","Primary","MJ121-4","Bay",400,"yes","no","yes","2025-11-05 00:44:58"
"Universal XL | Emerald","unixl-emerald","Primary","MJ131-2","Bay",400,"yes","no","yes","2025-11-05 00:28:55"
"Universal XL | Black","unixl-black","Primary","MH138-3","Bay",400,"yes","no","yes","2025-11-05 00:03:25"
"Universal XL | White","unixl-white","Primary","MG138-4","Bay",400,"yes","no","yes","2025-11-04 23:59:05"
"To-Go Buddy | Minnesota Twins","c-c-navy-mlb-twins-stripe-tgb","Primary","MB162-1","Bin",2,"yes","yes","yes","2025-11-04 22:28:45"
"Universal Buddy | Wisconsin Badgers","c-c-black-ncaa-wisconsin-stripe-uni","Primary","MB156-2","Bin",2,"yes","yes","yes","2025-11-04 22:01:41"
"thicc40-glow-oldlid","thicc40-glow-oldlid","Primary","MD103-4","Bay",144,"yes","no","yes","2025-11-04 21:10:14"
"thicc40-glow-oldlid","thicc40-glow-oldlid","Primary","ME149-2","Bay",144,"yes","no","yes","2025-11-04 21:09:49"
"thicc40-glow-oldlid","thicc40-glow-oldlid","Primary","MD101-4","Bay",144,"yes","no","yes","2025-11-04 21:09:15"
"thicc40-glow-oldlid","thicc40-glow-oldlid","Primary","MD116-3","Bay",144,"yes","no","yes","2025-11-04 21:06:57"
"thicc40-glow-oldlid","thicc40-glow-oldlid","Primary","MB101-4","Bay",144,"yes","no","yes","2025-11-04 21:06:15"
"Stainless Sports Buddy 12","cft-12kidbtle","Primary","MQ118-4","Bay",600,"yes","no","yes","2025-11-04 21:00:46"
"Stainless Sports Buddy 12","cft-12kidbtle","Primary","MQ116-4","Bay",600,"yes","no","yes","2025-11-04 20:55:18"
"Universal XL | Dark Night","unixl-darknight","Primary","MJ119-4","Bay",400,"yes","no","yes","2025-11-04 20:48:42"
"Universal XL | Dark Night","unixl-darknight","Primary","MJ119-3","Bay",400,"yes","no","yes","2025-11-04 20:46:02"
"Universal XL | Emerald","unixl-emerald","Primary","MJ124-2","Bay",400,"yes","no","yes","2025-11-04 20:35:50"
"Universal XL | Ice Cream","unixl-icecream","Primary","MJ118-4","Bay",400,"yes","no","yes","2025-11-04 20:34:37"
"Universal XL | Ice Cream","unixl-icecream","Primary","MJ117-3","Bay",400,"yes","no","yes","2025-11-04 20:24:30"
"Universal XL | Charcoal","unixl-charcoal","Primary","MJ111-3","Bay",400,"yes","no","yes","2025-11-04 20:23:00"
"Universal Buddy | Navy","uni-navy1","Primary","MG134-3","Bay",600,"yes","no","yes","2025-11-04 20:11:51"
"Universal Buddy | Navy","uni-navy1","Primary","MG132-2","Bay",600,"yes","no","yes","2025-11-04 20:10:08"
"Unboxed Thicc40 Royal","thicc40-royal-unboxed","Primary","PS166-1","Flow",8,"yes","no","yes","2025-11-04 20:02:31"
"thicc40-glow-oldlid","thicc40-glow-oldlid","Primary","ME143-2","Bay",144,"yes","no","yes","2025-11-04 19:44:37"
"unboxed thicc16 | White","thicc16-white-unboxed","Primary","PS170-1","Flow",26,"yes","no","yes","2025-11-04 19:09:06"
"Universal Buddy | Navy","uni-navy1","Primary","MK166-4","Bay",600,"yes","no","yes","2025-11-04 18:47:59"
"Universal Buddy | Navy","uni-navy1","Primary","MK166-3","Bay",600,"yes","no","yes","2025-11-04 18:46:33"
"Universal Buddy | Navy","uni-navy1","Primary","MI146-2","Bay",600,"yes","no","yes","2025-11-04 18:31:22"
"Universal Buddy | Navy","uni-navy1","Primary","MI154-4","Bay",600,"yes","no","yes","2025-11-04 18:29:59"
"Universal Buddy | Black","uni-black","Primary","MH153-3","Bay",600,"yes","no","yes","2025-11-04 18:20:03"
"Universal Buddy | Black","uni-black","Primary","MH150-2","Bay",600,"yes","no","yes","2025-11-04 18:18:31"
"Universal Buddy | Black","uni-black","Primary","MG152-2","Bay",600,"yes","no","yes","2025-11-04 18:04:49"
"Universal Buddy | Black","uni-black","Primary","MJ116-2","Bay",600,"yes","no","yes","2025-11-04 17:54:59"
"Thicc Buddy 40 | Flip Lid | Red","thicc40flip-red","Primary","MN131-4","Bay",200,"yes","no","yes","2025-11-04 17:43:11"
"Thicc Buddy | Kentucky Wildcats | Drip 40oz","thicc40-kentuckydrip","Primary","MP148-3","Bay",144,"yes","no","yes","2025-11-04 17:30:55"
"Thicc Buddy | Kentucky Wildcats | Drip 40oz","thicc40-kentuckydrip","Primary","MP146-3","Bay",144,"yes","no","yes","2025-11-04 17:29:07"
"Universal Buddy | Black","uni-black","Primary","MI156-3","Bay",600,"yes","no","yes","2025-11-04 17:27:23"
"To-Go Buddy | Orange","togo30-orange","Primary","MP144-3","Bay",400,"yes","no","yes","2025-11-04 17:24:14"
"Universal Buddy | Black","uni-black","Primary","MH104-2","Bay",600,"yes","no","yes","2025-11-04 17:13:03"
"Thicc Buddy 40 | Gumdrop","thicc40-gumdrop","Primary","MP130-3","Bay",144,"yes","no","yes","2025-11-04 17:11:45"
"Bottle Buddy | Nebula","bottle32-nebula","Primary","ML137-2","Bay",240,"yes","no","yes","2025-11-04 16:56:41"
"Bottle Buddy | Nebula","bottle32-nebula","Primary","ML135-2","Bay",240,"yes","no","yes","2025-11-04 16:54:22"
"Bottle Buddy | Nebula","bottle32-nebula","Primary","ML133-2","Bay",240,"yes","no","yes","2025-11-04 16:52:09"
"thicc40-lavender-oldlid","thicc40-lavender-oldlid","Primary","MJ107-1","Floor",26,"yes","yes","yes","2025-11-04 16:50:24"
"thicc40-lavender-oldlid","thicc40-lavender-oldlid","Primary","MJ101-4","Bay",144,"yes","no","yes","2025-11-04 16:50:07"
"thicc40-lavender-oldlid","thicc40-lavender-oldlid","Primary","MH161-4","Bay",144,"yes","no","yes","2025-11-04 16:49:54"
"thicc40-lavender-oldlid","thicc40-lavender-oldlid","Primary","MH157-3","Bay",144,"yes","no","yes","2025-11-04 16:49:37"
"thicc40-lavender-oldlid","thicc40-lavender-oldlid","Primary","MH155-3","Bay",144,"yes","no","yes","2025-11-04 16:49:16"
"Universal Buddy | Gunmetal Glory","uni-gunmetalglory","Primary","MH105-2","Bay",600,"yes","no","yes","2025-11-04 16:49:02"
"thicc40-lavender-oldlid","thicc40-lavender-oldlid","Primary","MH151-3","Bay",144,"yes","no","yes","2025-11-04 16:48:38"
"thicc40-lavender-oldlid","thicc40-lavender-oldlid","Primary","MH149-3","Bay",144,"yes","no","yes","2025-11-04 16:48:15"
"thicc40-lavender-oldlid","thicc40-lavender-oldlid","Primary","MH147-3","Bay",144,"yes","no","yes","2025-11-04 16:48:00"
"thicc40-lavender-oldlid","thicc40-lavender-oldlid","Primary","MH145-3","Bay",144,"yes","no","yes","2025-11-04 16:47:21"
"thicc40-lavender-oldlid","thicc40-lavender-oldlid","Primary","MH143-3","Bay",144,"yes","no","yes","2025-11-04 16:46:51"
"thicc40-lavender-oldlid","thicc40-lavender-oldlid","Primary","MH141-3","Bay",144,"yes","no","yes","2025-11-04 16:46:11"
"thicc40-lavender-oldlid","thicc40-lavender-oldlid","Primary","MH139-3","Bay",144,"yes","no","yes","2025-11-04 16:45:54"
"thicc40-lavender-oldlid","thicc40-lavender-oldlid","Primary","MH137-3","Bay",144,"yes","no","yes","2025-11-04 16:45:31"
"thicc40-lavender-oldlid","thicc40-lavender-oldlid","Primary","MH135-3","Bay",144,"yes","no","yes","2025-11-04 16:44:15"
"thicc40-lavender-oldlid","thicc40-lavender-oldlid","Primary","MH133-3","Bay",144,"yes","no","yes","2025-11-04 16:43:59"
"thicc40-lavender-oldlid","thicc40-lavender-oldlid","Primary","MH122-2","Bay",144,"yes","no","yes","2025-11-04 16:43:42"
"thicc40-lavender-oldlid","thicc40-lavender-oldlid","Primary","MH108-3","Bay",144,"yes","no","yes","2025-11-04 16:43:24"
"thicc40-lavender-oldlid","thicc40-lavender-oldlid","Primary","MH103-3","Bay",144,"yes","no","yes","2025-11-04 16:43:10"
"thicc40-lavender-oldlid","thicc40-lavender-oldlid","Primary","MF124-4","Bay",144,"yes","no","yes","2025-11-04 16:42:33"
"thicc40-lavender-oldlid","thicc40-lavender-oldlid","Primary","MD140-2","Bay",144,"yes","no","yes","2025-11-04 16:37:02"
"thicc40-lavender-oldlid","thicc40-lavender-oldlid","Primary","MD139-4","Bay",144,"yes","no","yes","2025-11-04 16:36:49"
"thicc40-lavender-oldlid","thicc40-lavender-oldlid","Primary","MC151-3","Bay",144,"yes","no","yes","2025-11-04 16:36:05"
"thicc40-lavender-oldlid","thicc40-lavender-oldlid","Primary","MC124-4","Bay",144,"yes","no","yes","2025-11-04 16:35:50"
"thicc40-lavender-oldlid","thicc40-lavender-oldlid","Primary","MC122-2","Bay",144,"yes","no","yes","2025-11-04 16:35:30"
"thicc40-lavender-oldlid","thicc40-lavender-oldlid","Primary","MC113-3","Bay",144,"yes","no","yes","2025-11-04 16:35:13"
"thicc40-lavender-oldlid","thicc40-lavender-oldlid","Primary","MC112-4","Bay",144,"yes","no","yes","2025-11-04 16:34:58"
"thicc40-lavender-oldlid","thicc40-lavender-oldlid","Primary","MC105-3","Bay",144,"yes","no","yes","2025-11-04 16:34:39"
"thicc40-lavender-oldlid","thicc40-lavender-oldlid","Primary","MB157-6","Bay",144,"yes","no","yes","2025-11-04 16:33:47"
"thicc40-lavender-oldlid","thicc40-lavender-oldlid","Primary","MB140-5","Bay",144,"yes","no","yes","2025-11-04 16:33:30"
"thicc40-lavender-oldlid","thicc40-lavender-oldlid","Primary","MB129-5","Bay",144,"yes","no","yes","2025-11-04 16:33:16"
"thicc40-lavender-oldlid","thicc40-lavender-oldlid","Primary","MB125-4","Bay",144,"yes","no","yes","2025-11-04 16:33:03"
"Universal Buddy | White","uni-allwhite","Primary","MH115-3","Bay",600,"yes","no","yes","2025-11-04 16:30:40"
"Universal Buddy | Royal","uni-royal","Primary","MG156-3","Bay",600,"yes","no","yes","2025-11-04 16:07:25"
"Universal Buddy | Royal","uni-royal","Primary","MG165-4","Bay",600,"yes","no","yes","2025-11-04 16:00:32"
"Universal Buddy | Royal","uni-royal","Primary","MF117-2","Bay",600,"yes","no","yes","2025-11-04 15:59:44"
"Universal Buddy | Royal","uni-royal","Primary","MG157-3","Bay",600,"yes","no","yes","2025-11-04 15:49:08"
"Universal Buddy | Royal","uni-royal","Primary","MF128-2","Bay",425,"yes","no","yes","2025-11-04 15:41:53"
"Universal Buddy | Navy","uni-navy1","Primary","MI152-3","Bay",600,"yes","no","yes","2025-11-04 15:35:27"
"Universal Buddy | Navy","uni-navy1","Primary","ML113-3","Bay",600,"yes","no","yes","2025-11-04 15:20:49"
"Universal Buddy | Navy","uni-navy1","Primary","ML111-3","Bay",600,"yes","no","yes","2025-11-04 15:20:26"
"Mystery Returns Assortment Return 10","return10","Primary","MI134-2","Bay",27,"yes","no","yes","2025-11-04 14:55:04"
"Mystery Returns Assortment Return 10","return10","Primary","MM142-2","Bay",27,"yes","no","yes","2025-11-04 14:51:59"
"thicc40-wonderlust-oldlid","thicc40-wonderlust-oldlid","Primary","MF112-2","Bay",144,"yes","no","yes","2025-11-04 14:44:33"
"thicc40-wonderlust-oldlid","thicc40-wonderlust-oldlid","Primary","MF116-3","Bay",144,"yes","no","yes","2025-11-04 14:44:02"
"thicc40-wonderlust-oldlid","thicc40-wonderlust-oldlid","Primary","MF120-4","Bay",144,"yes","no","yes","2025-11-04 14:43:38"
"thicc40-wonderlust-oldlid","thicc40-wonderlust-oldlid","Primary","ME149-3","Bay",144,"yes","no","yes","2025-11-04 14:42:33"
"thicc40-wonderlust-oldlid","thicc40-wonderlust-oldlid","Primary","ME133-3","Bay",144,"yes","no","yes","2025-11-04 14:42:07"
"thicc40-wonderlust-oldlid","thicc40-wonderlust-oldlid","Primary","ME129-4","Bay",144,"yes","no","yes","2025-11-04 14:41:43"
"thicc40-wonderlust-oldlid","thicc40-wonderlust-oldlid","Primary","ME117-3","Bay",144,"yes","no","yes","2025-11-04 14:41:21"
"thicc40-wonderlust-oldlid","thicc40-wonderlust-oldlid","Primary","ME113-4","Bay",144,"yes","no","yes","2025-11-04 14:40:54"
"Mini Thicc Buddy | Emerald Elegance","thicc16-emerald","Primary","MG138-1","Floor",294,"yes","yes","yes","2025-11-04 14:38:05"
"thicc40-wonderlust-oldlid","thicc40-wonderlust-oldlid","Primary","MJ104-1","Floor",70,"yes","yes","yes","2025-11-04 14:36:16"
"Universal XL | Wisconsin Badgers","c-c-black-ncaa-wisconsin-stripe-xl","Primary","MB196-2","Bin",1,"yes","yes","yes","2025-11-04 03:26:57"
"Bottle Buddy | Houston Astros","c-c-navy-mlb-astros-stripe-bottle32","Primary","MB223-3","Bin",1,"yes","yes","yes","2025-11-04 02:18:14"
"thicc40-navy-oldlid","thicc40-navy-oldlid","Primary","MC119-4","Bay",144,"yes","no","yes","2025-11-03 23:05:39"
"thicc40-navy-oldlid","thicc40-navy-oldlid","Primary","MC118-4","Bay",144,"yes","no","yes","2025-11-03 23:05:16"
"To-Go Buddy | White","togo30-white","Primary","CA130-3","Bay",400,"yes","no","yes","2025-11-03 22:50:14"
"To-Go Buddy | White","togo30-white","Primary","CA132-3","Bay",400,"yes","no","yes","2025-11-03 22:41:20"
"To-Go Buddy | White","togo30-white","Primary","CA132-4","Bay",400,"yes","no","yes","2025-11-03 22:39:57"
"To-Go Buddy | White","togo30-white","Primary","CA136-4","Bay",400,"yes","no","yes","2025-11-03 22:28:32"
"To-Go Buddy | White","togo30-white","Primary","CA136-3","Bay",400,"yes","no","yes","2025-11-03 22:28:04"
"To-Go Buddy | Orange","togo30-orange","Primary","CA136-2","Bay",400,"yes","no","yes","2025-11-03 22:20:02"
"thicc40-navy-oldlid","thicc40-navy-oldlid","Primary","MD161-4","Bay",144,"yes","no","yes","2025-11-03 22:07:48"
"thicc40-navy-oldlid","thicc40-navy-oldlid","Primary","MD159-4","Bay",144,"yes","no","yes","2025-11-03 22:07:10"
"thicc40-navy-oldlid","thicc40-navy-oldlid","Primary","MD165-4","Bay",144,"yes","no","yes","2025-11-03 22:04:54"
"thicc40-navy-oldlid","thicc40-navy-oldlid","Primary","MD157-4","Bay",144,"yes","no","yes","2025-11-03 22:03:44"
"To-Go Buddy | Los Angeles Dodgers","c-c-royal-mlb-dodgers-stripe-tgb","Primary","MB120-2","Bin",1,"yes","yes","yes","2025-11-03 19:44:55"
"Universal Buddy | Ice Cream","uni-icecream","Primary","MK123-1","Floor",309,"yes","yes","yes","2025-11-03 17:34:40"
"thicc30-texastea-oldlid","thicc30-texastea-oldlid","Primary","MI114-1","Floor",121,"yes","yes","yes","2025-11-03 17:16:47"
"thicc16-emerald-oldlid","thicc16-emerald-oldlid","Primary","MH130-1","Floor",405,"yes","yes","yes","2025-11-03 16:51:53"
"To-Go Buddy | No Lid Merica | 4 Pack","ws-togo-merica4","Primary","ML120-1","Floor",60,"yes","yes","yes","2025-11-03 15:46:28"
"Thicc Buddy 40 | Aurora","thicc40-aurora","Primary","ME121-3","Bay",144,"yes","no","yes","2025-11-03 15:45:55"
"Blender Attachment | Universal XL","blenderA-black","Primary","Delete Me","Bin",2,"yes","no","no","2025-11-03 15:32:24"
"Universal Buddy | Gunmetal Glory","uni-gunmetalglory","Primary","MQ113-3","Bay",580,"yes","no","yes","2025-11-03 15:25:27"
"Replacement Lid | Bottle Buddy 32oz | Hunter Orange","b32lid-hunterorange","Primary","MA153-3","Bin",22,"yes","yes","yes","2025-11-03 15:24:18"
"Universal Buddy | Gunmetal Glory","uni-gunmetalglory","Primary","MQ111-3","Bay",600,"yes","no","yes","2025-11-03 15:22:56"
"Universal XL | Gunmetal Glory","unixl-gunmetalglory","Primary","CB137-4","Bay",300,"yes","no","yes","2025-11-03 15:04:00"
"Universal Buddy | Gunmetal Glory","uni-gunmetalglory","Primary","MQ105-3","Bay",600,"yes","no","yes","2025-11-03 15:02:04"
"Universal Buddy | Gunmetal Glory","uni-gunmetalglory","Primary","MQ103-3","Bay",450,"yes","no","yes","2025-11-03 14:49:46"
"To-Go Buddy | No Lid Neon Green | 4 Pack","ws-togo-green4","Primary","ML122-1","Floor",78,"yes","yes","yes","2025-11-03 14:46:24"
"Sports Buddy | Sublimated | 32oz, 40oz, Buddy Bowl 32oz","sports32-sublimated","Primary","ML124-1","Floor",320,"yes","yes","yes","2025-11-03 14:40:19"
"To-Go Buddy | No Lid Neon Pink | 4 Pack","ws-togo-pink4","Primary","ML126-1","Floor",49,"yes","yes","yes","2025-11-03 14:35:34"
"To-Go Buddy | No Lid Purple | 4 Pack","ws-togo-purple4","Primary","ML128-1","Floor",17,"yes","yes","yes","2025-11-03 14:28:53"
"Stainless Regular Buddy 20","cft-20reg","Primary","ML102-1","Floor",173,"yes","yes","yes","2025-11-03 14:18:33"
"Thicc Buddy 40 | Gunmetal Glory","thicc40-gunmetalglory","Primary","MP134-3","Bay",144,"yes","no","yes","2025-11-03 12:45:26"
"Universal Buddy | Gunmetal Glory","uni-gunmetalglory","Primary","ME132-3","Bay",600,"yes","no","yes","2025-11-02 23:30:13"
"Universal Buddy | Boise State Broncos","c-c-royal-ncaa-boisestate-stripe-uni","Primary","MB143-2","Bin",1,"yes","yes","yes","2025-11-02 22:40:16"
"Universal Buddy | Georgia Southern Eagles","c-c-white-ncaa-georgiasouthern-logo-uni","Primary","MB301-2","Bin",12,"yes","yes","yes","2025-11-02 21:23:14"
"Bottle Buddy | Kentucky Wildcats","c-c-royal-ncaa-kentucky-stripe-bottle32","Primary","MB269-1","Bin",6,"yes","yes","yes","2025-11-02 21:01:01"
"Universal Buddy | White","uni-allwhite","Primary","MP103-4","Bay",600,"yes","no","yes","2025-11-02 19:13:57"
"Universal Buddy | White","uni-allwhite","Primary","MP101-4","Bay",600,"yes","no","yes","2025-11-02 19:12:20"
"Thicc Buddy 40 | Flip Lid | Navy","thicc40flip-navy","Primary","MA154-1","Bin",11,"yes","yes","yes","2025-11-02 13:58:51"
"Thicc Buddy 40 | Flip Lid | Navy","thicc40flip-navy","Primary","MA155-1","Bin",14,"yes","yes","yes","2025-11-02 13:58:24"
"Thicc Buddy 40 | White Old Lid","thicc40-white-oldlid","Primary","MQ103-2","Bay",48,"yes","no","yes","2025-11-02 13:51:50"
"Thicc Buddy 40 | White Old Lid","thicc40-white-oldlid","Primary","MQ107-2","Bay",144,"yes","no","yes","2025-11-02 13:49:55"
"Thicc Buddy 40 | White Old Lid","thicc40-white-oldlid","Primary","MQ109-2","Bay",144,"yes","no","yes","2025-11-02 13:46:40"
"Thicc Buddy 40 | White Old Lid","thicc40-white-oldlid","Primary","MQ111-2","Bay",144,"yes","no","yes","2025-11-02 13:43:55"
"Thicc Buddy 40 | White Old Lid","thicc40-white-oldlid","Primary","MQ113-2","Bay",144,"yes","no","yes","2025-11-02 13:41:54"
"Thicc Buddy 40 | White Old Lid","thicc40-white-oldlid","Primary","MQ115-2","Bay",144,"yes","no","yes","2025-11-02 13:40:00"
"Thicc Buddy 40 | White Old Lid","thicc40-white-oldlid","Primary","MQ119-2","Bay",144,"yes","no","yes","2025-11-02 13:37:00"
"Thicc Buddy 40 | White Old Lid","thicc40-white-oldlid","Primary","MQ121-2","Bay",144,"yes","no","yes","2025-11-02 13:35:18"
"Thicc Buddy 40 | White Old Lid","thicc40-white-oldlid","Primary","MQ123-2","Bay",144,"yes","no","yes","2025-11-02 13:33:58"
"Thicc Buddy 40 | White Old Lid","thicc40-white-oldlid","Primary","MQ125-2","Bay",144,"yes","no","yes","2025-11-02 13:32:06"
"Thicc Buddy 40 | White Old Lid","thicc40-white-oldlid","Primary","MQ127-2","Bay",144,"yes","no","yes","2025-11-02 13:28:03"
"Thicc Buddy 40 | White Old Lid","thicc40-white-oldlid","Primary","MQ129-2","Bay",144,"yes","no","yes","2025-11-02 13:26:36"
"Universal Buddy | White","uni-allwhite","Primary","MP165-2","Bay",600,"yes","no","yes","2025-11-01 20:08:15"
"Thicc Buddy 40 | Royal Glitz","thicc40-royalglitz","Primary","MP163-2","Bay",144,"yes","no","yes","2025-11-01 19:59:01"
"Thicc Buddy 40 | Royal Glitz","thicc40-royalglitz","Primary","MP159-2","Bay",144,"yes","no","yes","2025-11-01 19:45:00"
"Thicc Buddy 40 | Royal Glitz","thicc40-royalglitz","Primary","MP157-2","Bay",144,"yes","no","yes","2025-11-01 19:40:50"
"Thicc Buddy 40 | Royal Glitz","thicc40-royalglitz","Primary","MP151-2","Bay",72,"yes","no","yes","2025-11-01 18:52:49"
"Universal XL | Ice Cream","unixl-icecream","Primary","MP135-2","Bay",400,"yes","no","yes","2025-11-01 17:26:59"
"Universal XL | Ice Cream","unixl-icecream","Primary","MP133-2","Bay",400,"yes","no","yes","2025-11-01 17:05:13"
"Universal XL | Rogue","unixl-rogue","Primary","MP124-3","Bay",400,"yes","no","yes","2025-11-01 16:33:56"
"Universal XL | Rogue","unixl-rogue","Primary","MP122-3","Bay",400,"yes","no","yes","2025-11-01 16:03:04"
"Universal XL | Rogue","unixl-rogue","Primary","MP120-3","Bay",400,"yes","no","yes","2025-11-01 15:55:15"
"Universal XL | Rogue","unixl-rogue","Primary","MP116-3","Bay",400,"yes","no","yes","2025-11-01 15:06:17"
"uni-banana-unboxed","uni-banana-unboxed","Primary","PS103-1","Flow",28,"yes","no","yes","2025-11-01 14:44:15"
"Universal XL | Red","unixl-red","Primary","MP125-3","Bay",400,"yes","no","yes","2025-11-01 14:22:33"
"Universal XL | Texas Tea","unixl-texastea","Primary","MP115-3","Bay",400,"yes","no","yes","2025-11-01 13:48:36"
"Universal XL | Texas Tea","unixl-texastea","Primary","MP113-3","Bay",400,"yes","no","yes","2025-11-01 13:44:10"
"Universal XL | Charcoal","unixl-charcoal","Primary","MP103-3","Bay",400,"yes","no","yes","2025-11-01 13:01:00"
"Universal XL | Charcoal","unixl-charcoal","Primary","MP101-3","Bay",399,"yes","no","yes","2025-11-01 12:55:20"
"Sports Buddy Bumper Black / 40oz","Bumper-sports40black","Primary","ML132-1","Floor",1163,"yes","yes","yes","2025-11-01 12:12:10"
"Universal XL | Vanilla Ice Cream","unixl-vanillaicecream","Primary","ML130-1","Floor",119,"yes","yes","yes","2025-11-01 12:08:28"
"Universal Buddy | Liberty Flames","c-c-white-ncaa-liberty-stripe-uni","Primary","MB142-2","Bin",3,"yes","yes","yes","2025-10-31 21:50:04"
"Universal XL | St. Louis Cardinals","c-c-navy-mlb-cardinals-stripe-xl","Primary","MB147-2","Bin",1,"yes","yes","yes","2025-10-31 16:14:35"
"Thicc Buddy 40 | Flip Straw Lid | Clear","thicclidreplacement40-clear","Primary","Delete Me","Bin",1,"yes","no","no","2025-10-31 14:56:47"
"Mystery Returns Assortment Return 10","return10","Primary","MG121-2","Bay",27,"yes","no","yes","2025-10-31 14:09:26"
"Universal Buddy Replacement Insert","Insert2.0","Primary","ME161-1","Floor",350,"yes","yes","yes","2025-10-31 12:58:53"
"Sports Buddy Smile / 24oz","sports24-smile","Primary","ML147-1","Floor",58,"yes","yes","yes","2025-10-31 12:20:00"
"Sports Buddy 40oz | Tie Dye","sports40-tiedye","Primary","ML145-1","Floor",24,"yes","yes","yes","2025-10-31 12:12:21"
"Sports Buddy Bumper Royal Blue / 40oz","Bumper-sports40royal","Primary","MQ126-2","Bay",1418,"yes","no","yes","2025-10-30 22:14:36"
"Sports Buddy Bumper Black / 24oz","Bumper-sports24black","Primary","MQ124-3","Bay",1299,"yes","no","yes","2025-10-30 22:02:08"
"Sports Buddy Bumper Grey / 24oz","Bumper-sports24grey","Primary","MQ124-2","Bay",567,"yes","no","yes","2025-10-30 21:54:02"
"Sports Buddy Bumper Cornflower Blue / 40oz","Bumper-sports40cornflowerblue","Primary","MQ122-3","Bay",1104,"yes","no","yes","2025-10-30 21:17:18"
"thicc16-darknight-unboxed","thicc16-darknight-unboxed","Primary","PS170-1","Flow",11,"yes","no","yes","2025-10-30 20:58:23"
"Sports Buddy Bumper Hibiscus / 24oz","Bumper-sports24hibiscus","Primary","MQ120-4","Bay",428,"yes","no","yes","2025-10-30 19:52:46"
"Stainless | Sports Buddy 24","Cft-24bottle","Primary","MQ120-3","Bay",350,"yes","no","yes","2025-10-30 19:36:43"
"Universal Buddy Replacement Lid | Tan","lid2-tan","Primary","MQ118-2","Bay",390,"yes","no","yes","2025-10-30 19:33:56"
"Universal Buddy Replacement Lid | Pink","lid2-pink","Primary","MA160-6","Bay",171,"yes","no","yes","2025-10-30 19:29:02"
"Sports Buddy 32 | Stainless","sports32-stainless","Primary","MQ116-2","Bay",66,"yes","no","yes","2025-10-30 18:19:29"
"Universal XL Bumper | Brown","unixlbumper-brown","Primary","ML143-1","Floor",685,"yes","yes","yes","2025-10-30 18:11:25"
"Sublimated Sports Buddy 12 12oz","Sub-12kidbtle","Primary","MQ114-3","Bay",394,"yes","no","yes","2025-10-30 18:08:03"
"Universal XL Bumper | Purple","unixlbumper-purple","Primary","ML141-1","Floor",104,"yes","yes","yes","2025-10-30 18:04:10"
"Custom Sports Buddy 24oz Baseball 3D","baseball3d","Primary","MQ104-2","Bay",47,"yes","no","yes","2025-10-30 17:59:33"
"Stainless Sports Buddy 12","cft-12kidbtle","Primary","MQ114-2","Bay",183,"yes","no","yes","2025-10-30 17:52:17"
"Sublimated | Sports Buddy 24","sports24-sublimated","Primary","MQ114-2","Bay",23,"yes","no","yes","2025-10-30 17:52:17"
"Uni/ToGo/UniXL Double Sided Sign","2sidedsign2024","Primary","ML139-1","Floor",94,"yes","yes","yes","2025-10-30 14:13:57"
"Uni/ToGo/UniXL Double Sided Sign","2sidedsign2024","Primary","ML137-1","Floor",351,"yes","yes","yes","2025-10-30 14:05:44"
"Sign | Size Doesn't Matter ","signsz2023","Primary","ML137-1","Floor",87,"yes","yes","yes","2025-10-30 14:05:44"
"Sign | To-Go Buddy ","signtg23","Primary","ML137-1","Floor",13,"yes","yes","yes","2025-10-30 14:05:44"
"Uni/ToGo/UniXL Single Sided Sign","1sidedsign2024","Primary","ML137-1","Floor",120,"yes","yes","yes","2025-10-30 14:05:44"
"Unboxed ToGo Buddy | Dark Night","togo30-darknight-unboxed","Primary","PS138-1","Flow",218,"yes","no","yes","2025-10-30 13:39:01"
"Wholesale To-Go Buddy | 4 Pack | White","ws-togo-white4","Primary","MQ102-3","Bay",11,"yes","no","yes","2025-10-30 13:34:02"
"Sports Buddy 40oz | Tie Dye","sports40-tiedye","Primary","MQ104-4","Bay",320,"yes","no","yes","2025-10-30 12:46:25"
"Thicc Buddy 40oz | Buddy Of The Week | Hex N' Chill ","c-c-black-hexnchill-t40","Primary","MB133-1","Bin",1,"yes","yes","yes","2025-10-30 12:35:32"
"Universal XL | Royal","unixl-royal","Primary","MQ141-4","Bay",400,"yes","no","yes","2025-10-29 20:07:49"
"To-Go Buddy | Pencil","togo30-pencil","Primary","MQ147-4","Bay",400,"yes","no","yes","2025-10-29 19:47:27"
"Universal Buddy | ETSU Bucs","c-c-navy-ncaa-easttennesseestate-stripe-uni","Primary","MB120-2","Bin",2,"yes","yes","yes","2025-10-29 19:23:14"
"To-Go Buddy | Pencil","togo30-pencil","Primary","ME160-3","Bay",400,"yes","no","yes","2025-10-29 19:07:04"
"To-Go Buddy | Black","togo30-black","Primary","MP126-2","Bay",400,"yes","no","yes","2025-10-29 18:32:26"
"Suction Bumper | White","suctionbumper-white","Primary","ML105-1","Floor",405,"yes","yes","yes","2025-10-29 17:29:23"
"Bumper Buddy | White","bumperbuddy-white","Primary","ML133-1","Floor",445,"yes","yes","yes","2025-10-29 17:28:35"
"Suction Bumper | Navy","suctionbumper-navy","Primary","ML135-1","Floor",500,"yes","yes","yes","2025-10-29 17:27:18"
"Suction Bumper | Nebula","suctionbumper-nebula","Primary","ML121-1","Floor",476,"yes","yes","yes","2025-10-29 17:21:13"
"Suction Bumper | Hunter Orange","suctionbumper-hunterorange","Primary","ML115-1","Floor",247,"yes","yes","yes","2025-10-29 17:12:32"
"Bumper Buddy | Pink Ice Cream","bumperbuddy-pinkicecream","Primary","ML117-1","Floor",453,"yes","yes","yes","2025-10-29 17:11:28"
"Charm Bottle Buddy 32 | Gumdrop","charmb32-gumdrop","Primary","MQ151-3","Bay",240,"yes","no","yes","2025-10-29 17:04:31"
"Bumper Buddy | Navy","bumperbuddy-navy","Primary","ML111-1","Floor",476,"yes","yes","yes","2025-10-29 17:03:46"
"Suction Bumper | Emerald","suctionbumper-emerald","Primary","ML113-1","Floor",492,"yes","yes","yes","2025-10-29 17:02:59"
"Charm Bottle Buddy 32 | Gumdrop","charmb32-gumdrop","Primary","MQ149-3","Bay",180,"yes","no","yes","2025-10-29 17:02:40"
"Bumper Buddy | Hunter Orange","bumperbuddy-hunterorange","Primary","ML123-1","Floor",222,"yes","yes","yes","2025-10-29 16:51:57"
"Charm Bottle Buddy 32 | Black","charmb32-black","Primary","MQ151-2","Bay",240,"yes","no","yes","2025-10-29 16:49:00"
"Bumper Buddy | Black","bumperbuddy-black","Primary","ML125-1","Floor",291,"yes","yes","yes","2025-10-29 16:47:11"
"Suction Bumper | Pink Ice Cream","suctionbumper-pinkicecream","Primary","ML109-1","Floor",492,"yes","yes","yes","2025-10-29 16:46:50"
"Charm Bottle Buddy 32 | Black","charmb32-black","Primary","MQ149-2","Bay",180,"yes","no","yes","2025-10-29 16:46:40"
"Bumper Buddy | Royal","bumperbuddy-royal","Primary","ML107-1","Floor",464,"yes","yes","yes","2025-10-29 16:46:11"
"Bumper Buddy | Nebula","bumperbuddy-nebula","Primary","ML127-1","Floor",438,"yes","yes","yes","2025-10-29 16:46:04"
"Suction Bumper | Red","suctionbumper-red","Primary","ML129-1","Floor",490,"yes","yes","yes","2025-10-29 16:38:48"
"Bumper Buddy | Emerald","bumperbuddy-emerald","Primary","ML131-1","Floor",447,"yes","yes","yes","2025-10-29 16:35:45"
"Bumper Buddy | Red","bumperbuddy-red","Primary","ML103-1","Floor",463,"yes","yes","yes","2025-10-29 16:27:17"
"Suction Bumper | Royal","suctionbumper-royal","Primary","ML101-1","Floor",429,"yes","yes","yes","2025-10-29 16:18:56"
"Universal Buddy | North Carolina Tar Heels Helmet","c-c-navy-ncaa-northcarolina-helmet-uni","Primary","CE103-2","Bay",271,"yes","no","yes","2025-10-29 14:55:45"
"Universal Buddy | Georgia Tech Yellow Jackets","c-c-navy-ncaa-georgiatech-stripe-uni","Primary","MB284-1","Bin",32,"yes","yes","yes","2025-10-28 21:57:11"
"Universal Buddy | Kent State Golden Flashes","c-c-white-ncaa-kentstate-stripe-uni","Primary","MB163-2","Bin",1,"yes","yes","yes","2025-10-28 21:28:45"
"Universal XL Drinking Lid | Black","unixl-lid-black","Primary","MJ109-4","Bay",1000,"yes","no","yes","2025-10-28 18:23:35"
"Thicc Buddy 40 | Northern Lights","thicc40-lights","Primary","MP168-2","Bay",144,"yes","no","yes","2025-10-28 18:15:22"
"Thicc Buddy 40 | Northern Lights","thicc40-lights","Primary","MP166-2","Bay",144,"yes","no","yes","2025-10-28 18:14:59"
"Thicc Buddy 40 | Northern Lights","thicc40-lights","Primary","MQ145-3","Bay",144,"yes","no","yes","2025-10-28 18:12:02"
"Thicc Buddy 40 | Northern Lights","thicc40-lights","Primary","MQ143-2","Bay",144,"yes","no","yes","2025-10-28 18:11:30"
"Universal XL Drinking Lid | Black","unixl-lid-black","Primary","MP164-2","Bay",1000,"yes","no","yes","2025-10-28 18:05:41"
"Thicc Buddy | Pencil 40oz","thicc40-pencil","Primary","MQ141-3","Bay",144,"yes","no","yes","2025-10-28 17:52:49"
"Thicc Buddy | Pencil 40oz","thicc40-pencil","Primary","MQ141-2","Bay",144,"yes","no","yes","2025-10-28 17:52:27"
"Thicc Buddy 40 | Gumdrop","thicc40-gumdrop","Primary","MQ167-3","Bay",144,"yes","no","yes","2025-10-28 17:44:02"
"Thicc Buddy 40 | Gumdrop","thicc40-gumdrop","Primary","MQ167-4","Bay",135,"yes","no","yes","2025-10-28 17:42:08"
"Thicc Buddy 40 | Gunmetal Glory","thicc40-gunmetalglory","Primary","MQ139-3","Bay",144,"yes","no","yes","2025-10-28 16:52:48"
"Thicc Buddy 40 | Gunmetal Glory","thicc40-gunmetalglory","Primary","MQ139-2","Bay",144,"yes","no","yes","2025-10-28 16:50:51"
"Thicc Buddy 40 | Emerald Elegance","thicc40-emerald","Primary","MP158-2","Bay",144,"yes","no","yes","2025-10-28 16:29:10"
"Universal Buddy | Merica","uni-merica","Primary","MO104-4","Bay",600,"yes","no","yes","2025-10-28 16:27:53"
"Universal Buddy | Merica","uni-merica","Primary","MP152-2","Bay",600,"yes","no","yes","2025-10-28 16:18:40"
"Thicc Buddy 40 | Gunmetal Glory","thicc40-gunmetalglory","Primary","MP150-2","Bay",144,"yes","no","yes","2025-10-28 15:54:35"
"Thicc Buddy 40 | Gunmetal Glory","thicc40-gunmetalglory","Primary","MP148-2","Bay",144,"yes","no","yes","2025-10-28 15:54:11"
"Thicc Buddy 40 | Gunmetal Glory","thicc40-gunmetalglory","Primary","MO108-4","Bay",144,"yes","no","yes","2025-10-28 15:53:25"
"Thicc Buddy 40 | Gunmetal Glory","thicc40-gunmetalglory","Primary","MO110-4","Bay",144,"yes","no","yes","2025-10-28 15:53:00"
"Thicc Buddy 40 | Gunmetal Glory","thicc40-gunmetalglory","Primary","MP146-2","Bay",144,"yes","no","yes","2025-10-28 15:47:43"
"Thicc Buddy 40 | Gunmetal Glory","thicc40-gunmetalglory","Primary","MP144-2","Bay",144,"yes","no","yes","2025-10-28 15:47:18"
"Universal XL | Charcoal","unixl-charcoal","Primary","MO112-4","Bay",400,"yes","no","yes","2025-10-28 15:40:41"
"Thicc Buddy 40 | Gunmetal Glory","thicc40-gunmetalglory","Primary","MO116-4","Bay",144,"yes","no","yes","2025-10-28 15:28:23"
"Thicc Buddy 40 | Gunmetal Glory","thicc40-gunmetalglory","Primary","MO114-4","Bay",144,"yes","no","yes","2025-10-28 15:27:38"
"Thicc Buddy | Pencil 40oz","thicc40-pencil","Primary","MP127-2","Bay",144,"yes","no","yes","2025-10-28 15:02:33"
"Thicc Buddy | Pencil 40oz","thicc40-pencil","Primary","MP125-2","Bay",144,"yes","no","yes","2025-10-28 15:02:12"
"Thicc Buddy | Pencil 40oz","thicc40-pencil","Primary","MP123-2","Bay",144,"yes","no","yes","2025-10-28 14:42:54"
"Thicc Buddy | Pencil 40oz","thicc40-pencil","Primary","MP122-2","Bay",144,"yes","no","yes","2025-10-28 14:42:35"
"Thicc Buddy | Pencil 40oz","thicc40-pencil","Primary","MO126-4","Bay",144,"yes","no","yes","2025-10-28 14:40:06"
"Thicc Buddy | Pencil 40oz","thicc40-pencil","Primary","MO128-4","Bay",144,"yes","no","yes","2025-10-28 14:38:26"
"Thicc Buddy | Pencil 40oz","thicc40-pencil","Primary","MO130-4","Bay",144,"yes","no","yes","2025-10-28 14:32:53"
"Thicc Buddy 40 | Gunmetal Glory","thicc40-gunmetalglory","Primary","MP120-2","Bay",144,"yes","no","yes","2025-10-28 14:31:04"
"Thicc Buddy 40 | Gunmetal Glory","thicc40-gunmetalglory","Primary","MP118-2","Bay",144,"yes","no","yes","2025-10-28 14:30:42"
"Bottle Buddy 32oz | Rogue","bottle32-rogue","Primary","MK117-1","Floor",31,"yes","yes","yes","2025-10-28 14:04:28"
"Thicc Buddy 40 | Ice Cream","thicc40-icecream","Primary","MP110-2","Bay",144,"yes","no","yes","2025-10-28 14:03:24"
"Thicc Buddy 40 | Ice Cream","thicc40-icecream","Primary","MP108-2","Bay",72,"yes","no","yes","2025-10-28 13:57:47"
"Bottle Buddy 32oz | Florida State Seminoles | Legacy","bottle32-floridastatelegacy","Primary","MK119-1","Floor",204,"yes","yes","yes","2025-10-28 13:57:09"
"Universal Buddy Lid | Black","uni-lid-black","Primary","MJ116-1","Floor",9,"yes","yes","yes","2025-10-28 13:17:05"
"Universal XL | Merica","unixl-merica","Primary","MO104-3","Bay",400,"yes","no","yes","2025-10-27 23:20:44"
"Universal XL | Merica","unixl-merica","Primary","MO106-3","Bay",400,"yes","no","yes","2025-10-27 23:19:54"
"Thicc Buddy 40 | Northern Lights","thicc40-lights","Primary","MO112-3","Bay",144,"yes","no","yes","2025-10-27 22:59:39"
"To-Go Buddy | Black","togo30-black","Primary","MO118-3","Bay",400,"yes","no","yes","2025-10-27 22:39:25"
"Mystery Returns Assortment Return 10","return10","Primary","MG137-3","Bay",27,"yes","no","yes","2025-10-27 20:42:20"
"Thicc Buddy 40 | Ice Cream","thicc40-icecream","Primary","MN103-3","Bay",144,"yes","no","yes","2025-10-27 20:33:06"
"Thicc Buddy 40 | Ice Cream","thicc40-icecream","Primary","MN106-2","Bay",144,"yes","no","yes","2025-10-27 20:31:23"
"Universal XL | Merica","unixl-merica","Primary","MO109-4","Bay",400,"yes","no","yes","2025-10-27 20:25:15"
"Universal XL | Merica","unixl-merica","Primary","MO119-4","Bay",400,"yes","no","yes","2025-10-27 20:23:12"
"Universal XL | Royal Glitz","unixl-royalglitz","Primary","MO121-4","Bay",400,"yes","no","yes","2025-10-27 20:17:39"
"Custom Products For CS | Thicc Buddy 40 Jade","corp-jade-t40","Primary","Corporate Processing","",5,"yes","yes","yes","2025-10-27 20:17:27"
"Universal XL | Royal Glitz","unixl-royalglitz","Primary","MO123-4","Bay",400,"yes","no","yes","2025-10-27 20:16:09"
"Universal Buddy | Black Leopard","uni-blackleopard","Primary","MO125-4","Bay",600,"yes","no","yes","2025-10-27 19:40:57"
"Universal Buddy | Black Leopard","uni-blackleopard","Primary","MO127-4","Bay",600,"yes","no","yes","2025-10-27 19:33:55"
"Universal Buddy | Black Leopard","uni-blackleopard","Primary","MO129-4","Bay",600,"yes","no","yes","2025-10-27 19:31:37"
"Universal Buddy | Black Leopard","uni-blackleopard","Primary","MO135-4","Bay",600,"yes","no","yes","2025-10-27 19:25:43"
"Universal Buddy | Black Leopard","uni-blackleopard","Primary","MO133-4","Bay",600,"yes","no","yes","2025-10-27 19:21:12"
"Universal Buddy | Black Leopard","uni-blackleopard","Primary","MO131-4","Bay",600,"yes","no","yes","2025-10-27 19:19:27"
"Universal Buddy | Black Leopard","uni-blackleopard","Primary","MO113-4","Bay",600,"yes","no","yes","2025-10-27 19:05:41"
"To-Go Buddy | Black","togo30-black","Primary","MN146-4","Bay",400,"yes","no","yes","2025-10-27 18:01:31"
"Charm Bottle Buddy 32 | Cream","charmb32-cream","Primary","MN148-4","Bay",240,"yes","no","yes","2025-10-27 17:55:41"
"Universal Buddy | Black Leopard","uni-blackleopard","Primary","MN158-4","Bay",600,"yes","no","yes","2025-10-27 17:18:02"
"Charm Bottle Buddy 32 | Navy","charmb32-navy","Primary","MN166-4","Bay",240,"yes","no","yes","2025-10-27 16:23:13"
"To-Go Buddy | Seattle Kraken","c-c-white-nhl-kraken-stripe-tgb","Primary","MB119-1","Bin",1,"yes","yes","yes","2025-10-27 16:07:27"
"Bottle Buddy | Ohio State Buckeyes","bottle32-ohiostatehelmet","Primary","MP131-4","Bay",240,"yes","no","yes","2025-10-27 15:38:59"
"Bottle Buddy | Ohio State Buckeyes","bottle32-ohiostatehelmet","Primary","MO127-3","Bay",240,"yes","no","yes","2025-10-27 15:28:43"
"Bottle Buddy | Ohio State Buckeyes","bottle32-ohiostatehelmet","Primary","MO129-3","Bay",240,"yes","no","yes","2025-10-27 15:26:37"
"Thicc Buddy 40oz | Penn State Nittany Lions | Legacy","thicc40-pennstate3d","Primary","MO131-3","Bay",144,"yes","no","yes","2025-10-27 14:45:07"
"Thicc Buddy 40oz | Penn State Nittany Lions | Legacy","thicc40-pennstate3d","Primary","MO133-3","Bay",144,"yes","no","yes","2025-10-27 14:43:12"
"Universal Buddy | Camo Flag","uni-camoflag","Primary","MC114-1","Floor",410,"yes","yes","yes","2025-10-27 12:43:10"
"Universal Buddy | Wisconsin Badgers","uni-red-ncaa-wisconsin-stripe","Primary","MK140-1","Floor",3,"yes","yes","yes","2025-10-27 12:25:52"
"Universal Buddy | Oklahoma Sooners","c-c-white-ncaa-oklahoma-baseballjersey-uni","Primary","Unassigned","",22,"yes","yes","yes","2025-10-26 23:31:34"
"To-Go Buddy | Cosmic Mojito","togo30-cosmicmojito","Primary","MK144-1","Floor",24,"yes","yes","yes","2025-10-26 18:01:06"
"Universal Buddy | Pittsburgh Panthers","c-c-royal-ncaa-pitt-stripe-uni","Primary","MB149-1","Bin",36,"yes","yes","yes","2025-10-26 17:50:08"
"Bottle Buddy 16oz | Duck-It","bottle16-black-duckit","Primary","MK127-2","Bay",100,"yes","no","yes","2025-10-26 17:16:58"
"To-Go Buddy | Black","togo30-black","Primary","MK159-2","Bay",200,"yes","no","yes","2025-10-26 16:28:58"
"Bottle Buddy 16oz | Duck-It","bottle16-black-duckit","Primary","MK148-1","Floor",48,"yes","yes","yes","2025-10-26 16:22:26"
"Bottle Buddy 16oz | Frost-Bite","bottle16-frostbite","Primary","MK122-1","Floor",247,"yes","yes","yes","2025-10-26 16:09:00"
"Bottle Buddy 24oz | Duck-It","bottle24-black-duckit","Primary","MK138-1","Floor",147,"yes","yes","yes","2025-10-26 14:51:33"
"To-Go Buddy | Black","togo30-black","Primary","MN157-3","Bay",400,"yes","no","yes","2025-10-26 14:22:23"
"Universal XL | Charcoal","unixl-charcoal","Primary","ME136-2","Bay",75,"yes","no","yes","2025-10-26 14:14:43"
"To-Go Buddy | Black","togo30-black","Primary","MN157-2","Bay",400,"yes","no","yes","2025-10-26 13:27:15"
"To-Go Buddy | Black","togo30-black","Primary","MN153-3","Bay",400,"yes","no","yes","2025-10-26 13:20:20"
"Universal Buddy | Kansas City Royals","uni-white-mlb-royals-stripe","Primary","MK124-1","Floor",426,"yes","yes","yes","2025-10-26 13:17:04"
"To-Go Buddy | Black","togo30-black","Primary","MN151-3","Bay",400,"yes","no","yes","2025-10-26 13:13:44"
"Universal Buddy | Milwaukee Brewers","uni-navy-mlb-brewers-stripe","Primary","MK156-1","Floor",111,"yes","yes","yes","2025-10-26 13:10:32"
"To-Go Buddy | Black","togo30-black","Primary","MN149-3","Bay",400,"yes","no","yes","2025-10-26 13:07:58"
"To-Go Buddy | Black","togo30-black","Primary","MN147-3","Bay",400,"yes","no","yes","2025-10-26 13:03:08"
"To-Go Buddy | Pencil","togo30-pencil","Primary","MN145-3","Bay",400,"yes","no","yes","2025-10-26 12:58:31"
"To-Go Buddy | Black","togo30-black","Primary","MN140-4","Bay",400,"yes","no","yes","2025-10-26 12:56:42"
"To-Go Buddy | Black","togo30-black","Primary","MN142-3","Bay",400,"yes","no","yes","2025-10-26 12:52:56"
"Thicc Buddy 40 | Flip Lid | Black","thicc40flip-black","Primary","MA138-1","Bin",10,"yes","yes","yes","2025-10-26 12:51:22"
"Thicc Buddy 40 | Flip Lid | Nebula","thicc40flip-nebula","Primary","MA138-1","Bin",35,"yes","yes","yes","2025-10-26 12:43:14"
"To-Go Buddy | Pencil","togo30-pencil","Primary","MN139-3","Bay",400,"yes","no","yes","2025-10-26 12:35:13"
"Thicc Buddy 40oz | Buddy Of The Week | Spotted Caramel ","c-c-caramel-spottedcaramel-t40","Primary","MB102-1","Bin",4,"yes","yes","yes","2025-10-25 23:45:59"
"To-Go Buddy | Black","togo30-black","Primary","MM106-3","Bay",400,"yes","no","yes","2025-10-25 22:35:52"
"Bottle Buddy 32oz | Florida State Seminoles | Legacy","bottle32-floridastatelegacy","Primary","MD160-2","Bay",40,"yes","no","yes","2025-10-25 20:25:25"
"Universal Buddy | Golf","uni-golf","Primary","CB139-3","Bay",575,"yes","no","yes","2025-10-25 19:56:24"
"Thicc Buddy 40 | Flip Straw Lid | Clear","thicclidreplacement40-clear","Primary","MN135-3","Bay",800,"yes","no","yes","2025-10-25 19:38:20"
"Bottle Buddy | Nebula","bottle32-nebula","Primary","MN133-3","Bay",240,"yes","no","yes","2025-10-25 19:35:51"
"Bottle Buddy 32oz | Florida State Seminoles | Legacy","bottle32-floridastatelegacy","Primary","MN122-4","Bay",240,"yes","no","yes","2025-10-25 18:32:22"
"To-Go Buddy | Red","togo30-red","Primary","Unboxing","Shelf",100,"yes","no","yes","2025-10-25 18:31:21"
"Bottle Buddy 32oz | Peen State Nittany Lions | Legacy","bottle32-pennstatelegacy","Primary","MN120-4","Bay",240,"yes","no","yes","2025-10-25 18:17:29"
"Bottle Buddy 32oz | Duck-It","bottle32-black-duckit","Primary","MM139-4","Bay",240,"yes","no","yes","2025-10-25 17:51:28"
"Bottle Buddy 32oz | Duck-It","bottle32-black-duckit","Primary","MM141-4","Bay",240,"yes","no","yes","2025-10-25 17:48:36"
"Bottle Buddy 32oz | Duck-It","bottle32-black-duckit","Primary","MN114-4","Bay",240,"yes","no","yes","2025-10-25 17:21:56"
"Bottle Buddy 32oz | Duck-It","bottle32-black-duckit","Primary","MC101-3","Bay",240,"yes","no","yes","2025-10-25 16:28:22"
"Bottle Buddy 32oz | Rogue","bottle32-rogue","Primary","MB142-6","Bay",240,"yes","no","yes","2025-10-25 15:57:13"
"Mini Thicc Buddy | Dark Night","thicc16-darknight","Primary","PS171-1","Flow",28,"yes","no","yes","2025-10-25 15:42:50"
"Bottle Buddy | Nebula","bottle32-nebula","Primary","MB133-6","Bay",240,"yes","no","yes","2025-10-25 15:41:51"
"Bottle Buddy | Nebula","bottle32-nebula","Primary","MB150-5","Bay",240,"yes","no","yes","2025-10-25 15:34:07"
"Bottle Buddy 32oz | Peen State Nittany Lions | Legacy","bottle32-pennstatelegacy","Primary","MB148-6","Bay",240,"yes","no","yes","2025-10-25 15:20:22"
"Bottle Buddy 32oz | Rogue","bottle32-rogue","Primary","MB112-6","Bay",240,"yes","no","yes","2025-10-25 14:56:48"
"Bottle Buddy | Nebula","bottle32-nebula","Primary","MB110-6","Bay",240,"yes","no","yes","2025-10-25 14:51:24"
"Bottle Buddy 32oz | Peen State Nittany Lions | Legacy","bottle32-pennstatelegacy","Primary","MK162-1","Floor",51,"yes","yes","yes","2025-10-25 14:23:18"
"Bottle Buddy 32oz | LSU Tigers | Legacy","bottle32-lsulegacy","Primary","MK130-1","Floor",83,"yes","yes","yes","2025-10-25 13:51:25"
"To-Go Buddy | Berry","togo30-berry","Primary","MD107-1","Floor",3,"yes","yes","yes","2025-10-25 12:41:04"
"Universal Buddy | Detroit Tigers","c-c-navy-mlb-tigers-stripe-uni","Primary","MB168-3","Bin",2,"yes","yes","yes","2025-10-24 23:26:54"
"Thicc Buddy | LSU Tigers | Drip 40oz","thicc40-lsudrip","Primary","MN155-2","Bay",144,"yes","no","yes","2025-10-24 23:25:32"
"Thicc Buddy | LSU Tigers | Drip 40oz","thicc40-lsudrip","Primary","MN153-2","Bay",144,"yes","no","yes","2025-10-24 23:25:11"
"Thicc Buddy | LSU Tigers | Drip 40oz","thicc40-lsudrip","Primary","MN151-2","Bay",144,"yes","no","yes","2025-10-24 23:17:03"
"Thicc Buddy | LSU Tigers | Drip 40oz","thicc40-lsudrip","Primary","MN149-2","Bay",144,"yes","no","yes","2025-10-24 23:16:44"
"Thicc Buddy | LSU Tigers | Drip 40oz","thicc40-lsudrip","Primary","MN147-2","Bay",144,"yes","no","yes","2025-10-24 23:06:48"
"Thicc Buddy | LSU Tigers | Drip 40oz","thicc40-lsudrip","Primary","MN145-2","Bay",144,"yes","no","yes","2025-10-24 23:06:27"
"Thicc Buddy 40oz | LSU Tigers | Legacy","thicc40-lsu3d","Primary","MN141-2","Bay",144,"yes","no","yes","2025-10-24 22:57:40"
"Thicc Buddy | Michigan Wolverines | Drip 40oz","thicc40-michigandrip","Primary","MN137-2","Bay",144,"yes","no","yes","2025-10-24 22:47:59"
"Thicc Buddy | Michigan Wolverines | Drip 40oz","thicc40-michigandrip","Primary","MN132-3","Bay",144,"yes","no","yes","2025-10-24 22:41:52"
"Thicc Buddy | Michigan Wolverines | Drip 40oz","thicc40-michigandrip","Primary","MN135-2","Bay",144,"yes","no","yes","2025-10-24 22:41:00"
"Thicc Buddy | Indiana Hoosiers | Drip 40oz","thicc40-indianadrip","Primary","MN166-2","Bay",144,"yes","no","yes","2025-10-24 22:07:55"
"Thicc Buddy | Indiana Hoosiers | Drip 40oz","thicc40-indianadrip","Primary","MN164-2","Bay",144,"yes","no","yes","2025-10-24 22:07:32"
"Thicc Buddy | Kentucky Wildcats | Drip 40oz","thicc40-kentuckydrip","Primary","MN131-3","Bay",144,"yes","no","yes","2025-10-24 21:50:16"
"Thicc Buddy | Indiana Hoosiers | Drip 40oz","thicc40-indianadrip","Primary","MN162-2","Bay",144,"yes","no","yes","2025-10-24 21:46:48"
"Thicc Buddy | Indiana Hoosiers | Drip 40oz","thicc40-indianadrip","Primary","MN160-2","Bay",144,"yes","no","yes","2025-10-24 21:46:32"
"Thicc Buddy | Michigan Wolverines | Drip 40oz","thicc40-michigandrip","Primary","MN129-3","Bay",144,"yes","no","yes","2025-10-24 21:40:51"
"Universal Buddy | Georgia Bulldogs","c-c-red-ncaa-georgia-stripe-uni","Primary","MB181-1","Bin",2,"yes","yes","yes","2025-10-24 19:55:51"
"Universal Buddy | Little Hearts","c-c-black-littlehearts-uni","Primary","MB182-3","Bin",1,"yes","yes","yes","2025-10-24 19:52:22"
"Universal Buddy | Corvette C6","c-c-black-corvette-c6-uni","Primary","MB169-2","Bin",1,"yes","yes","yes","2025-10-24 19:51:02"
"Thicc Buddy 40 | Gunmetal Glory","thicc40-gunmetalglory","Primary","MN119-3","Bay",144,"yes","no","yes","2025-10-24 19:02:59"
"Universal XL | Rogue","unixl-rogue","Primary","MD115-1","Floor",273,"yes","yes","yes","2025-10-24 18:36:43"
"Thicc Buddy 40 | Gunmetal Glory","thicc40-gunmetalglory","Primary","MN112-3","Bay",144,"yes","no","yes","2025-10-24 18:26:18"
"Bottle Buddy | Navy","bottle32-navy","Primary","MN109-3","Bay",400,"yes","no","yes","2025-10-24 17:52:29"
"Bottle Buddy | Navy","bottle32-navy","Primary","MN107-3","Bay",400,"yes","no","yes","2025-10-24 17:44:56"
"Universal Buddy | Michigan Wolverines","c-c-navy-ncaa-michigan-stripe-uni","Primary","MB175-1","Bin",20,"yes","yes","yes","2025-10-24 17:26:23"
"To-Go Buddy | Duck It","togo30-black-duckit","Primary","MN127-2","Bay",400,"yes","no","yes","2025-10-24 14:44:28"
"To-Go Buddy | Silver Sleigh","togo30-silversleigh","Primary","MM120-4","Bay",400,"yes","no","yes","2025-10-24 14:15:48"
"Thicc Buddy | Penn State Nittany Lions | Drip 40oz","thicc40-pennstatedrip","Primary","MM124-3","Bay",144,"yes","no","yes","2025-10-24 13:55:33"
"Thicc Buddy | Penn State Nittany Lions | Drip 40oz","thicc40-pennstatedrip","Primary","MN109-2","Bay",144,"yes","no","yes","2025-10-24 13:54:00"
"Thicc Buddy | Penn State Nittany Lions | Drip 40oz","thicc40-pennstatedrip","Primary","MN107-2","Bay",144,"yes","no","yes","2025-10-24 13:53:37"
"Universal Buddy | West Virginia Mountaineers","uni-navy-ncaa-westvirginia-stripe","Primary","MK164-1","Floor",249,"yes","yes","yes","2025-10-24 13:52:38"
"Thicc Buddy | Penn State Nittany Lions | Drip 40oz","thicc40-pennstatedrip","Primary","MM124-4","Bay",144,"yes","no","yes","2025-10-24 13:49:04"
"Thicc Buddy | Penn State Nittany Lions | Drip 40oz","thicc40-pennstatedrip","Primary","MM126-2","Bay",144,"yes","no","yes","2025-10-24 13:47:31"
"Thicc Buddy | Penn State Nittany Lions | Drip 40oz","thicc40-pennstatedrip","Primary","MM126-3","Bay",144,"yes","no","yes","2025-10-24 13:43:16"
"Thicc Buddy | Penn State Nittany Lions | Drip 40oz","thicc40-pennstatedrip","Primary","MM126-4","Bay",144,"yes","no","yes","2025-10-24 13:42:55"
"Thicc Buddy | Penn State Nittany Lions | Drip 40oz","thicc40-pennstatedrip","Primary","MN105-2","Bay",144,"yes","no","yes","2025-10-24 13:36:49"
"Thicc Buddy | Penn State Nittany Lions | Drip 40oz","thicc40-pennstatedrip","Primary","MM128-3","Bay",144,"yes","no","yes","2025-10-24 13:33:27"
"Thicc Buddy | Penn State Nittany Lions | Drip 40oz","thicc40-pennstatedrip","Primary","MM128-4","Bay",144,"yes","no","yes","2025-10-24 13:27:34"
"Thicc Buddy | Penn State Nittany Lions | Drip 40oz","thicc40-pennstatedrip","Primary","MM130-2","Bay",144,"yes","no","yes","2025-10-24 13:25:58"
"Thicc Buddy 40oz | Penn State Nittany Lions | Legacy","thicc40-pennstate3d","Primary","MM130-4","Bay",144,"yes","no","yes","2025-10-24 13:15:37"
"Bottle Buddy 16oz | Bottomland","bottle16-bottomland","Primary","MK132-1","Floor",16,"yes","yes","yes","2025-10-24 13:09:24"
"Universal Buddy | Nebraska Cornhuskers","uni-red-ncaa-nebraska-stripe","Primary","MK134-1","Floor",253,"yes","yes","yes","2025-10-24 13:04:14"
"Universal Buddy | Chicago Cubs","c-c-white-mlb-cubs-stripe-uni","Primary","MB136-1","Bin",2,"yes","yes","yes","2025-10-24 12:47:32"
"Universal XL Drinking Lid | Black","unixl-lid-black","Primary","MD146-1","Floor",320,"yes","yes","yes","2025-10-24 12:40:57"
"Universal XL Drinking Lid | Black","unixl-lid-black","Primary","MK117-2","Bay",1000,"yes","no","yes","2025-10-24 12:33:27"
"Universal Buddy | Boston Red Sox","c-c-navy-mlb-redsox-stripe-uni","Primary","MB180-1","Bin",2,"yes","yes","yes","2025-10-23 22:11:40"
"Thicc Buddy 40 | Gunmetal Glory","thicc40-gunmetalglory","Primary","MN134-2","Bay",144,"yes","no","yes","2025-10-23 21:58:32"
"Thicc Buddy 40 | Gunmetal Glory","thicc40-gunmetalglory","Primary","MN132-2","Bay",144,"yes","no","yes","2025-10-23 21:58:11"
"Thicc Buddy 40 | Gunmetal Glory","thicc40-gunmetalglory","Primary","MM136-4","Bay",144,"yes","no","yes","2025-10-23 21:57:34"
"Thicc Buddy 40 | Gunmetal Glory","thicc40-gunmetalglory","Primary","MM135-4","Bay",144,"yes","no","yes","2025-10-23 21:56:15"
"Thicc Buddy 40 | Gunmetal Glory","thicc40-gunmetalglory","Primary","MN130-2","Bay",144,"yes","no","yes","2025-10-23 21:52:14"
"Thicc Buddy 40 | Gunmetal Glory","thicc40-gunmetalglory","Primary","MM135-3","Bay",144,"yes","no","yes","2025-10-23 21:51:52"
"Thicc Buddy 40 | Gunmetal Glory","thicc40-gunmetalglory","Primary","MN128-2","Bay",144,"yes","no","yes","2025-10-23 21:51:48"
"Thicc Buddy 40 | Gunmetal Glory","thicc40-gunmetalglory","Primary","MM135-2","Bay",144,"yes","no","yes","2025-10-23 21:50:47"
"Mystery Returns Assortment Return 10","return10","Primary","MH133-2","Bay",27,"yes","no","yes","2025-10-23 21:44:37"
"Thicc Buddy 40 | Gunmetal Glory","thicc40-gunmetalglory","Primary","MN126-2","Bay",144,"yes","no","yes","2025-10-23 21:43:36"
"Thicc Buddy 40 | Gunmetal Glory","thicc40-gunmetalglory","Primary","MN124-2","Bay",144,"yes","no","yes","2025-10-23 21:43:08"
"Thicc Buddy 40 | Gunmetal Glory","thicc40-gunmetalglory","Primary","MM133-2","Bay",144,"yes","no","yes","2025-10-23 21:41:23"
"Thicc Buddy 40 | Gunmetal Glory","thicc40-gunmetalglory","Primary","MM133-3","Bay",144,"yes","no","yes","2025-10-23 21:40:19"
"Thicc Buddy 40oz | Penn State Nittany Lions | Legacy","thicc40-pennstate3d","Primary","MM133-4","Bay",144,"yes","no","yes","2025-10-23 21:35:03"
"Thicc Buddy 40oz | Penn State Nittany Lions | Legacy","thicc40-pennstate3d","Primary","MM131-2","Bay",144,"yes","no","yes","2025-10-23 21:33:40"
"Unboxed ToGo Buddy | Nebula","togo30-nebula-unboxed","Primary","CC110-1","Floor",128,"yes","no","yes","2025-10-23 21:29:05"
"Universal XL | Nebula","unixl-nebula","Primary","MM127-4","Bay",400,"yes","no","yes","2025-10-23 21:02:11"
"Thicc Buddy 40 | Ice Cream","thicc40-icecream","Primary","MM125-3","Bay",144,"yes","no","yes","2025-10-23 20:53:05"
"Thicc Buddy 40 | Ice Cream","thicc40-icecream","Primary","MM125-4","Bay",144,"yes","no","yes","2025-10-23 20:47:55"
"Thicc Buddy 40 | Ice Cream","thicc40-icecream","Primary","MM123-2","Bay",144,"yes","no","yes","2025-10-23 20:46:11"
"Thicc Buddy 40 | Ice Cream","thicc40-icecream","Primary","MM123-3","Bay",144,"yes","no","yes","2025-10-23 20:41:43"
"Thicc Buddy 40 | Ice Cream","thicc40-icecream","Primary","MM123-4","Bay",140,"yes","no","yes","2025-10-23 20:40:20"
"Universal XL | Ice Cream","unixl-icecream","Primary","MN108-3","Bay",400,"yes","no","yes","2025-10-23 20:39:12"
"Thicc Buddy 40 | Ice Cream","thicc40-icecream","Primary","MM121-2","Bay",144,"yes","no","yes","2025-10-23 20:35:03"
"Thicc Buddy 40 | Ice Cream","thicc40-icecream","Primary","MM121-3","Bay",144,"yes","no","yes","2025-10-23 20:33:52"
"Universal Buddy | Full Send","c-c-golf-happydad-fullsend-uni","Primary","MB202-1","Bin",24,"yes","yes","yes","2025-10-23 20:25:08"
"Thicc Buddy 40 | Ice Cream","thicc40-icecream","Primary","ML161-3","Bay",144,"yes","no","yes","2025-10-23 20:20:41"
"Universal XL | Royal Glitz","unixl-royalglitz","Primary","MM111-4","Bay",399,"yes","no","yes","2025-10-23 19:28:38"
"Universal XL | Northern Lights","unixl-lights","Primary","ML129-2","Bay",100,"yes","no","yes","2025-10-23 18:02:30"
"Universal XL | Charcoal","unixl-charcoal","Primary","MI129-2","Bay",100,"yes","no","yes","2025-10-23 16:47:09"
"Universal XL | Royal","unixl-royal","Primary","MI120-2","Bay",100,"yes","no","yes","2025-10-23 16:43:19"
"Universal XL | Ice Cream","unixl-icecream","Primary","MH111-2","Bay",325,"yes","no","yes","2025-10-23 16:30:16"
"To-Go Buddy | Black","togo30-black","Primary","MM140-4","Bay",400,"yes","no","yes","2025-10-23 16:28:10"
"Thicc Buddy 40 | Ice Cream","thicc40-icecream","Primary","MM105-3","Bay",144,"yes","no","yes","2025-10-23 16:26:45"
"To-Go Buddy | Black","togo30-black","Primary","MM142-4","Bay",400,"yes","no","yes","2025-10-23 16:26:21"
"Charm Bottle Buddy 32 | Cream","charmb32-cream","Primary","ME164-3","Bay",180,"yes","no","yes","2025-10-23 16:09:49"
"Thicc Buddy | Oregon Ducks | Drip 40oz","thicc40-oregondrip","Primary","MM156-4","Bay",144,"yes","no","yes","2025-10-23 14:57:59"
"Thicc Buddy | Oregon Ducks | Drip 40oz","thicc40-oregondrip","Primary","MM140-2","Bay",144,"yes","no","yes","2025-10-23 14:55:54"
"Thicc Buddy | Oregon Ducks | Drip 40oz","thicc40-oregondrip","Primary","MM158-4","Bay",144,"yes","no","yes","2025-10-23 14:52:51"
"Thicc Buddy | Oregon Ducks | Drip 40oz","thicc40-oregondrip","Primary","MM142-3","Bay",144,"yes","no","yes","2025-10-23 14:52:45"
"Thicc Buddy 40oz | Texas A&M Aggies | Legacy","thicc40-texasam3d","Primary","MM160-4","Bay",144,"yes","no","yes","2025-10-23 14:39:23"
"Universal Buddy | Arizona Diamondbacks","uni-black-mlb-diamondbacks-stripe","Primary","MK166-1","Floor",363,"yes","yes","yes","2025-10-23 14:35:47"
"Thicc Buddy | Oregon Ducks | Drip 40oz","thicc40-oregondrip","Primary","MM164-4","Bay",144,"yes","no","yes","2025-10-23 14:30:16"
"Thicc Buddy | Oregon Ducks | Drip 40oz","thicc40-oregondrip","Primary","MM166-4","Bay",144,"yes","no","yes","2025-10-23 14:26:35"
"Thicc Buddy 40oz | Texas A&M Aggies | Legacy","thicc40-texasam3d","Primary","MM144-3","Bay",144,"yes","no","yes","2025-10-23 14:05:28"
"Universal Buddy | Texas Tea","uni-texastea","Primary","ML145-3","Bay",600,"yes","no","yes","2025-10-23 14:02:06"
"Universal Buddy | Texas Tea","uni-texastea","Primary","ML144-4","Bay",600,"yes","no","yes","2025-10-23 13:59:16"
"Thicc Buddy 40oz | Oregon Ducks | Legacy","thicc40-oregon3d","Primary","MM148-3","Bay",144,"yes","no","yes","2025-10-23 13:54:44"
"Universal Buddy | Florida Gators","uni-black-ncaa-florida-stripe","Primary","MC140-1","Floor",241,"yes","yes","yes","2025-10-23 13:52:53"
"Thicc Buddy 40oz | Oregon Ducks | Legacy","thicc40-oregon3d","Primary","MM150-3","Bay",144,"yes","no","yes","2025-10-23 13:49:42"
"Universal Buddy | Nebula","uni-nebula","Primary","MM152-2","Bay",600,"yes","no","yes","2025-10-23 13:45:11"
"Universal Buddy | Nebula","uni-nebula","Primary","MM152-3","Bay",600,"yes","no","yes","2025-10-23 13:43:42"
"Universal Buddy | Texas Tea","uni-texastea","Primary","ML141-4","Bay",600,"yes","no","yes","2025-10-23 13:39:22"
"Universal Buddy | Nebula","uni-nebula","Primary","MM154-3","Bay",600,"yes","no","yes","2025-10-23 13:38:10"
"Thicc Buddy | Illinois Fighting Illini | Drip 40oz","thicc40-illinoisdrip","Primary","MM156-3","Bay",144,"yes","no","yes","2025-10-23 13:23:39"
"Universal Buddy | Gumdrop","uni-gumdrop","Primary","ML144-3","Bay",600,"yes","no","yes","2025-10-23 13:17:56"
"Universal Buddy | Gumdrop","uni-gumdrop","Primary","ML137-4","Bay",600,"yes","no","yes","2025-10-23 13:12:46"
"Thicc Buddy | Illinois Fighting Illini | Drip 40oz","thicc40-illinoisdrip","Primary","MM158-2","Bay",144,"yes","no","yes","2025-10-23 13:12:33"
"Thicc Buddy | Illinois Fighting Illini | Drip 40oz","thicc40-illinoisdrip","Primary","MM158-3","Bay",144,"yes","no","yes","2025-10-23 13:11:22"
"Thicc Buddy | Illinois Fighting Illini | Drip 40oz","thicc40-illinoisdrip","Primary","MM160-2","Bay",144,"yes","no","yes","2025-10-23 13:04:42"
"Thicc Buddy | Illinois Fighting Illini | Drip 40oz","thicc40-illinoisdrip","Primary","MM160-3","Bay",144,"yes","no","yes","2025-10-23 13:04:23"
"Thicc Buddy | Florida State Seminoles | Drip 40oz","thicc40-floridastatedrip","Primary","ML142-4","Bay",144,"yes","no","yes","2025-10-23 13:01:32"
"Thicc Buddy | Florida State Seminoles | Drip 40oz","thicc40-floridastatedrip","Primary","ML135-4","Bay",144,"yes","no","yes","2025-10-23 12:58:16"
"Thicc Buddy | Florida State Seminoles | Drip 40oz","thicc40-floridastatedrip","Primary","MM162-2","Bay",144,"yes","no","yes","2025-10-23 12:50:42"
"unboxed bottle32 | Nebula","bottle32-nebula-unboxed","Primary","CC108-1","Floor",89,"yes","no","yes","2025-10-23 12:49:39"
"Thicc Buddy | Florida State Seminoles | Drip 40oz","thicc40-floridastatedrip","Primary","MM162-3","Bay",144,"yes","no","yes","2025-10-23 12:49:33"
"Thicc Buddy | Florida State Seminoles | Drip 40oz","thicc40-floridastatedrip","Primary","MM164-2","Bay",144,"yes","no","yes","2025-10-23 12:45:51"
"Thicc Buddy | Illinois Fighting Illini | Drip 40oz","thicc40-illinoisdrip","Primary","ML133-4","Bay",144,"yes","no","yes","2025-10-23 12:45:43"
"Thicc Buddy | Florida State Seminoles | Drip 40oz","thicc40-floridastatedrip","Primary","MM164-3","Bay",144,"yes","no","yes","2025-10-23 12:44:40"
"Mini Thicc Buddy | Texas Tea","thicc16-texastea","Primary","MK139-1","Floor",206,"yes","yes","yes","2025-10-23 12:42:27"
"Universal Buddy | Nebula","uni-nebula","Primary","ML139-4","Bay",600,"yes","no","yes","2025-10-23 12:40:27"
"Universal Buddy | Nebula","uni-nebula","Primary","ML168-4","Bay",600,"yes","no","yes","2025-10-23 12:39:32"
"Thicc Buddy | Texas A&M Aggies | Drip 40oz","thicc40-texasamdrip","Primary","MM166-2","Bay",144,"yes","no","yes","2025-10-23 12:39:25"
"Thicc Buddy | Texas A&M Aggies | Drip 40oz","thicc40-texasamdrip","Primary","MM166-3","Bay",144,"yes","no","yes","2025-10-23 12:37:57"
"Thicc Buddy | Texas A&M Aggies | Drip 40oz","thicc40-texasamdrip","Primary","MM168-2","Bay",144,"yes","no","yes","2025-10-23 12:33:18"
"Thicc Buddy | Texas A&M Aggies | Drip 40oz","thicc40-texasamdrip","Primary","MM168-3","Bay",144,"yes","no","yes","2025-10-23 12:31:44"
"Thicc Buddy | Texas A&M Aggies | Drip 40oz","thicc40-texasamdrip","Primary","ML142-3","Bay",144,"yes","no","yes","2025-10-23 12:24:58"
"Thicc Buddy | Texas A&M Aggies | Drip 40oz","thicc40-texasamdrip","Primary","ME154-3","Bay",144,"yes","no","yes","2025-10-22 21:47:03"
"Thicc Buddy 40oz | Illinois Fighting Illini | Legacy","thicc40-illinois3d","Primary","ML140-3","Bay",144,"yes","no","yes","2025-10-22 21:22:47"
"Thicc Buddy 40oz | Illinois Fighting Illini | Legacy","thicc40-illinois3d","Primary","ML140-4","Bay",144,"yes","no","yes","2025-10-22 21:20:50"
"Thicc Buddy 40oz | Illinois Fighting Illini | Legacy","thicc40-illinois3d","Primary","MD120-3","Bay",144,"yes","no","yes","2025-10-22 21:07:28"
"Thicc Buddy 40oz | Illinois Fighting Illini | Legacy","thicc40-illinois3d","Primary","MD116-4","Bay",144,"yes","no","yes","2025-10-22 21:05:52"
"To-Go Buddy | Ghostbusters | The Crew ","c-c-black-ghostbusters-crew-tgb","Primary","MB274-2","Bin",1,"yes","yes","yes","2025-10-22 21:04:51"
"Thicc Buddy 40oz | Tennessee Vols | Legacy","thicc40-tennessee3d","Primary","ML136-4","Bay",144,"yes","no","yes","2025-10-22 20:47:05"
"Thicc Buddy 40oz | Tennessee Vols | Legacy","thicc40-tennessee3d","Primary","ML134-4","Bay",144,"yes","no","yes","2025-10-22 20:44:21"
"Universal Buddy | Happy Mom ","c-c-gumdrop-happydad-momlogo-uni","Primary","MB161-3","Bin",2,"yes","yes","yes","2025-10-22 19:43:23"
"Universal Buddy | Nebula","uni-nebula","Primary","MM153-4","Bay",600,"yes","no","yes","2025-10-22 18:39:36"
"Universal Buddy | Nebula","uni-nebula","Primary","MM155-4","Bay",600,"yes","no","yes","2025-10-22 18:37:37"
"Universal Buddy | Nebula","uni-nebula","Primary","MM157-4","Bay",600,"yes","no","yes","2025-10-22 18:34:57"
"Universal Buddy | Nebula","uni-nebula","Primary","MM159-4","Bay",600,"yes","no","yes","2025-10-22 18:32:47"
"Universal Buddy | Purdue Boilermakers","c-c-black-ncaa-purdue-stripe-uni","Primary","MB203-2","Bin",12,"yes","yes","yes","2025-10-22 18:32:27"
"Universal Buddy | Nebula","uni-nebula","Primary","MM161-4","Bay",600,"yes","no","yes","2025-10-22 18:30:47"
"Universal Buddy | Nebula","uni-nebula","Primary","MM163-4","Bay",600,"yes","no","yes","2025-10-22 18:28:10"
"Universal Buddy | Nebula","uni-nebula","Primary","MM165-4","Bay",600,"yes","no","yes","2025-10-22 18:26:01"
"Universal Buddy | Northern Lights","uni-lights","Primary","MM137-3","Bay",600,"yes","no","yes","2025-10-22 18:19:53"
"Universal Buddy | Northern Lights","uni-lights","Primary","MM139-3","Bay",600,"yes","no","yes","2025-10-22 18:17:30"
"Universal Buddy | Northern Lights","uni-lights","Primary","MM141-3","Bay",600,"yes","no","yes","2025-10-22 18:15:35"
"Universal Buddy | Northern Lights","uni-lights","Primary","MM143-3","Bay",600,"yes","no","yes","2025-10-22 18:13:39"
"Universal Buddy | Northern Lights","uni-lights","Primary","MM145-3","Bay",600,"yes","no","yes","2025-10-22 18:11:37"
"Universal Buddy | Northern Lights","uni-lights","Primary","MM147-3","Bay",600,"yes","no","yes","2025-10-22 18:09:01"
"Universal Buddy | Northern Lights","uni-lights","Primary","MM149-3","Bay",600,"yes","no","yes","2025-10-22 18:05:59"
"Universal Buddy | Gumdrop","uni-gumdrop","Primary","MM151-3","Bay",600,"yes","no","yes","2025-10-22 18:02:56"
"Universal Buddy | Northern Lights","uni-lights","Primary","MM153-3","Bay",600,"yes","no","yes","2025-10-22 18:00:12"
"Universal Buddy | Northern Lights","uni-lights","Primary","MM155-3","Bay",600,"yes","no","yes","2025-10-22 17:57:51"
"Thicc Buddy 40oz | Tennessee Vols | Legacy","thicc40-tennessee3d","Primary","MJ114-4","Bay",144,"yes","no","yes","2025-10-22 17:57:12"
"Thicc Buddy 40oz | Tennessee Vols | Legacy","thicc40-tennessee3d","Primary","MJ110-4","Bay",144,"yes","no","yes","2025-10-22 17:55:51"
"Universal Buddy | Northern Lights","uni-lights","Primary","MM157-3","Bay",600,"yes","no","yes","2025-10-22 17:55:40"
"Universal Buddy | White","uni-allwhite","Primary","MM161-3","Bay",600,"yes","no","yes","2025-10-22 17:49:11"
"Universal Buddy | Navy","uni-navy1","Primary","MM163-3","Bay",600,"yes","no","yes","2025-10-22 17:46:22"
"Universal Buddy | Navy","uni-navy1","Primary","MM137-2","Bay",600,"yes","no","yes","2025-10-22 16:50:54"
"Universal Buddy | Navy","uni-navy1","Primary","MM139-2","Bay",600,"yes","no","yes","2025-10-22 16:48:52"
"Universal Buddy | White","uni-allwhite","Primary","MM141-2","Bay",600,"yes","no","yes","2025-10-22 16:46:23"
"Universal Buddy | White","uni-allwhite","Primary","MM143-2","Bay",600,"yes","no","yes","2025-10-22 16:44:27"
"Universal Buddy | White","uni-allwhite","Primary","MM145-2","Bay",600,"yes","no","yes","2025-10-22 16:42:03"
"Universal Buddy | White","uni-allwhite","Primary","MM147-2","Bay",600,"yes","no","yes","2025-10-22 16:40:12"
"Universal Buddy | White","uni-allwhite","Primary","ML102-4","Bay",600,"yes","no","yes","2025-10-22 16:37:56"
"Universal Buddy | Red","uni-red1","Primary","ML104-4","Bay",600,"yes","no","yes","2025-10-22 16:34:35"
"Universal Buddy | White","uni-allwhite","Primary","ML106-4","Bay",600,"yes","no","yes","2025-10-22 16:24:45"
"Universal Buddy | Red","uni-red1","Primary","ML108-4","Bay",600,"yes","no","yes","2025-10-22 16:21:09"
"Thicc Buddy | Kentucky Wildcats | Drip 40oz","thicc40-kentuckydrip","Primary","MI152-2","Bay",144,"yes","no","yes","2025-10-22 16:18:09"
"Universal Buddy | Red","uni-red1","Primary","ML110-4","Bay",600,"yes","no","yes","2025-10-22 16:18:01"
"Universal Buddy | Red","uni-red1","Primary","ML112-4","Bay",600,"yes","no","yes","2025-10-22 16:15:51"
"Universal Buddy | Red","uni-red1","Primary","ML114-4","Bay",600,"yes","no","yes","2025-10-22 16:12:53"
"Universal Buddy | Red","uni-red1","Primary","ML116-4","Bay",600,"yes","no","yes","2025-10-22 16:09:58"
"Universal Buddy | Red","uni-red1","Primary","ML118-4","Bay",600,"yes","no","yes","2025-10-22 16:07:29"
"Universal Buddy | Red","uni-red1","Primary","ML105-4","Bay",600,"yes","no","yes","2025-10-22 16:05:17"
"Universal Buddy | Red","uni-red1","Primary","ML107-4","Bay",600,"yes","no","yes","2025-10-22 15:57:54"
"Universal Buddy | Red","uni-red1","Primary","ML109-4","Bay",600,"yes","no","yes","2025-10-22 15:55:37"
"Universal Buddy | Red","uni-red1","Primary","ML111-4","Bay",600,"yes","no","yes","2025-10-22 15:52:57"
"Universal Buddy | Red","uni-red1","Primary","ML113-4","Bay",600,"yes","no","yes","2025-10-22 15:51:04"
"Universal Buddy | Red","uni-red1","Primary","ML115-4","Bay",600,"yes","no","yes","2025-10-22 15:47:57"
"Universal Buddy | Red","uni-red1","Primary","ML117-3","Bay",600,"yes","no","yes","2025-10-22 15:46:22"
"Thicc Buddy 40oz | Florida State Seminoles | Legacy","thicc40-floridastate3d","Primary","MK101-3","Bay",144,"yes","no","yes","2025-10-22 15:41:56"
"Thicc Buddy 40oz | Florida State Seminoles | Legacy","thicc40-floridastate3d","Primary","MK101-4","Bay",144,"yes","no","yes","2025-10-22 15:33:30"
"Universal Buddy | Gumdrop UNBOXED","uni-gumdrop-unboxed","Primary","PS109-1","Flow",250,"yes","no","yes","2025-10-22 15:07:08"
"Universal Buddy | Merica Unboxed","uni-merica-unboxed","Primary","PS 1","Shelf",11,"yes","no","no","2025-10-22 15:04:01"
"Thicc Buddy 40oz | Florida State Seminoles | Legacy","thicc40-floridastate3d","Primary","MK103-3","Bay",144,"yes","no","yes","2025-10-22 15:01:18"
"Universal Buddy | White","uni-allwhite","Primary","MM149-2","Bay",600,"yes","no","yes","2025-10-22 14:56:34"
"Universal Buddy | White","uni-allwhite","Primary","MM151-2","Bay",600,"yes","no","yes","2025-10-22 14:54:25"
"Universal Buddy | White","uni-allwhite","Primary","MM153-2","Bay",600,"yes","no","yes","2025-10-22 14:47:18"
"Universal Buddy | Navy","uni-navy1","Primary","MM155-2","Bay",600,"yes","no","yes","2025-10-22 14:44:28"
"Universal Buddy | White","uni-allwhite","Primary","MM157-2","Bay",600,"yes","no","yes","2025-10-22 14:41:55"
"Thicc Buddy 40oz | Kentucky Wildcats | Legacy","thicc40-kentucky3d","Primary","MK105-4","Bay",144,"yes","no","yes","2025-10-22 14:38:19"
"Universal Buddy | White","uni-allwhite","Primary","MM161-2","Bay",600,"yes","no","yes","2025-10-22 14:34:43"
"Universal Buddy | White","uni-allwhite","Primary","MM163-2","Bay",600,"yes","no","yes","2025-10-22 14:31:25"
"Thicc Buddy 40oz | Kentucky Wildcats | Legacy","thicc40-kentucky3d","Primary","MK107-4","Bay",144,"yes","no","yes","2025-10-22 14:31:20"
"Universal Buddy | White","uni-allwhite","Primary","MM165-2","Bay",600,"yes","no","yes","2025-10-22 14:30:02"
"Universal Buddy | Gumdrop","uni-gumdrop","Primary","MM167-2","Bay",600,"yes","no","yes","2025-10-22 14:25:43"
"Universal Buddy | Red","uni-red1","Primary","MK107-2","Bay",300,"yes","no","yes","2025-10-22 14:18:10"
"Universal Buddy | Red","uni-red1","Primary","MK109-4","Bay",600,"yes","no","yes","2025-10-22 14:08:12"
"Universal Buddy | Red","uni-red1","Primary","MK111-3","Bay",600,"yes","no","yes","2025-10-22 14:05:07"
"Universal Buddy | LSU Tigers","uni-purple-ncaa-lsu-stripe","Primary","MK149-1","Floor",380,"yes","yes","yes","2025-10-22 13:44:45"
"Universal Buddy | Emerald","uni-emerald","Primary","MK111-2","Bay",600,"yes","no","yes","2025-10-22 13:24:34"
"Universal Buddy | Cincinnati Reds","uni-red-mlb-reds-stripe","Primary","MI159-1","Floor",24,"yes","yes","yes","2025-10-22 13:21:00"
"Universal Buddy | New York Rangers","c-c-white-nhl-rangers-stripe-uni","Primary","MB107-1","Bin",2,"yes","yes","yes","2025-10-22 13:14:20"
"Universal Buddy | Duck It","uni-black-duckit","Primary","MK168-3","Bay",600,"yes","no","yes","2025-10-22 12:58:39"
"Universal Buddy | Duck It","uni-black-duckit","Primary","MK168-4","Bay",600,"yes","no","yes","2025-10-22 12:53:41"
"Universal Buddy | Duck It","uni-black-duckit","Primary","MK167-2","Bay",600,"yes","no","yes","2025-10-22 12:51:50"
"Universal Buddy | Gumdrop","uni-gumdrop","Primary","ML120-2","Bay",600,"yes","no","yes","2025-10-22 12:48:46"
"Universal Buddy | Navy","uni-navy1","Primary","ML107-3","Bay",600,"yes","no","yes","2025-10-22 12:44:36"
"Universal Buddy | Gumdrop","uni-gumdrop","Primary","ML104-3","Bay",600,"yes","no","yes","2025-10-22 12:33:50"
"Universal Buddy | Red","uni-red1","Primary","ML106-2","Bay",600,"yes","no","yes","2025-10-22 12:28:57"
"To-Go Buddy | Royal","togo30-royal","Primary","MI157-2","Bay",400,"yes","no","yes","2025-10-22 12:27:37"
"Universal Buddy | White","uni-allwhite","Primary","ML106-3","Bay",600,"yes","no","yes","2025-10-22 12:26:15"
"Universal Buddy | White","uni-allwhite","Primary","ML108-3","Bay",600,"yes","no","yes","2025-10-22 12:22:27"
"Universal Buddy | White","uni-allwhite","Primary","ML110-3","Bay",600,"yes","no","yes","2025-10-22 12:18:33"
"Universal Buddy | White","uni-allwhite","Primary","MI155-2","Bay",600,"yes","no","yes","2025-10-21 22:13:36"
"Universal Buddy | White","uni-allwhite","Primary","ML107-2","Bay",600,"yes","no","yes","2025-10-21 22:06:26"
"Universal Buddy | Red","uni-red1","Primary","ML114-3","Bay",600,"yes","no","yes","2025-10-21 21:54:19"
"Universal Buddy | White","uni-allwhite","Primary","MK115-2","Bay",600,"yes","no","yes","2025-10-21 21:48:30"
"Mystery Returns Assortment Return 10","return10","Primary","MH120-2","Bay",27,"yes","no","yes","2025-10-21 21:19:12"
"Crossbody Bag | Black","crossbodybag-black","Primary","MK137-1","Floor",74,"yes","yes","yes","2025-10-21 19:16:28"
"Universal Buddy | Navy","uni-navy1","Primary","ML116-3","Bay",200,"yes","no","yes","2025-10-21 15:57:30"
"To-Go Buddy | Rocket Pop","togo30-rocketpop","Primary","MK155-1","Floor",361,"yes","yes","yes","2025-10-21 15:53:29"
"To-Go Buddy | Buddy Of The Week | Devil in the Details","c-c-red-botw-devilinthedetails-tgb","Primary","MB175-2","Bin",1,"yes","yes","yes","2025-10-20 22:16:42"
"Universal XL | Duck Camo ","c-c-rockytop-duckcamo-xl","Primary","MB118-1","Bin",4,"yes","yes","yes","2025-10-20 21:42:18"
"Bottle Buddy | Nebraska Cornhuskers","c-c-white-ncaa-nebraska-stripe-bottle32","Primary","MB230-1","Bin",5,"yes","yes","yes","2025-10-20 20:35:06"
"Universal Buddy | Camo Flag","uni-camoflag","Primary","ML120-3","Bay",600,"yes","no","yes","2025-10-20 00:08:38"
"Universal Buddy | Camo Flag","uni-camoflag","Primary","ML164-2","Bay",600,"yes","no","yes","2025-10-20 00:07:51"
"Universal XL | Texas Tea","unixl-texastea","Primary","ML122-4","Bay",400,"yes","no","yes","2025-10-20 00:04:40"
"Universal XL | Orange","unixl-orange","Primary","ML161-2","Bay",400,"yes","no","yes","2025-10-20 00:02:46"
"Universal Buddy | Ice Cream","uni-icecream","Primary","ML126-4","Bay",600,"yes","no","yes","2025-10-19 23:59:09"
"Universal XL | Ohio State Helmet","unixl-silver-ncaa-ohiostate-helmet","Primary","ML155-2","Bay",400,"yes","no","yes","2025-10-19 23:55:21"
"Universal XL | Red","unixl-red","Primary","ML126-3","Bay",400,"yes","no","yes","2025-10-19 23:55:06"
"Universal XL | Merica","unixl-merica","Primary","ML150-2","Bay",400,"yes","no","yes","2025-10-19 23:53:07"
"Universal XL | Texas Tea","unixl-texastea","Primary","ML130-4","Bay",400,"yes","no","yes","2025-10-19 23:51:05"
"Universal Buddy | Mint Chocolate","uni-mint","Primary","ML132-4","Bay",600,"yes","no","yes","2025-10-19 23:39:04"
"Universal Buddy | Camo Flag","uni-camoflag","Primary","ML117-4","Bay",600,"yes","no","yes","2025-10-19 23:36:28"
"Universal Buddy | Tennessee Vols","uni-rockytop-ncaa-tennessee-stripe","Primary","ML119-4","Bay",600,"yes","no","yes","2025-10-19 23:34:30"
"Universal Buddy | Tennessee Vols","uni-rockytop-ncaa-tennessee-stripe","Primary","ML121-4","Bay",600,"yes","no","yes","2025-10-19 23:34:02"
"Universal Buddy | Cincinnati Reds","uni-red-mlb-reds-stripe","Primary","ML129-4","Bay",600,"yes","no","yes","2025-10-19 23:25:50"
"Universal Buddy | Royal Glitz","uni-royalglitz","Primary","ML119-3","Bay",600,"yes","no","yes","2025-10-19 22:34:04"
"Universal Buddy | Camo Flag","uni-camoflag","Primary","ML123-3","Bay",600,"yes","no","yes","2025-10-19 22:27:25"
"Universal XL | Ohio State Helmet","unixl-silver-ncaa-ohiostate-helmet","Primary","ML127-3","Bay",400,"yes","no","yes","2025-10-19 22:22:05"
"Universal Buddy | Ice Cream","uni-icecream","Primary","MK119-2","Bay",600,"yes","no","yes","2025-10-19 21:36:20"
"Universal Buddy | Ice Cream","uni-icecream","Primary","MK121-2","Bay",600,"yes","no","yes","2025-10-19 21:31:35"
"Universal Buddy | Ice Cream","uni-icecream","Primary","MK125-2","Bay",600,"yes","no","yes","2025-10-19 21:23:56"
"Replacement Lid | Bottle Buddy 32oz | Hunter Orange","b32lid-hunterorange","Primary","MK126-2","Bay",75,"yes","no","yes","2025-10-19 13:29:23"
"Thicc Buddy 40 | Flip Lid | Nebula","thicc40flip-nebula","Primary","ML140-2","Bay",120,"yes","no","yes","2025-10-19 13:25:28"
"Bottle Buddy | Ice Cream","bottle32-icecream","Primary","MK134-2","Bay",40,"yes","no","yes","2025-10-19 13:10:12"
"Universal Buddy | Tennessee Vols | Legacy","uni-tennessee3d","Primary","ML113-2","Bay",425,"yes","no","yes","2025-10-18 16:22:31"
"Universal Buddy | Michigan Wolverines","uni-navy-ncaa-michigan-stripe","Primary","ML108-2","Bay",400,"yes","no","yes","2025-10-18 16:20:02"
"Universal Buddy | LSU Tigers","uni-black-ncaa-lsu-stripe","Primary","ML114-2","Bay",425,"yes","no","yes","2025-10-18 16:06:55"
"Universal Buddy | LSU Tigers","uni-white-ncaa-lsu-stripe","Primary","MK135-2","Bay",400,"yes","no","yes","2025-10-18 16:05:07"
"Universal Buddy | Penn State Nittany Lions | Legacy","uni-pennstate3d","Primary","MK135-3","Bay",600,"yes","no","yes","2025-10-18 15:54:19"
"Universal Buddy | Penn State Nittany Lions | Legacy","uni-pennstate3d","Primary","ML119-2","Bay",400,"yes","no","yes","2025-10-18 15:45:30"
"Universal Buddy | Texas Rangers","uni-royal-mlb-rangers-stripe","Primary","ML122-2","Bay",400,"yes","no","yes","2025-10-18 15:42:38"
"Universal Buddy | Milwaukee Brewers","uni-navy-mlb-brewers-stripe","Primary","ML124-2","Bay",400,"yes","no","yes","2025-10-18 15:41:24"
"Universal Buddy | Kansas City Royals","uni-white-mlb-royals-stripe","Primary","ML126-2","Bay",400,"yes","no","yes","2025-10-18 15:37:36"
"Universal Buddy | Arizona Diamondbacks","uni-black-mlb-diamondbacks-stripe","Primary","ML128-2","Bay",400,"yes","no","yes","2025-10-18 15:36:05"
"Universal Buddy | Wisconsin Badgers","uni-red-ncaa-wisconsin-stripe","Primary","MK143-4","Bay",600,"yes","no","yes","2025-10-18 15:07:25"
"Universal Buddy | Auburn Tigers","uni-navy-ncaa-auburn-stripe","Primary","MK140-3","Bay",600,"yes","no","yes","2025-10-18 14:34:08"
"Universal Buddy | Nebraska Cornhuskers","uni-red-ncaa-nebraska-stripe","Primary","MK142-4","Bay",600,"yes","no","yes","2025-10-18 14:30:43"
"Universal Buddy | Baltimore Orioles","uni-black-mlb-orioles-stripe","Primary","MK145-4","Bay",600,"yes","no","yes","2025-10-18 14:10:19"
"Universal Buddy | Penn State Nittany Lions","uni-white-ncaa-pennstate-stripe","Primary","MK147-3","Bay",600,"yes","no","yes","2025-10-18 13:59:20"
"Universal Buddy | Florida State Seminoles","uni-black-ncaa-floridastate-stripe","Primary","MK153-4","Bay",600,"yes","no","yes","2025-10-18 13:26:09"
"Universal Buddy | Texas Tech Red Raiders","uni-black-ncaa-texastech-stripe","Primary","MK151-3","Bay",600,"yes","no","yes","2025-10-18 13:22:28"
"Universal Buddy | Penn State Nittany Lions","uni-white-ncaa-pennstate-stripe","Primary","MK155-4","Bay",600,"yes","no","yes","2025-10-18 13:16:41"
"Universal Buddy | West Virginia Mountaineers","uni-navy-ncaa-westvirginia-stripe","Primary","MK157-4","Bay",600,"yes","no","yes","2025-10-18 13:15:26"
"Universal Buddy | Purdue Boilermakers","uni-black-ncaa-purdue-stripe","Primary","MF101-3","Bay",600,"yes","no","yes","2025-10-18 12:37:11"
"Sports Buddy Bumper Lemon / 40oz","sports40bumper-lemon","Primary","MA166-1","Bin",32,"yes","yes","yes","2025-10-17 23:44:26"
"Universal Buddy | Penn State Nittany Lions","uni-white-ncaa-pennstate-stripe","Primary","MK165-1","Floor",78,"yes","yes","yes","2025-10-17 23:40:20"
"Replacement Silicone | To-Go Buddy | Grey","togorubber-grey","Primary","MA175-1","Bin",22,"yes","yes","yes","2025-10-17 23:18:43"
"Universal Buddy | Tactical Green","uni-tactical","Primary","CB133-1","Floor",6,"yes","no","yes","2025-10-17 22:51:46"
"Universal Buddy | Camo Flag","uni-camoflag","Primary","CB133-1","Floor",46,"yes","no","yes","2025-10-17 22:50:31"
"bottle32-caramel-unboxed","bottle32-caramel-unboxed","Primary","CC109-1","Floor",23,"yes","no","yes","2025-10-17 22:44:27"
"Universal Buddy | Florida State Seminoles","uni-black-ncaa-floridastate-stripe","Primary","MK146-2","Bay",400,"yes","no","yes","2025-10-17 22:21:20"
"Universal XL | Mississippi State Bulldogs","c-c-white-ncaa-mississippistate-stripe-xl","Primary","MB112-2","Bin",3,"yes","yes","yes","2025-10-17 21:52:40"
"To-Go Buddy | Nebula","togo30-nebula","Primary","CB121-4","Bay",400,"yes","no","yes","2025-10-17 20:13:05"
"Universal Buddy | Navy","uni-navy1","Primary","CA115-4","Bay",600,"yes","no","yes","2025-10-17 19:07:45"
"Universal Buddy | Navy","uni-navy1","Primary","CA113-4","Bay",600,"yes","no","yes","2025-10-17 19:07:06"
"Universal Buddy | Navy","uni-navy1","Primary","CA113-3","Bay",600,"yes","no","yes","2025-10-17 19:06:59"
"Universal Buddy | Navy","uni-navy1","Primary","CA113-2","Bay",600,"yes","no","yes","2025-10-17 19:06:53"
"Universal Buddy | Northern Lights","uni-lights","Primary","MK148-2","Bay",600,"yes","no","yes","2025-10-17 17:04:20"
"Universal Buddy | Gumdrop","uni-gumdrop","Primary","MK152-4","Bay",600,"yes","no","yes","2025-10-17 16:50:23"
"Universal Buddy | Royal Glitz","uni-royalglitz","Primary","MK156-4","Bay",600,"yes","no","yes","2025-10-17 16:34:19"
"Universal Buddy | Northern Lights","uni-lights","Primary","MK156-3","Bay",600,"yes","no","yes","2025-10-17 16:31:12"
"Universal Buddy | Emerald","uni-emerald","Primary","MK160-4","Bay",600,"yes","no","yes","2025-10-17 16:23:56"
"Universal Buddy | Purple","uni-purple","Primary","MK164-4","Bay",600,"yes","no","yes","2025-10-17 16:04:08"
"Universal Buddy | Northern Lights","uni-lights","Primary","MK156-2","Bay",600,"yes","no","yes","2025-10-17 15:48:59"
"Universal Buddy | Rocket Pop","uni-rocketpop","Primary","ML131-2","Bay",600,"yes","no","yes","2025-10-17 15:45:22"
"Universal Buddy | Camo Flag","uni-camoflag","Primary","MK160-2","Bay",200,"yes","no","yes","2025-10-17 15:42:41"
"Universal Buddy | Mint Chocolate","uni-mint","Primary","ML132-3","Bay",600,"yes","no","yes","2025-10-17 15:42:11"
"Universal Buddy | New York Rangers","c-c-navy-nhl-rangers-biglogo-uni","Primary","MB166-3","Bin",1,"yes","yes","yes","2025-10-17 15:35:30"
"Universal Buddy | Rocket Pop","uni-rocketpop","Primary","MK137-2","Bay",600,"yes","no","yes","2025-10-17 15:34:39"
"Universal Buddy | Camo Flag","uni-camoflag","Primary","MK139-2","Bay",600,"yes","no","yes","2025-10-17 14:51:43"
"Universal Buddy | Camo Flag","uni-camoflag","Primary","MK141-2","Bay",600,"yes","no","yes","2025-10-17 14:49:19"
"Universal Buddy | Red","uni-red1","Primary","MK149-2","Bay",600,"yes","no","yes","2025-10-17 14:35:13"
"Universal Buddy | Red","uni-red1","Primary","MK151-2","Bay",600,"yes","no","yes","2025-10-17 14:32:17"
"Universal Buddy | Rogue","uni-rogue","Primary","MD145-2","Bay",600,"yes","no","yes","2025-10-17 14:17:28"
"Universal Buddy | Rogue","uni-rogue","Primary","MD149-2","Bay",600,"yes","no","yes","2025-10-17 14:14:57"
"Universal Buddy | Rogue","uni-rogue","Primary","MD155-3","Bay",600,"yes","no","yes","2025-10-17 14:11:52"
"To-Go Buddy | Black","togo30-black","Primary","MK159-3","Bay",400,"yes","no","yes","2025-10-16 21:48:13"
"To-Go Buddy | Black","togo30-black","Primary","MK161-3","Bay",400,"yes","no","yes","2025-10-16 20:36:08"
"To-Go Buddy | Royal","togo30-royal","Primary","MK163-2","Bay",400,"yes","no","yes","2025-10-16 20:25:27"
"To-Go Buddy | Black","togo30-black","Primary","MK165-4","Bay",400,"yes","no","yes","2025-10-16 18:23:57"
"To-Go Buddy | White","togo30-white","Primary","Delete Me","Bin",1,"yes","no","no","2025-10-16 16:09:15"
"Universal XL | Charcoal","unixl-charcoal","Primary","CB132-1","Floor",400,"yes","no","yes","2025-10-16 13:56:45"
"Universal XL | Red","unixl-red","Primary","CB124-1","Floor",400,"yes","no","yes","2025-10-15 19:07:47"
"Universal XL | Penn State Nittany Lions | Gameday ","c-c-navy-ncaa-pennstate-stripe-xl","Primary","MB110-3","Bin",6,"yes","yes","yes","2025-10-15 18:06:15"
"Universal Buddy | Arizona State Sun Devils","c-c-black-ncaa-arizonastate-stripe-uni","Primary","MB150-1","Bin",9,"yes","yes","yes","2025-10-15 16:11:16"
"Universal Buddy | Tennessee Vols","c-c-white-ncaa-tennessee-stripe-uni","Primary","MB136-2","Bin",3,"yes","yes","yes","2025-10-15 16:03:18"
"Universal Buddy | Georgia Bulldogs","uni-red-ncaa-georgia-stripe","Primary","ME104-1","Floor",98,"yes","yes","yes","2025-10-15 13:02:56"
"Universal Buddy | Seattle Mariners","c-c-navy-mlb-mariners-cc-uni","Primary","MB139-2","Bin",1,"yes","yes","yes","2025-10-15 12:28:32"
"Mini Thicc Skin | Navy","t16skin-navy","Primary","MH156-1","Floor",168,"yes","yes","yes","2025-10-15 12:19:34"
"Replacement Silicone | To-Go Buddy | Blue Ice Cream","togorubber-blueicecream","Primary","MA152-1","Bin",48,"yes","yes","yes","2025-10-14 19:12:26"
"To-Go Buddy | Black","togo30-black","Primary","CA131-3","Bay",400,"yes","no","yes","2025-10-14 18:54:33"
"To-Go Buddy | Black","togo30-black","Primary","CA129-2","Bay",400,"yes","no","yes","2025-10-14 18:41:05"
"Universal Buddy | Armed Forces","c-c-black-military-uni","Primary","MB135-3","Bin",2,"yes","yes","yes","2025-10-14 18:06:37"
"Replacement Silicone | Universal XL | Hunter Orange","unixlrubberlid-hunterorange","Primary","MA143-1","Bin",100,"yes","yes","yes","2025-10-14 14:07:32"
"Universal Buddy | Replacement Lid | Hunter Orange","lid2-hunterorange","Primary","MA140-1","Bin",102,"yes","yes","yes","2025-10-14 14:02:27"
"Universal XL | Crimson","unixl-crimson","Primary","MJ132-2","Bay",150,"yes","no","yes","2025-10-14 12:55:36"
"Universal XL | Black","unixl-black","Primary","MJ130-2","Bay",175,"yes","no","yes","2025-10-14 12:48:51"
"Thicc Buddy 40 | White","thicc40-white","Primary","MH115-4","Bay",144,"yes","no","yes","2025-10-13 20:48:15"
"Bottle Buddy 24 | Navy","bottle24-navy","Primary","MH131-2","Bay",240,"yes","no","yes","2025-10-13 20:41:39"
"Thicc Buddy | Tennessee Vols | Drip 40oz","thicc40-tennesseedrip","Primary","MI111-3","Bay",144,"yes","no","yes","2025-10-13 20:30:25"
"Universal Buddy | Navy","uni-navy1","Primary","MJ149-4","Bay",600,"yes","no","yes","2025-10-13 20:25:45"
"Universal XL | Navy","unixl-navy","Primary","MI132-2","Bay",400,"yes","no","yes","2025-10-13 20:22:36"
"Universal XL | Black Leopard","unixl-blackleopard","Primary","MJ153-3","Bay",400,"yes","no","yes","2025-10-13 20:17:05"
"Universal XL | Black Leopard","unixl-blackleopard","Primary","Delete Me","Bin",1,"yes","no","no","2025-10-13 20:16:02"
"Shot Buddy | Nebraska Cornhuskers","c-l-black-ncaa-nebraska-logo-shot","Primary","MB291-2","Bin",1,"yes","yes","yes","2025-10-13 16:56:14"
"Universal XL | UNC Tarheels","c-c-navy-ncaa-northcarolina-stripe-xl","Primary","MB103-1","Bin",1,"yes","yes","yes","2025-10-13 16:17:53"
"Universal XL | Duck-It","unixl-black-duckit","Primary","MH153-1","Floor",255,"yes","yes","yes","2025-10-13 14:09:34"
"To-Go Buddy | Royal","togo30-royal","Primary","MJ163-2","Bay",400,"yes","no","yes","2025-10-13 13:49:39"
"To-Go Buddy | Seattle Mariners","c-c-navy-mlb-mariners-cc-tgb","Primary","MB173-3","Bin",1,"yes","yes","yes","2025-10-12 23:46:58"
"Thicc Buddy | Oregon Ducks | Drip 40oz","thicc40-oregondrip","Primary","MI110-1","Floor",39,"yes","yes","yes","2025-10-12 21:02:36"
"Thicc Buddy | Florida State Seminoles | Drip 40oz","thicc40-floridastatedrip","Primary","MI104-1","Floor",117,"yes","yes","yes","2025-10-12 20:50:05"
"Thicc Buddy | Texas A&M Aggies | Drip 40oz","thicc40-texasamdrip","Primary","MI111-1","Floor",53,"yes","yes","yes","2025-10-12 20:35:44"
"Thicc Buddy | Illinois Fighting Illini | Drip 40oz","thicc40-illinoisdrip","Primary","MI128-1","Floor",44,"yes","yes","yes","2025-10-12 19:29:13"
"Universal XL | St. Louis Blues","c-c-white-nhl-blues-stripe-xl","Primary","MB207-2","Bin",1,"yes","yes","yes","2025-10-12 19:01:36"
"Mini Thicc Buddy | Vanilla Ice Cream","thicc16-vanillaicecream","Primary","MH110-1","Floor",60,"yes","yes","yes","2025-10-12 18:23:08"
"Bottle Buddy 24 | Red","bottle24-red","Primary","MF152-1","Floor",215,"yes","yes","yes","2025-10-12 17:13:00"
"Bottle Buddy 32 | Red 32oz","bottle32-red","Primary","MF162-1","Floor",85,"yes","yes","yes","2025-10-12 17:12:53"
"Universal XL | Blue Ice Cream","unixl-icecreamblue","Primary","ME112-1","Floor",97,"yes","yes","yes","2025-10-12 17:08:08"
"Universal Buddy | Ice Cream Blue","uni-icecreamblue","Primary","MD106-1","Floor",477,"yes","yes","yes","2025-10-12 16:54:42"
"Sippin' Buddy 2.0 | Sky Blue Glitter","sip8-powderbluelp","Primary","MD119-1","Floor",16,"yes","yes","yes","2025-10-12 16:48:02"
"Sippin' Buddy 2.0 | Northern Lights","sip8-lightslp","Primary","MD119-1","Floor",2,"yes","yes","yes","2025-10-12 16:48:02"
"Universal Buddy | Diamond Plate | Silver","uni-dplatesilver","Primary","MD103-1","Floor",323,"yes","yes","yes","2025-10-12 16:47:16"
"Universal Buddy | Mermaid","uni-mermaid","Primary","MD101-1","Floor",125,"yes","yes","yes","2025-10-12 16:46:15"
"Universal Buddy | Duck It","uni-black-duckit","Primary","MD102-1","Floor",406,"yes","yes","yes","2025-10-12 16:39:06"
"Thicc Buddy 40 | Mint Chocolate","thicc40-mint","Primary","MI160-1","Floor",92,"yes","yes","yes","2025-10-12 15:57:11"
"Universal XL | Merry & Marbleous","unixl-merrymarbleous","Primary","MD123-1","Floor",49,"yes","yes","yes","2025-10-12 15:36:59"
"Universal Buddy | Silver Sleigh","uni-silversleigh","Primary","MC146-1","Floor",403,"yes","yes","yes","2025-10-12 14:55:09"
"Universal Buddy | Merry & Marbleous","uni-merrymarbleous","Primary","MC138-1","Floor",426,"yes","yes","yes","2025-10-12 14:44:04"
"Thicc Buddy | LSU Tigers | Drip 40oz","thicc40-lsudrip","Primary","ME158-1","Floor",11,"yes","yes","yes","2025-10-12 13:22:04"
"Universal Buddy | Anaheim Ducks","c-c-black-nhl-ducks-stripe-uni","Primary","MB196-1","Bin",1,"yes","yes","yes","2025-10-11 20:00:42"
"To-Go Buddy | Kansas Jayhawks","c-c-white-ncaa-kansas-stripe-tgb","Primary","MB139-2","Bin",2,"yes","yes","yes","2025-10-11 00:05:28"
"To-Go Buddy | Virginia Tech Hokies","c-c-black-ncaa-virginiatech-stripe-tgb","Primary","MB191-3","Bin",1,"yes","yes","yes","2025-10-10 23:57:22"
"Thicc Buddy 16oz | Framed ","c-c-black-framed-t16","Primary","MB127-1","Bin",6,"yes","yes","yes","2025-10-10 16:41:19"
"To-Go Buddy | Black","togo30-black","Primary","CA133-1","Floor",400,"yes","no","yes","2025-10-10 14:54:11"
"Mystery Returns Assortment Return 10","return10","Primary","MG133-2","Bay",27,"yes","no","yes","2025-10-10 14:32:42"
"To-Go Buddy | Duck It","togo30-black-duckit","Primary","MH123-1","Floor",248,"yes","yes","yes","2025-10-10 14:26:05"
"Universal Buddy | Georgia Southern Eagles","c-c-navy-ncaa-georgiasouthern-mascot-uni","Primary","MB297-1","Bin",36,"yes","yes","yes","2025-10-09 20:43:22"
"Universal Buddy | Georgia Southern Eagles","c-c-white-ncaa-georgiasouthern-logo-uni","Primary","MB301-1","Bin",36,"yes","yes","yes","2025-10-09 20:41:24"
"To-Go Buddy | EIU Panthers","c-c-royal-ncaa-easternillinois-stripe-tgb","Primary","MB188-3","Bin",2,"yes","yes","yes","2025-10-09 20:33:04"
"To-Go Buddy | San Diego Padres","c-c-white-mlb-padres-cc-tgb","Primary","MB192-3","Bin",1,"yes","yes","yes","2025-10-09 20:30:52"
"Thicc Buddy 40 | Shelf Care","c-c-black-shelfcare-t40","Primary","MB131-2","Bin",1,"yes","yes","yes","2025-10-09 19:17:45"
"Universal Buddy | Miami Hurricanes","c-c-black-ncaa-miami-stripe-uni","Primary","MB317-2","Bin",18,"yes","yes","yes","2025-10-09 18:22:09"
"Universal Buddy |  Kyle Larson x Zac Brown Band | Fast Track ","c-c-black-hmsl-larson-5zbb-uni","Primary","MB309-3","Bin",2,"yes","yes","yes","2025-10-09 18:07:39"
"Thicc Buddy | Penn State Nittany Lions | Drip 40oz","thicc40-pennstatedrip","Primary","MJ135-1","Floor",119,"yes","yes","yes","2025-10-09 14:14:07"
"Universal Buddy | San Jose Sharks","c-c-black-nhl-sharks-stripe-uni","Primary","MB221-2","Bin",1,"yes","yes","yes","2025-10-08 20:32:59"
"Custom Product for CS Universal | Red","corp-red-uni","Primary","Corporate Processing","",25,"yes","yes","yes","2025-10-08 18:55:48"
"Universal XL | Dark Night","unixl-darknight","Primary","CB128-2","Bay",400,"yes","no","yes","2025-10-08 18:48:22"
"To-Go Buddy | Minnesota Gophers","c-c-white-ncaa-minnesota-stripe-tgb","Primary","MB102-1","Bin",2,"yes","yes","yes","2025-10-08 18:45:07"
"To-Go Buddy | Florida Panthers","c-c-white-nhl-panthers-stripe-tgb","Primary","MB104-1","Bin",3,"yes","yes","yes","2025-10-08 18:43:33"
"Bottle Buddy | West Virginia Mountaineers","c-c-navy-ncaa-westvirginia-stripe-bottle32","Primary","MB264-1","Bin",2,"yes","yes","yes","2025-10-08 17:32:09"
"Bottle Buddy | Gumdrop","bottle32-gumdrop","Primary","MD125-2","Bay",20,"yes","no","yes","2025-10-08 16:11:28"
"Thicc Buddy | Kentucky Wildcats | Drip 40oz","thicc40-kentuckydrip","Primary","ME104-3","Bay",144,"yes","no","yes","2025-10-08 15:55:36"
"Thicc Buddy | Kentucky Wildcats | Drip 40oz","thicc40-kentuckydrip","Primary","ME102-2","Bay",144,"yes","no","yes","2025-10-08 15:52:55"
"To-Go Buddy | Liberty Flames","c-c-white-ncaa-liberty-stripe-tgb","Primary","MB112-1","Bin",1,"yes","yes","yes","2025-10-08 15:13:48"
"To-Go Buddy | Tampa Bay Lightning","c-c-white-nhl-lightning-stripe-tgb","Primary","MB110-1","Bin",3,"yes","yes","yes","2025-10-08 15:11:09"
"Universal XL | Ice Cream","unixl-icecream","Primary","MB110-4","Bay",400,"yes","no","yes","2025-10-08 14:37:46"
"To-Go Buddy Lid Jade","togolid-jade","Primary","MA148-1","Bin",2,"yes","yes","yes","2025-10-08 14:08:19"
"Universal XL | Detroit Tigers","c-c-navy-mlb-tigers-stripe-xl","Primary","MB108-3","Bin",3,"yes","yes","yes","2025-10-08 12:12:20"
"Custom Product for CS Universal Buddy XL Black","corp-black-unixl","Primary","Corporate Processing","",500,"yes","yes","yes","2025-10-07 22:17:57"
"Custom Product for CS Bottle Buddy | Black","corp-black-bottle32","Primary","Corporate Processing","",5,"yes","yes","yes","2025-10-07 22:17:18"
"Bottle Buddy | Philidelphia Phillies","c-c-white-mlb-phillies-stripe-bottle32","Primary","MB214-2","Bin",1,"yes","yes","yes","2025-10-07 21:52:23"
"To-Go Buddy | Utah Utes","c-c-red-ncaa-utah-stripe-tgb","Primary","MB292-3","Bin",1,"yes","yes","yes","2025-10-07 20:43:21"
"Bottle Buddy | North Carolina Tarheels | Blackout ","c-c-darknight-ncaa-northcarolina-blackout-bottle32","Primary","MB233-2","Bin",1,"yes","yes","yes","2025-10-07 20:18:12"
"Universal XL | Buddy Of The Week | Polka Dot","c-c-black-botw-polkadot-xl","Primary","MB154-1","Bin",1,"yes","yes","yes","2025-10-07 20:01:19"
"Universal Buddy | Auburn Tigers","c-c-navy-ncaa-auburn-biglogo-uni","Primary","MB200-2","Bin",6,"yes","yes","yes","2025-10-07 19:59:41"
"Universal Buddy | Utah Utes","c-c-red-ncaa-utah-stripe-uni","Primary","MB166-2","Bin",1,"yes","yes","yes","2025-10-07 19:52:19"
"Universal Buddy | Emerald","uni-emerald","Primary","CB123-3","Bay",600,"yes","no","yes","2025-10-07 19:36:42"
"Custom Products For CS | Thicc Buddy 40 Pink Checkered","corp-pinkcheckered-t40","Primary","Corporate Processing","",6,"yes","yes","yes","2025-10-07 19:32:38"
"Universal Buddy | Bottomland","uni-bottomland","Primary","CB129-2","Bay",600,"yes","no","yes","2025-10-07 19:30:40"
"Thicc Buddy 16oz | Buddy Of The Week | Black Cats","c-c-black-botw-blackcats-t16","Primary","MB183-2","Bin",3,"yes","yes","yes","2025-10-07 18:53:43"
"Thicc Buddy | Kentucky Wildcats | Drip 40oz","thicc40-kentuckydrip","Primary","CB133-3","Bay",144,"yes","no","yes","2025-10-07 18:51:12"
"To-Go Buddy | Duck It","togo30-black-duckit","Primary","CC123-4","Bay",400,"yes","no","yes","2025-10-07 18:23:01"
"To-Go Buddy | Duck It","togo30-black-duckit","Primary","CC105-2","Bay",399,"yes","no","yes","2025-10-07 18:21:21"
"Bottle Buddy | Nebula","bottle32-nebula","Primary","CE105-3","Bay",240,"yes","no","yes","2025-10-07 18:15:34"
"Bottle Buddy | Nebula","bottle32-nebula","Primary","CE107-4","Bay",240,"yes","no","yes","2025-10-07 18:13:19"
"Universal Buddy | RealTree APX","uni-apx","Primary","MC128-2","Bay",600,"yes","no","yes","2025-10-07 16:15:52"
"Universal Buddy | Ohio State Helmet","uni-silver-ncaa-ohiostate-helmet","Primary","MH134-2","Bay",600,"yes","no","yes","2025-10-07 16:09:55"
"Universal Buddy | Alabama Crimson Tide | Legacy","uni-alabama3d","Primary","Delete Me","Bin",1,"yes","no","no","2025-10-07 16:08:10"
"Thicc Buddy 40oz | Penn State Nittany Lions | Legacy","thicc40-pennstate3d","Primary","MC113-2","Bay",144,"yes","no","yes","2025-10-07 15:26:14"
"Thicc Buddy 40oz | Penn State Nittany Lions | Legacy","thicc40-pennstate3d","Primary","MC101-2","Bay",144,"yes","no","yes","2025-10-07 15:24:01"
"Thicc Buddy | Penn State Nittany Lions | Drip 40oz","thicc40-pennstatedrip","Primary","MC117-4","Bay",144,"yes","no","yes","2025-10-07 15:22:03"
"Thicc Buddy | Penn State Nittany Lions | Drip 40oz","thicc40-pennstatedrip","Primary","MC127-4","Bay",144,"yes","no","yes","2025-10-07 15:17:21"
"Thicc Buddy 40oz | Penn State Nittany Lions | Legacy","thicc40-pennstate3d","Primary","MD153-4","Bay",144,"yes","no","yes","2025-10-07 15:14:56"
"Thicc Buddy 40oz | Penn State Nittany Lions | Legacy","thicc40-pennstate3d","Primary","MD160-4","Bay",144,"yes","no","yes","2025-10-07 15:10:49"
"Thicc Buddy 40oz | Penn State Nittany Lions | Legacy","thicc40-pennstate3d","Primary","MD156-4","Bay",144,"yes","no","yes","2025-10-07 15:08:37"
"Thicc Buddy 40oz | Penn State Nittany Lions | Legacy","thicc40-pennstate3d","Primary","MD148-4","Bay",144,"yes","no","yes","2025-10-07 15:03:32"
"Universal XL | Gunmetal Glory","unixl-gunmetalglory","Primary","MF139-4","Bay",400,"yes","no","yes","2025-10-07 14:45:57"
"Universal Buddy | Cleveland Guardians","c-c-navy-mlb-guardians-stripe-uni","Primary","MB173-1","Bin",8,"yes","yes","yes","2025-10-07 14:42:00"
"Universal Buddy | Cal Bears","c-c-navy-ncaa-california-stripe-uni","Primary","MB173-2","Bin",1,"yes","yes","yes","2025-10-07 14:41:28"
"Universal XL | Charcoal","unixl-charcoal","Primary","MF138-4","Bay",400,"yes","no","yes","2025-10-07 14:39:20"
"Universal Buddy | Gunmetal Glory","uni-gunmetalglory","Primary","Buc-ee's Processing","Floor",936,"yes","no","yes","2025-10-07 14:32:58"
"Thicc Buddy 40 | Pink Checkered","thicc40-pinkcheckered","Primary","CF130-3","Bay",144,"yes","no","yes","2025-10-06 22:25:50"
"Universal Buddy | Nebraska x OHT","c-c-black-ncaa-nebraska-oht-uni","Primary","MB204-3","Bin",1,"yes","yes","yes","2025-10-06 21:53:00"
"Universal Buddy | Dallas Stars","c-c-white-nhl-stars-stripe-uni","Primary","MB144-1","Bin",1,"yes","yes","yes","2025-10-06 19:59:05"
"Custom Product for CS Universal | White","corp-white-uni","Primary","Corporate Processing","",5,"yes","yes","yes","2025-10-06 18:41:36"
"Frost Budz | Dougnut Sprinkles","budz-dougnutsprinkles","Primary","MEF104-4","Bin",74,"yes","yes","yes","2025-10-06 18:01:40"
"Thicc Buddy 40 |  Black","thicc40-black","Primary","Unboxing","Shelf",576,"yes","no","yes","2025-10-06 16:54:00"
"To-Go Buddy | Arcane - Black","c-c-black-arcane-tgb","Primary","MA116-1","Floor ",41,"yes","yes","yes","2025-10-06 15:26:16"
"Universal XL | Charcoal","unixl-charcoal","Primary","MF136-4","Bay",400,"yes","no","yes","2025-10-06 14:29:33"
"Universal XL | Navy","unixl-navy","Primary","MH112-2","Bay",400,"yes","no","yes","2025-10-06 14:12:18"
"Universal XL | Black","unixl-black","Primary","Delete Me","Bin",1,"yes","no","no","2025-10-06 12:29:40"
"Universal Buddy | Chicago Blackhawks","c-c-white-nhl-blackhawks-stripe-uni","Primary","Delete Me","Bin",1,"yes","no","no","2025-10-06 12:28:48"
"Replacement Lid | Bottle Buddy 32 | Ice Cream","b32lid-icecream","Primary","MA165-3","Bin",51,"yes","yes","yes","2025-10-05 23:24:49"
"Replacement Lid | Bottle Buddy 32 | Navy","b32lid-navy","Primary","MA153-3","Bin",30,"yes","yes","yes","2025-10-05 22:24:08"
"Replacement Lid | Bottle Buddy 32 | Gumdrop","b32lid-gumdrop","Primary","MA154-2","Bin",35,"yes","yes","yes","2025-10-05 15:43:41"
"Replacement Lid | Bottle Buddy 32 | Nebula","b32lid-nebula","Primary","MA142-4","Bay",50,"yes","no","yes","2025-10-05 15:36:15"
"Replacement Lid | Bottle Buddy 32 | Nebula","b32lid-nebula","Primary","MA151-3","Bin",22,"yes","yes","yes","2025-10-05 15:35:44"
"Replacement Silicone | To-Go Buddy | Orange","togorubber-orange","Primary","MA153-1","Bin",48,"yes","yes","yes","2025-10-05 15:31:01"
"Replacement Silicone | To-Go Buddy | Merry & Marbleous","togorubber-merrynmarbleous","Primary","MA152-1","Bin",50,"yes","yes","yes","2025-10-05 15:28:21"
"Replacement Lid | Bottle Buddy 32 | White","b32lid-white","Primary","MA135-2","Bin",20,"yes","yes","yes","2025-10-05 15:28:08"
"Replacement Silicone | To-Go Buddy | Vanilla Ice Cream","togorubber-vanillaicecream","Primary","MA153-1","Bin",29,"yes","yes","yes","2025-10-05 15:24:38"
"Bottle Buddy | Ohio State Buckeyes","bottle32-ohiostatehelmet","Primary","MI106-1","Floor",216,"yes","yes","yes","2025-10-05 14:30:53"
"To-Go Buddy | Royal","togo30-royal","Primary","MF166-2","Bay",100,"yes","no","yes","2025-10-05 14:27:02"
"Universal Buddy | Vanilla Ice Cream","uni-vanillaicecream","Primary","MD113-1","Floor",578,"yes","yes","yes","2025-10-05 14:07:56"
"Universal Buddy XL Replacement Lid | Black","unixlrubberlid-black","Primary","MA157-1","Bin",50,"yes","yes","yes","2025-10-05 13:11:53"
"To-Go Buddy | Atlanta Braves","c-c-white-mlb-braves-cc-tgb","Primary","MB249-2","Bin",1,"yes","yes","yes","2025-10-04 23:41:36"
"Universal XL | San Diego Padres","c-c-white-mlb-padres-cc-xl","Primary","MB277-2","Bin",3,"yes","yes","yes","2025-10-04 19:40:15"
"Universal XL | Ohio State Buckeyes","c-c-white-ncaa-ohiostate-stripe-xl","Primary","MB253-2","Bin",4,"yes","yes","yes","2025-10-04 19:32:31"
"Universal XL | Houston Astros","c-c-navy-mlb-astros-stripe-xl","Primary","MB254-1","Bin",1,"yes","yes","yes","2025-10-04 19:28:13"
"Universal XL | Baltimore Orioles","c-c-black-mlb-orioles-stripe-xl","Primary","MB244-1","Bin",2,"yes","yes","yes","2025-10-04 11:57:32"
"Universal Buddy | New York Mets","c-c-orange-mlb-mets-stripe-uni","Primary","MB184-1","Bin",1,"yes","yes","yes","2025-10-03 23:59:34"
"Universal Buddy | St. Louis Cardinals","c-c-navy-mlb-cardinals-stripe-uni","Primary","MB145-1","Bin",1,"yes","yes","yes","2025-10-03 23:50:22"
"Universal Buddy | Alabama Crimson Tide","c-c-crimson-ncaa-alabama-merica-uni","Primary","MB157-3","Bin",1,"yes","yes","yes","2025-10-03 23:33:15"
"Universal XL | UNC Tarheels","c-c-white-ncaa-northcarolina-stripe-xl","Primary","MB166-3","Bin",1,"yes","yes","yes","2025-10-03 20:36:12"
"Unboxed Universal Royal","uni-royal-unboxed","Primary","PS120-1","Flow",83,"yes","no","yes","2025-10-03 19:52:36"
"Thicc Buddy | Kentucky Wildcats | Drip 40oz","thicc40-kentuckydrip","Primary","MI102-1","Floor",3,"yes","yes","yes","2025-10-03 14:06:57"
"To-Go Buddy | Frostbite","togo30-frostbite","Primary","MD119-4","Bay",400,"yes","no","yes","2025-10-02 21:14:46"
"Bottle Buddy | Royal","bottle32-royal","Primary","Receiving","",320,"yes","no","yes","2025-10-02 18:49:45"
"Bottle Buddy | Crimson","bottle32-crimson","Primary","Unboxing","Shelf",380,"yes","no","yes","2025-10-02 18:30:22"
"Universal Buddy | Shelf Care","c-c-black-shelfcare-uni","Primary","MB175-3","Bin",7,"yes","yes","yes","2025-10-02 18:14:02"
"To-Go Buddy | Frostbite","togo30-frostbite","Primary","MF124-1","Floor",204,"yes","yes","yes","2025-10-02 14:44:54"
"Universal Buddy | RealTree APX","uni-apx","Primary","MI141-2","Bay",600,"yes","no","yes","2025-10-02 14:37:03"
"Universal Buddy | RealTree APX","uni-apx","Primary","MJ147-2","Bay",600,"yes","no","yes","2025-10-02 12:39:58"
"Universal Buddy | RealTree Max7","uni-max7","Primary","MJ102-4","Bay",600,"yes","no","yes","2025-10-02 12:24:00"
"Universal Buddy | Texas A&M Aggies | Drip","uni-texasamdrip","Primary","MG130-1","Floor",597,"yes","yes","yes","2025-10-01 15:04:48"
"Mystery Returns Assortment Return 10","return10","Primary","MG137-1","Floor",7,"yes","yes","yes","2025-10-01 14:31:21"
"Universal Buddy | Illinois Fighting Illini | Legacy","uni-illinois3d","Primary","MI101-1","Floor",152,"yes","yes","yes","2025-10-01 12:41:30"
"Universal Buddy | Illinois Fighting Illini | Drip","uni-illinoisdrip","Primary","MH155-1","Floor",219,"yes","yes","yes","2025-10-01 12:33:22"
"Universal XL | Appalachian State Mountaineers","c-c-black-ncaa-appstate-stripe-xl","Primary","MB193-1","Bin",1,"yes","yes","yes","2025-09-30 20:01:19"
"Universal Buddy | Navy","Uni-Navy","Primary","MD151-2","Bay",600,"yes","no","yes","2025-09-30 19:42:15"
"Universal Buddy | Navy","Uni-Navy","Primary","MD136-4","Bay",600,"yes","no","yes","2025-09-30 19:24:38"
"Universal Buddy | Northern Lights","uni-lights","Primary","ME102-4","Bay",600,"yes","no","yes","2025-09-30 18:57:20"
"Universal Buddy | Black","uni-black","Primary","ME168-2","Bay",600,"yes","no","yes","2025-09-30 16:39:00"
"Universal Buddy | Illinois Fighting Illini | Drip","uni-illinoisdrip","Primary","ME130-4","Bay",600,"yes","no","yes","2025-09-30 16:04:01"
"Universal Buddy | Navy","uni-navy1","Primary","CG105-4","Bay",600,"yes","no","yes","2025-09-30 16:02:44"
"Universal Buddy | Navy","uni-navy1","Primary","CG109-4","Bay",600,"yes","no","yes","2025-09-30 16:00:14"
"Universal Buddy | Illinois Fighting Illini | Legacy","uni-illinois3d","Primary","ME121-4","Bay",600,"yes","no","yes","2025-09-30 16:00:01"
"Universal Buddy | Navy","uni-navy1","Primary","CG125-4","Bay",600,"yes","no","yes","2025-09-30 15:57:37"
"Universal Buddy | Texas A&M Aggies | Drip","uni-texasamdrip","Primary","ME122-3","Bay",600,"yes","no","yes","2025-09-30 15:43:28"
"Universal Buddy | Texas A&M Aggies | Drip","uni-texasamdrip","Primary","ME124-2","Bay",175,"yes","no","yes","2025-09-30 15:37:04"
"Universal Buddy | Illinois Fighting Illini | Drip","uni-illinoisdrip","Primary","MD111-4","Bay",225,"yes","no","yes","2025-09-30 14:54:13"
"Universal Buddy | Illinois Fighting Illini | Drip","uni-illinoisdrip","Primary","ME137-2","Bay",600,"yes","no","yes","2025-09-30 14:33:26"
"Replacement Silicone | To-Go Buddy | Daisy","togorubber-daisy","Primary","MA149-2","Bin",48,"yes","yes","yes","2025-09-30 12:25:56"
"Universal Buddy | Toronto Blue Jays","c-c-white-mlb-bluejays-stripe-uni","Primary","MB254-2","Bin",1,"yes","yes","yes","2025-09-30 10:02:15"
"Universal XL | Kansas State Wildcats","c-c-white-ncaa-kansasstate-stripe-xl","Primary","MB142-2","Bin",1,"yes","yes","yes","2025-09-30 00:50:33"
"Universal XL | Dark Night","unixl-darknight","Primary","CB128-1","Floor",150,"yes","no","yes","2025-09-29 18:34:32"
"To-Go Buddy | Black","togo30-black","Primary","CA131-4","Bay",400,"yes","no","yes","2025-09-29 17:02:50"
"To-Go Buddy | Navy","togo30-navy","Primary","CA140-1","Floor",400,"yes","no","yes","2025-09-29 16:58:51"
"Charm Bottle Buddy 32 | Navy","charmb32-navy","Primary","CB135-4","Bay",240,"yes","no","yes","2025-09-29 16:41:05"
"Universal XL | Black","unixl-black","Primary","CB138-1","Floor",400,"yes","no","yes","2025-09-29 16:21:33"
"Bottle Buddy | Nebula","bottle32-nebula","Primary","CC110-3","Bay",240,"yes","no","yes","2025-09-29 14:46:36"
"Universal Buddy | Minnesota Gophers","c-c-white-ncaa-minnesota-stripe-uni","Primary","MB116-1","Bin",5,"yes","yes","yes","2025-09-29 14:43:26"
"To-Go Buddy | Crimson","togo30-crimson","Primary","CD113-4","Bay",400,"yes","no","yes","2025-09-29 14:34:59"
"To-Go Buddy | Crimson","togo30-crimson","Primary","CD111-3","Bay",400,"yes","no","yes","2025-09-29 14:33:20"
"To-Go Buddy | Nebula","togo30-nebula","Primary","CE104-2","Bay",400,"yes","no","yes","2025-09-29 14:19:30"
"To-Go Buddy | Black","togo30-black","Primary","CE130-4","Bay",400,"yes","no","yes","2025-09-29 14:09:58"
"To-Go Buddy | Blue Ice Cream","togo30-icecreamblue","Primary","ME142-2","Bay",400,"yes","no","yes","2025-09-28 18:38:16"
"To-Go Buddy | Vanilla Ice Cream","togo30-vanillaicecream","Primary","MG102-2","Bay",400,"yes","no","yes","2025-09-28 17:53:18"
"To-Go Buddy | Blue Ice Cream","togo30-icecreamblue","Primary","MJ124-1","Floor",89,"yes","yes","yes","2025-09-28 15:56:05"
"Mini Thicc Buddy | Georgia Bulldogs | Drip","thicc16-georgiadrip","Primary","MH112-1","Floor",15,"yes","yes","yes","2025-09-28 14:42:12"
"Mini Thicc Buddy | Tennessee Vols | Drip","thicc16-tennesseedrip","Primary","MH114-1","Floor",269,"yes","yes","yes","2025-09-28 14:39:46"
"Universal XL | Crimson","unixl-crimson","Primary","MI121-2","Bay",200,"yes","no","yes","2025-09-28 14:38:54"
"Mini Thicc Buddy | Penn State Nittany Lions | Drip","thicc16-pennstatedrip","Primary","MH118-1","Floor",428,"yes","yes","yes","2025-09-28 14:35:12"
"Mini Thicc Buddy | Florida State Seminoles| Drip","thicc16-floridastatedrip","Primary","MH120-1","Floor",403,"yes","yes","yes","2025-09-28 14:11:13"
"Universal XL | Royal","unixl-royal","Primary","MA154-4","Bay",300,"yes","no","yes","2025-09-28 13:12:26"
"Universal XL | White","unixl-white","Primary","MF134-4","Bay",400,"yes","no","yes","2025-09-28 00:08:49"
"Universal XL | White","unixl-white","Primary","MF148-3","Bay",400,"yes","no","yes","2025-09-28 00:04:32"
"Universal XL | White","unixl-white","Primary","MF130-4","Bay",600,"yes","no","yes","2025-09-28 00:02:11"
"Thicc Buddy | Tennessee Vols | Drip 40oz","thicc40-tennesseedrip","Primary","MG135-3","Bay",144,"yes","no","yes","2025-09-27 23:53:06"
"Thicc Buddy | Tennessee Vols | Drip 40oz","thicc40-tennesseedrip","Primary","MJ160-3","Bay",144,"yes","no","yes","2025-09-27 23:49:09"
"Thicc Buddy | Tennessee Vols | Drip 40oz","thicc40-tennesseedrip","Primary","MG132-4","Bay",144,"yes","no","yes","2025-09-27 23:47:13"
"Thicc Buddy | Tennessee Vols | Drip 40oz","thicc40-tennesseedrip","Primary","MG105-4","Bay",144,"yes","no","yes","2025-09-27 23:43:14"
"Thicc Buddy | Ohio State Buckeyes | Drip 40oz","thicc40-ohiostatedrip","Primary","MH134-4","Bay",144,"yes","no","yes","2025-09-27 23:35:17"
"Thicc Buddy | Florida Gators | Drip 40oz","thicc40-floridadrip","Primary","MH133-4","Bay",144,"yes","no","yes","2025-09-27 23:26:31"
"Thicc Buddy | Tennessee Vols | Drip 40oz","thicc40-tennesseedrip","Primary","MH135-4","Bay",144,"yes","no","yes","2025-09-27 23:25:04"
"Thicc Buddy | Ohio State Buckeyes | Drip 40oz","thicc40-ohiostatedrip","Primary","MH145-4","Bay",144,"yes","no","yes","2025-09-27 23:18:44"
"Thicc Buddy | Ohio State Buckeyes | Drip 40oz","thicc40-ohiostatedrip","Primary","MH151-4","Bay",144,"yes","no","yes","2025-09-27 23:15:48"
"Thicc Buddy | Tennessee Vols | Drip 40oz","thicc40-tennesseedrip","Primary","MH157-4","Bay",144,"yes","no","yes","2025-09-27 23:13:31"
"Thicc Buddy | Ohio State Buckeyes | Drip 40oz","thicc40-ohiostatedrip","Primary","MH162-4","Bay",144,"yes","no","yes","2025-09-27 23:03:06"
"Thicc Buddy | Oklahoma Sooners | Drip 40oz","thicc40-oklahomadrip","Primary","MH137-4","Bay",144,"yes","no","yes","2025-09-27 22:59:52"
"Thicc Buddy | Oklahoma Sooners | Drip 40oz","thicc40-oklahomadrip","Primary","MH117-4","Bay",144,"yes","no","yes","2025-09-27 22:56:50"
"Thicc Buddy | Oklahoma Sooners | Drip 40oz","thicc40-oklahomadrip","Primary","MH101-4","Bay",144,"yes","no","yes","2025-09-27 22:53:12"
"Thicc Buddy | Oklahoma Sooners | Drip 40oz","thicc40-oklahomadrip","Primary","MI137-4","Bay",144,"yes","no","yes","2025-09-27 22:49:01"
"Thicc Buddy | Tennessee Vols | Drip 40oz","thicc40-tennesseedrip","Primary","MI118-4","Bay",144,"yes","no","yes","2025-09-27 22:43:21"
"Thicc Buddy | Alabama Crimson Tide | Drip 40oz","thicc40-alabamadrip","Primary","MI117-3","Bay",144,"yes","no","yes","2025-09-27 22:06:03"
"Universal XL | Texas Tea","unixl-texastea","Primary","CC125-2","Bay",400,"yes","no","yes","2025-09-27 22:02:52"
"Thicc Buddy | Alabama Crimson Tide | Drip 40oz","thicc40-alabamadrip","Primary","MI119-2","Bay",144,"yes","no","yes","2025-09-27 21:57:07"
"Thicc Buddy | Alabama Crimson Tide | Drip 40oz","thicc40-alabamadrip","Primary","MI115-4","Bay",144,"yes","no","yes","2025-09-27 21:48:35"
"Thicc Buddy | Alabama Crimson Tide | Drip 40oz","thicc40-alabamadrip","Primary","MI116-4","Bay",144,"yes","no","yes","2025-09-27 21:41:52"
"Thicc Buddy | Alabama Crimson Tide | Drip 40oz","thicc40-alabamadrip","Primary","MI113-2","Bay",144,"yes","no","yes","2025-09-27 21:40:04"
"Thicc Buddy | Oklahoma Sooners | Drip 40oz","thicc40-oklahomadrip","Primary","MI114-4","Bay",144,"yes","no","yes","2025-09-27 21:37:12"
"Thicc Buddy | Oklahoma Sooners | Drip 40oz","thicc40-oklahomadrip","Primary","MI111-2","Bay",144,"yes","no","yes","2025-09-27 21:34:53"
"Thicc Buddy | Oklahoma Sooners | Drip 40oz","thicc40-oklahomadrip","Primary","MI111-4","Bay",144,"yes","no","yes","2025-09-27 21:30:24"
"Thicc Buddy | Tennessee Vols | Drip 40oz","thicc40-tennesseedrip","Primary","MI112-2","Bay",144,"yes","no","yes","2025-09-27 21:06:37"
"Thicc Buddy | Florida Gators | Drip 40oz","thicc40-floridadrip","Primary","MI132-1","Floor",25,"yes","yes","yes","2025-09-27 21:03:29"
"Thicc Buddy | Tennessee Vols | Drip 40oz","thicc40-tennesseedrip","Primary","MI109-4","Bay",144,"yes","no","yes","2025-09-27 21:00:00"
"Thicc Buddy | Oklahoma Sooners | Drip 40oz","thicc40-oklahomadrip","Primary","MI137-1","Floor",82,"yes","yes","yes","2025-09-27 20:58:51"
"Thicc Buddy 40oz | Oklahoma Sooners | Legacy","thicc40-oklahoma3d","Primary","MI139-1","Floor",82,"yes","yes","yes","2025-09-27 20:46:58"
"Thicc Buddy | Tennessee Vols | Drip 40oz","thicc40-tennesseedrip","Primary","MI145-1","Floor",7,"yes","yes","yes","2025-09-27 20:45:17"
"Universal XL | White","unixl-white","Primary","MD112-4","Bay",400,"yes","no","yes","2025-09-27 20:32:29"
"Thicc Buddy | Georgia Bulldogs | Drip 40oz","thicc40-georgiadrip","Primary","MJ151-3","Bay",144,"yes","no","yes","2025-09-27 20:20:29"
"Universal Buddy | Royal","uni-royal","Primary","MD140-3","Bay",600,"yes","no","yes","2025-09-27 20:19:33"
"Universal Buddy | Royal","uni-royal","Primary","MD141-3","Bay",600,"yes","no","yes","2025-09-27 20:17:02"
"Thicc Buddy | Georgia Bulldogs | Drip 40oz","thicc40-georgiadrip","Primary","MJ154-3","Bay",144,"yes","no","yes","2025-09-27 20:15:15"
"Thicc Buddy | Georgia Bulldogs | Drip 40oz","thicc40-georgiadrip","Primary","MJ132-4","Bay",144,"yes","no","yes","2025-09-27 20:11:43"
"Universal XL | Texas Tea","unixl-texastea","Primary","MH144-4","Bay",400,"yes","no","yes","2025-09-27 20:09:44"
"Thicc Buddy | Florida Gators | Drip 40oz","thicc40-floridadrip","Primary","MI124-2","Bay",144,"yes","no","yes","2025-09-27 20:09:31"
"Universal Buddy | Royal","uni-royal","Primary","MD156-3","Bay",600,"yes","no","yes","2025-09-27 20:05:07"
"Universal Buddy | Orange","uni-orange1","Primary","MD162-3","Bay",600,"yes","no","yes","2025-09-27 20:02:04"
"Thicc Buddy | Georgia Bulldogs | Drip 40oz","thicc40-georgiadrip","Primary","MJ160-2","Bay",144,"yes","no","yes","2025-09-27 19:56:18"
"Universal Buddy | Orange","uni-orange1","Primary","MD164-3","Bay",600,"yes","no","yes","2025-09-27 19:55:29"
"Universal Buddy | Royal","uni-royal","Primary","ME125-3","Bay",600,"yes","no","yes","2025-09-27 19:28:43"
"Universal Buddy | Royal","uni-royal","Primary","ME127-3","Bay",600,"yes","no","yes","2025-09-27 19:27:07"
"Universal XL | Crimson","unixl-crimson","Primary","MI125-2","Bay",400,"yes","no","yes","2025-09-27 18:50:25"
"Universal Buddy | Royal","uni-royal","Primary","MF108-2","Bay",600,"yes","no","yes","2025-09-27 18:37:31"
"Universal XL | Ohio State Helmet","unixl-silver-ncaa-ohiostate-helmet","Primary","MD167-1","Floor",252,"yes","yes","yes","2025-09-27 18:06:55"
"Universal XL | Texas Tea","unixl-texastea","Primary","MI127-3","Bay",400,"yes","no","yes","2025-09-27 17:56:49"
"Universal XL | Black Leopard","unixl-blackleopard","Primary","MI129-3","Bay",400,"yes","no","yes","2025-09-27 17:52:18"
"Thicc Buddy | Florida Gators | Drip 40oz","thicc40-floridadrip","Primary","MJ157-3","Bay",144,"yes","no","yes","2025-09-27 17:35:13"
"Thicc Buddy | Florida Gators | Drip 40oz","thicc40-floridadrip","Primary","MI108-2","Bay",144,"yes","no","yes","2025-09-27 16:46:05"
"Universal Buddy | Iowa State","c-c-black-ncaa-iowastate-stripe-uni","Primary","MB311-3","Bin",20,"yes","yes","yes","2025-09-27 15:58:52"
"Universal XL | Gumdrop","unixl-gumdrop","Primary","MD153-1","Floor",340,"yes","yes","yes","2025-09-27 13:10:06"
"Universal XL | Black Leopard","unixl-blackleopard","Primary","MI134-3","Bay",400,"yes","no","yes","2025-09-26 23:55:43"
"Universal XL | Texas Tea","unixl-texastea","Primary","MB116-5","Bay",400,"yes","no","yes","2025-09-26 23:42:36"
"Universal XL | Navy","unixl-navy","Primary","MB124-4","Bay",400,"yes","no","yes","2025-09-26 23:08:06"
"Universal XL | Texas Tea","unixl-texastea","Primary","MB136-5","Bay",400,"yes","no","yes","2025-09-26 22:16:26"
"Thicc Buddy | Florida Gators | Drip 40oz","thicc40-floridadrip","Primary","MF101-4","Bay",144,"yes","no","yes","2025-09-26 22:09:09"
"Universal Buddy | Black","uni-black","Primary","CA109-3","Bay",600,"yes","no","yes","2025-09-25 21:55:52"
"Thicc Buddy 30 | Nebula","thicc30-nebula","Primary","CF111-3","Bay",240,"yes","no","yes","2025-09-25 21:27:47"
"Universal Buddy Replacement Insert  3.0","uniinsert3-black","Primary","PS 2","Floor",200,"yes","no","no","2025-09-25 21:24:21"
"Universal XL | Merica","unixl-merica","Primary","CF117-3","Bay",240,"yes","no","yes","2025-09-25 21:23:05"
"Universal XL | Merica","unixl-merica","Primary","MH110-4","Bay",400,"yes","no","yes","2025-09-25 21:22:41"
"unboxed thicc40 | Memphis","thicc40-memphis-unboxed","Primary","CC137-1","Floor",44,"yes","no","yes","2025-09-25 21:19:39"
"Bottle Buddy | Gumdrop","bottle32-gumdrop","Primary","CC115-4","Bay",240,"yes","no","yes","2025-09-25 21:08:47"
"Thicc Buddy 40 | Rocky Top","thicc40-rockytop","Primary","CD129-4","Bay",144,"yes","no","yes","2025-09-25 21:04:13"
"Thicc Buddy 40 | Rocky Top","thicc40-rockytop","Primary","CC114-4","Bay",144,"yes","no","yes","2025-09-25 21:01:06"
"Thicc Buddy 40 | Rocky Top","thicc40-rockytop","Primary","MD110-3","Bay",144,"yes","no","yes","2025-09-25 20:51:19"
"Thicc Buddy 40 | Emerald Elegance","thicc40-emerald","Primary","CC109-2","Bay",144,"yes","no","yes","2025-09-25 20:48:56"
"Jr Buddy | White","jr-white","Primary","MH112-3","Bay",600,"yes","no","yes","2025-09-25 20:45:27"
"Bottle Buddy | Nebula","bottle32-nebula","Primary","CA106-2","Bay",240,"yes","no","yes","2025-09-25 20:42:46"
"To-Go Buddy | Black","togo30-black","Primary","CA139-4","Bay",400,"yes","no","yes","2025-09-25 20:26:28"
"Thicc Buddy 40 | Gunmetal Glory","thicc40-gunmetalglory","Primary","MG163-2","Bay",142,"yes","no","yes","2025-09-25 18:41:30"
"To-Go Buddy | Red","togo30-red","Primary","MC144-2","Bay",200,"yes","no","yes","2025-09-25 17:51:22"
"To-Go Buddy | Royal","togo30-royal","Primary","MD109-3","Bay",400,"yes","no","yes","2025-09-25 16:43:07"
"To-Go Buddy | Royal","togo30-royal","Primary","MD109-2","Bay",400,"yes","no","yes","2025-09-25 16:40:32"
"To-Go Buddy | Black","togo30-black","Primary","CA135-4","Bay",400,"yes","no","yes","2025-09-25 15:47:46"
"Universal Buddy | RealTree Max7","uni-max7","Primary","CB133-2","Bay",93,"yes","no","yes","2025-09-25 15:28:28"
"Jr Buddy | Orange","jr-orange","Primary","CD131-4","Bay",600,"yes","no","yes","2025-09-25 13:28:31"
"Charm Bottle Buddy 32 | Black","charmb32-black","Primary","MH117-1","Floor",60,"yes","yes","yes","2025-09-25 12:54:20"
"Charm Bottle Buddy 32 | Gumdrop","charmb32-gumdrop","Primary","MH109-1","Floor",97,"yes","yes","yes","2025-09-25 12:44:14"
"Charm Bottle Buddy 32 | Navy","charmb32-navy","Primary","MH113-1","Floor",56,"yes","yes","yes","2025-09-25 12:40:11"
"Charm Bottle Buddy 32 | Cream","charmb32-cream","Primary","MH111-1","Floor",185,"yes","yes","yes","2025-09-25 12:32:28"
"Universal Buddy | Wichita State Shockers","c-c-black-ncaa-wichitastate-stripe-uni","Primary","MB111-2","Bin",1,"yes","yes","yes","2025-09-25 00:35:22"
"To-Go Buddy | White","togo30-white","Primary","CA128-1","Floor",200,"yes","no","yes","2025-09-24 16:04:12"
"Universal Buddy | Indiana Hoosiers | Legacy","uni-indiana3d","Primary","MD120-1","Floor",66,"yes","yes","yes","2025-09-24 14:07:47"
"Universal Buddy | Oklahoma Sooners | Legacy","uni-oklahoma3d","Primary","MG106-1","Floor",34,"yes","yes","yes","2025-09-24 13:45:09"
"Universal Buddy | Oregon Ducks | Legacy","uni-oregon3d","Primary","MG110-1","Floor",260,"yes","yes","yes","2025-09-24 13:37:03"
"Universal Buddy | Oregon Ducks | Drip","uni-oregondrip","Primary","MG101-1","Floor",484,"yes","yes","yes","2025-09-24 13:32:34"
"Universal Buddy | Florida Gators | Drip","uni-floridadrip","Primary","MG103-1","Floor",351,"yes","yes","yes","2025-09-24 13:28:17"
"Universal Buddy | Penn State Nittany Lions | Legacy","uni-pennstate3d","Primary","MF159-1","Floor",220,"yes","yes","yes","2025-09-24 13:12:30"
"Mini Thicc Buddy | Cream","thicc16-cream","Primary","CB117-1","Floor",72,"yes","no","yes","2025-09-23 20:42:37"
"Universal XL | Crimson","unixl-crimson","Primary","CB130-1","Floor",50,"yes","no","yes","2025-09-23 19:56:26"
"Universal XL | Black","unixl-black","Primary","CB140-1","Floor",400,"yes","no","yes","2025-09-23 19:49:03"
"Universal Buddy | Penn State Nittany Lions | Drip","uni-pennstatedrip","Primary","ME145-3","Bay",600,"yes","no","yes","2025-09-23 17:32:33"
"Universal Buddy | Oklahoma Sooners | Drip","uni-oklahomadrip","Primary","MF167-2","Bay",600,"yes","no","yes","2025-09-23 17:23:42"
"Bottle Buddy | Nebula","bottle32-nebula","Primary","MF151-4","Bay",240,"yes","no","yes","2025-09-23 17:19:05"
"Bottle Buddy | Nebula","bottle32-nebula","Primary","MF162-4","Bay",240,"yes","no","yes","2025-09-23 17:16:59"
"Universal Buddy | Penn State Nittany Lions | Drip","uni-pennstatedrip","Primary","MF119-2","Bay",600,"yes","no","yes","2025-09-23 16:41:30"
"Thicc Buddy 40 | Ice Cream","thicc40-icecream","Primary","MG162-4","Bay",144,"yes","no","yes","2025-09-23 16:26:25"
"Universal Buddy | Ohio State Buckeyes | Drip","uni-ohiostatedrip","Primary","MG164-3","Bay",100,"yes","no","yes","2025-09-23 16:16:46"
"Universal Buddy | Oklahoma Sooners | Drip","uni-oklahomadrip","Primary","MG140-4","Bay",200,"yes","no","yes","2025-09-23 16:07:19"
"Universal Buddy | Oregon Ducks | Drip","uni-oregondrip","Primary","MG155-3","Bay",600,"yes","no","yes","2025-09-23 16:04:18"
"Universal Buddy | Penn State Nittany Lions | Legacy","uni-pennstate3d","Primary","ME161-3","Bay",100,"yes","no","yes","2025-09-23 16:01:48"
"Universal Buddy | Florida State Seminoles | Drip","uni-floridastatedrip","Primary","CC135-2","Bay",200,"yes","no","yes","2025-09-23 15:51:05"
"Universal Buddy | Florida Gators | Drip","uni-floridadrip","Primary","CD128-4","Bay",200,"yes","no","yes","2025-09-23 15:47:15"
"Universal Buddy | Indiana Hoosiers | Drip","uni-indianadrip","Primary","CF124-3","Bay",175,"yes","no","yes","2025-09-23 15:41:51"
"Universal Buddy | Oregon Ducks | Drip","uni-oregondrip","Primary","MI142-3","Bay",200,"yes","no","yes","2025-09-23 15:37:57"
"Universal Buddy | Oklahoma Sooners | Drip","uni-oklahomadrip","Primary","MG105-1","Floor",97,"yes","yes","yes","2025-09-23 14:53:38"
"Universal Buddy | Ohio State Buckeyes | Drip","uni-ohiostatedrip","Primary","MG107-1","Floor",97,"yes","yes","yes","2025-09-23 14:40:32"
"Universal Buddy | Florida State Seminoles | Drip","uni-floridastatedrip","Primary","MG109-1","Floor",157,"yes","yes","yes","2025-09-23 14:38:13"
"Universal Buddy | Penn State Nittany Lions | Drip","uni-pennstatedrip","Primary","MG166-1","Floor",522,"yes","yes","yes","2025-09-23 14:26:34"
"Universal Buddy | Alabama Crimson Tide | Drip","uni-alabamadrip","Primary","MF146-3","Bay",600,"yes","no","yes","2025-09-23 14:24:31"
"Universal Buddy | Alabama Crimson Tide | Drip","uni-alabamadrip","Primary","MG164-1","Floor",425,"yes","yes","yes","2025-09-23 13:36:43"
"Universal Buddy | Indiana Hoosiers | Drip","uni-indianadrip","Primary","MF164-1","Floor",534,"yes","yes","yes","2025-09-23 13:23:33"
"Universal Buddy | Kentucky Wildcats | Drip","uni-kentuckydrip","Primary","MG139-4","Bay",600,"yes","no","yes","2025-09-23 13:19:18"
"Universal Buddy | Kentucky Wildcats | Drip","uni-kentuckydrip","Primary","MJ123-2","Bay",600,"yes","no","yes","2025-09-23 13:16:43"
"Universal Buddy | Penn State Nittany Lions | Legacy","uni-pennstate3d","Primary","MJ125-2","Bay",600,"yes","no","yes","2025-09-23 13:11:06"
"Universal Buddy | Kentucky Wildcats | Drip","uni-kentuckydrip","Primary","MG147-1","Floor",90,"yes","yes","yes","2025-09-23 12:53:56"
"Universal Buddy | LSU Tigers | Drip","uni-lsudrip","Primary","MF143-1","Floor",242,"yes","yes","yes","2025-09-23 12:46:52"
"Universal Buddy | Penn State Nittany Lions | Drip","uni-pennstatedrip","Primary","CF136-2","Bay",75,"yes","no","yes","2025-09-22 21:50:25"
"Universal Buddy | Alabama Crimson Tide | Drip","uni-alabamadrip","Primary","MG141-4","Bay",100,"yes","no","yes","2025-09-22 21:41:17"
"Universal Buddy | Kentucky Wildcats | Drip","uni-kentuckydrip","Primary","MF127-3","Bay",200,"yes","no","yes","2025-09-22 21:37:07"
"Thicc Buddy 40 | Gunmetal Glory","thicc40-gunmetalglory","Primary","MI157-4","Bay",144,"yes","no","yes","2025-09-22 19:52:54"
"Universal Buddy | LSU Tigers | Drip","uni-lsudrip","Primary","MJ152-4","Bay",600,"yes","no","yes","2025-09-22 17:36:26"
"Universal Buddy | Florida Gators | Drip","uni-floridadrip","Primary","MJ156-4","Bay",600,"yes","no","yes","2025-09-22 16:56:53"
"Thicc Buddy 40 | Gunmetal Glory","thicc40-gunmetalglory","Primary","MI145-3","Bay",144,"yes","no","yes","2025-09-22 16:56:17"
"Replacement Silicone | To-Go Buddy | Aurora","togorubber-aurora","Primary","MA134-2","Bin",44,"yes","yes","yes","2025-09-22 15:14:34"
"Replacement Silicone | To-Go Buddy | Donuts","togorubber-donuts","Primary","MA134-2","Bin",49,"yes","yes","yes","2025-09-22 15:13:51"
"Universal Buddy | New York Yankees Jersey","c-c-white-mlb-yankees-jersey-uni","Primary","WC BULK 1","Floor",123,"yes","yes","yes","2025-09-21 21:57:42"
"Replacement Silicone | Thicc Buddy 50 | Ballet Slipper","thicc50rubber-balletslipper","Primary","MA166-3","Bin",82,"yes","yes","yes","2025-09-20 15:10:26"
"Thicc Buddy 40 | Rocky Top","thicc40-rockytop","Primary","MF120-2","Bay",144,"yes","no","yes","2025-09-18 14:12:02"
"To-Go Buddy | White","togo30-white","Primary","CA128-3","Bay",400,"yes","no","yes","2025-09-17 16:43:26"
"Universal Buddy | White","uni-allwhite","Primary","CA127-4","Bay",600,"yes","no","yes","2025-09-17 16:22:26"
"Universal Buddy | White","uni-allwhite","Primary","CA127-3","Bay",600,"yes","no","yes","2025-09-17 16:16:23"
"Universal Buddy | White","uni-allwhite","Primary","CA127-2","Bay",600,"yes","no","yes","2025-09-17 15:54:37"
"Universal Buddy | White","uni-allwhite","Primary","CA125-4","Bay",600,"yes","no","yes","2025-09-17 14:11:35"
"Universal Buddy | White","uni-allwhite","Primary","CA123-4","Bay",600,"yes","no","yes","2025-09-17 14:05:22"
"Universal Buddy | White","uni-allwhite","Primary","CA125-3","Bay",600,"yes","no","yes","2025-09-17 13:59:00"
"Universal Buddy | White","uni-allwhite","Primary","CA125-2","Bay",600,"yes","no","yes","2025-09-17 13:41:01"
"To-Go Buddy | Crimson","togo30-crimson","Primary","CA137-2","Bay",400,"yes","no","yes","2025-09-16 21:36:21"
"To-Go Buddy | Black","togo30-black","Primary","CA133-4","Bay",400,"yes","no","yes","2025-09-16 21:18:53"
"Universal Buddy | Nebula","uni-nebula","Primary","CA115-3","Bay",350,"yes","no","yes","2025-09-16 20:56:37"
"Thicc Buddy | Blue Ice Cream 40oz","thicc40-icecreamblue","Primary","ME115-4","Bay",144,"yes","no","yes","2025-09-16 20:47:05"
"To-Go Buddy | Navy","togo30-navy","Primary","CA138-3","Bay",400,"yes","no","yes","2025-09-16 20:34:47"
"To-Go Buddy | Black","togo30-black","Primary","CA129-4","Bay",400,"yes","no","yes","2025-09-16 20:24:52"
"To-Go Buddy | Nebula","togo30-nebula","Primary","CA138-1","Floor",425,"yes","no","yes","2025-09-16 20:20:56"
"To-Go Buddy | Black","togo30-black","Primary","CA129-3","Bay",400,"yes","no","yes","2025-09-16 20:11:28"
"Universal Buddy | Red","uni-red1","Primary","CA117-4","Bay",600,"yes","no","yes","2025-09-16 19:47:45"
"Universal Buddy | Red","uni-red1","Primary","CA117-3","Bay",600,"yes","no","yes","2025-09-16 19:42:34"
"To-Go Buddy | Orange","togo30-orange","Primary","CA136-1","Floor",400,"yes","no","yes","2025-09-16 18:38:14"
"Universal Buddy | Black","uni-black","Primary","Unboxing","Shelf",600,"yes","no","yes","2025-09-16 17:23:52"
"Frost Budz | Tennessee Vols","budz-tennesseevols-logo3","Primary","MB143-4","Bay",700,"yes","no","yes","2025-09-16 16:43:50"
"Frost Budz | Tennessee Vols","budz-tennesseevols-logo3","Primary","MBC106-10","Bin",121,"yes","yes","yes","2025-09-16 16:43:29"
"Frost Budz | Tennessee Vols","budz-tennesseevols-logo4","Primary","MB143-4","Bay",600,"yes","no","yes","2025-09-16 16:41:46"
"Frost Budz | Tennessee Vols","budz-tennesseevols-logo2","Primary","MB143-4","Bay",600,"yes","no","yes","2025-09-16 16:41:07"
"Frost Budz | Tennessee Vols","budz-tennesseevols-logo","Primary","MB143-4","Bay",600,"yes","no","yes","2025-09-16 16:40:45"
"Frost Budz | Alabama Crimson Tide","budz-alabamacrimsontide-logo4","Primary","MB143-4","Bay",200,"yes","no","yes","2025-09-16 16:40:05"
"Frost Budz | Alabama Crimson Tide","budz-alabamacrimsontide-logo3","Primary","MB143-4","Bay",200,"yes","no","yes","2025-09-16 16:39:42"
"Frost Budz | Alabama Crimson Tide","budz-alabamacrimsontide-logo2","Primary","MB143-4","Bay",200,"yes","no","yes","2025-09-16 16:39:07"
"Frost Budz | Alabama Crimson Tide","budz-alabamacrimsontide-logo","Primary","MB143-4","Bay",200,"yes","no","yes","2025-09-16 16:38:46"
"Frost Budz | Oklahoma Sooners","budz-oklahomasooners-logo4","Primary","MB143-4","Bay",800,"yes","no","yes","2025-09-16 16:38:04"
"Frost Budz | Oklahoma Sooners","budz-oklahomasooners-logo3","Primary","MB143-4","Bay",800,"yes","no","yes","2025-09-16 16:37:36"
"Frost Budz | Oklahoma Sooners","budz-oklahomasooners-logo2","Primary","MB143-4","Bay",800,"yes","no","yes","2025-09-16 16:37:11"
"Frost Budz | Oklahoma Sooners","budz-oklahomasooners-logo","Primary","MB143-4","Bay",800,"yes","no","yes","2025-09-16 16:36:49"
"Frost Budz | Kansas Jayhawks","budz-kansasjayhawks-logo4","Primary","MB143-4","Bay",700,"yes","no","yes","2025-09-16 16:36:19"
"Frost Budz | Kansas Jayhawks","budz-kansasjayhawks-logo3","Primary","MB143-4","Bay",700,"yes","no","yes","2025-09-16 16:35:57"
"Frost Budz | Kansas Jayhawks","budz-kansasjayhawks-logo2","Primary","MB143-4","Bay",700,"yes","no","yes","2025-09-16 16:35:27"
"Frost Budz | Kansas Jayhawks","budz-kansasjayhawks-logo","Primary","MB143-4","Bay",700,"yes","no","yes","2025-09-16 16:34:48"
"Frost Budz | Indiana Hoosiers","budz-indianahoosiers-logo4","Primary","MB143-4","Bay",600,"yes","no","yes","2025-09-16 16:34:16"
"Frost Budz | Indiana Hoosiers","budz-indianahoosiers-logo3","Primary","MB143-4","Bay",600,"yes","no","yes","2025-09-16 16:33:53"
"Frost Budz | Indiana Hoosiers","budz-indianahoosiers-logo2","Primary","MB143-4","Bay",600,"yes","no","yes","2025-09-16 16:33:32"
"Frost Budz | Indiana Hoosiers","budz-indianahoosiers-logo","Primary","MB143-4","Bay",600,"yes","no","yes","2025-09-16 16:33:06"
"Frost Budz | Florida Gators","budz-floridagators-logo4","Primary","MB143-4","Bay",700,"yes","no","yes","2025-09-16 16:30:56"
"Frost Budz | Florida Gators","budz-floridagators-logo4","Primary","MBC105-5","Bin",45,"yes","yes","yes","2025-09-16 16:30:11"
"Frost Budz | Florida Gators","budz-floridagators-logo","Primary","MB143-4","Bay",700,"yes","no","yes","2025-09-16 16:25:30"
"Frost Budz | Florida Gators","budz-floridagators-logo2","Primary","MB143-4","Bay",755,"yes","no","yes","2025-09-16 16:25:03"
"Frost Budz | Florida Gators","budz-floridagators-logo3","Primary","MB143-4","Bay",765,"yes","no","yes","2025-09-16 16:24:33"
"Universal Buddy | Dark Night","uni-darknight","Primary","CA111-4","Bay",600,"yes","no","yes","2025-09-16 16:20:17"
"Frost Budz | Mississippi State Bulldogs","budz-mississippistatebulldogs-logo4","Primary","MB145-4","Bay",800,"yes","no","yes","2025-09-16 16:16:37"
"Frost Budz | Mississippi State Bulldogs","budz-mississippistatebulldogs-logo3","Primary","MB145-4","Bay",800,"yes","no","yes","2025-09-16 16:15:38"
"Frost Budz | Mississippi State Bulldogs","budz-mississippistatebulldogs-logo2","Primary","MB145-4","Bay",800,"yes","no","yes","2025-09-16 16:15:14"
"Frost Budz | Mississippi State Bulldogs","budz-mississippistatebulldogs-logo","Primary","MB145-4","Bay",800,"yes","no","yes","2025-09-16 16:14:51"
"Frost Budz | Oklahoma State Cowboys","budz-oklahomastatecowboys-logo4","Primary","MB145-4","Bay",900,"yes","no","yes","2025-09-16 16:14:14"
"Frost Budz | Oklahoma State Cowboys","budz-oklahomastatecowboys-logo3","Primary","MB145-4","Bay",900,"yes","no","yes","2025-09-16 16:13:43"
"Frost Budz | Oklahoma State Cowboys","budz-oklahomastatecowboys-logo2","Primary","MB145-4","Bay",900,"yes","no","yes","2025-09-16 16:13:17"
"Frost Budz | Oklahoma State Cowboys","budz-oklahomastatecowboys-logo","Primary","MB145-4","Bay",900,"yes","no","yes","2025-09-16 16:12:42"
"Frost Budz | Ohio State Buckeyes","budz-ohiostatebuckeyes-logo4","Primary","MB145-4","Bay",700,"yes","no","yes","2025-09-16 16:11:49"
"Frost Budz | Ohio State Buckeyes","budz-ohiostatebuckeyes-logo3","Primary","MB145-4","Bay",700,"yes","no","yes","2025-09-16 16:11:08"
"Frost Budz | Ohio State Buckeyes","budz-ohiostatebuckeyes-logo2","Primary","MB145-4","Bay",740,"yes","no","yes","2025-09-16 16:10:04"
"Frost Budz | Ohio State Buckeyes","budz-ohiostatebuckeyes-logo","Primary","MB145-4","Bay",770,"yes","no","yes","2025-09-16 16:09:34"
"Frost Budz | West Virginia Mtneers","budz-westvirginiamtneers-logo4","Primary","MB145-4","Bay",800,"yes","no","yes","2025-09-16 16:04:44"
"Frost Budz | West Virginia Mtneers","budz-westvirginiamtneers-logo3","Primary","MB145-4","Bay",800,"yes","no","yes","2025-09-16 16:04:03"
"Frost Budz | West Virginia Mtneers","budz-westvirginiamtneers-logo2","Primary","MB145-4","Bay",800,"yes","no","yes","2025-09-16 16:03:28"
"Frost Budz | West Virginia Mtneers","budz-westvirginiamtneers-logo","Primary","MB145-4","Bay",850,"yes","no","yes","2025-09-16 16:02:15"
"Frost Budz | Louisville Cardinals","budz-louisvillecardinals-logo4","Primary","MB145-4","Bay",800,"yes","no","yes","2025-09-16 16:01:26"
"Frost Budz | Louisville Cardinals","budz-louisvillecardinals-logo3","Primary","MB145-4","Bay",800,"yes","no","yes","2025-09-16 16:01:01"
"Frost Budz | Louisville Cardinals","budz-louisvillecardinals-logo2","Primary","MB145-4","Bay",800,"yes","no","yes","2025-09-16 16:00:32"
"Frost Budz | Louisville Cardinals","budz-louisvillecardinals-logo","Primary","MB145-4","Bay",800,"yes","no","yes","2025-09-16 16:00:08"
"Frost Budz | LSU Tigers","budz-lsutigers-logo4","Primary","MB145-4","Bay",900,"yes","no","yes","2025-09-16 15:58:15"
"Frost Budz | LSU Tigers","budz-lsutigers-logo3","Primary","MB145-4","Bay",900,"yes","no","yes","2025-09-16 15:57:34"
"Frost Budz | LSU Tigers","budz-lsutigers-logo2","Primary","MB145-4","Bay",900,"yes","no","yes","2025-09-16 15:57:08"
"Frost Budz | LSU Tigers","budz-lsutigers-logo","Primary","MB145-4","Bay",900,"yes","no","yes","2025-09-16 15:56:00"
"Frost Budz | Virginia Tech Hokies","budz-virginiatechhokies-logo4","Primary","MB147-4","Bay",900,"yes","no","yes","2025-09-16 15:34:25"
"Frost Budz | Virginia Tech Hokies","budz-virginiatechhokies-logo3","Primary","MB147-4","Bay",900,"yes","no","yes","2025-09-16 15:26:32"
"Frost Budz | Virginia Tech Hokies","budz-virginiatechhokies-logo2","Primary","MB147-4","Bay",900,"yes","no","yes","2025-09-16 15:26:08"
"Frost Budz | Virginia Tech Hokies","budz-virginiatechhokies-logo","Primary","MB147-4","Bay",900,"yes","no","yes","2025-09-16 15:25:47"
"Frost Budz | Michigan Wolverines","budz-michiganwolverines-logo2","Primary","MB147-4","Bay",720,"yes","no","yes","2025-09-16 15:25:05"
"Frost Budz | Michigan Wolverines","budz-michiganwolverines-logo","Primary","MB147-4","Bay",670,"yes","no","yes","2025-09-16 15:24:46"
"Frost Budz | Illinois Fighting Illini","budz-illionoisfightingillini-logo4","Primary","MB147-4","Bay",900,"yes","no","yes","2025-09-16 15:23:44"
"Frost Budz | Illinois Fighting Illini","budz-illionoisfightingillini-logo3","Primary","MB147-4","Bay",900,"yes","no","yes","2025-09-16 15:23:10"
"Frost Budz | Illinois Fighting Illini","budz-illionoisfightingillini-logo2","Primary","MB147-4","Bay",900,"yes","no","yes","2025-09-16 15:22:39"
"Frost Budz | Illinois Fighting Illini","budz-illionoisfightingillini-logo","Primary","MB147-4","Bay",900,"yes","no","yes","2025-09-16 15:22:15"
"Frost Budz | UNC Tarheels","budz-unctarheels-logo4","Primary","MB147-4","Bay",700,"yes","no","yes","2025-09-16 14:55:43"
"Frost Budz | UNC Tarheels","budz-unctarheels-logo3","Primary","MB147-4","Bay",800,"yes","no","yes","2025-09-16 14:55:04"
"Frost Budz | UNC Tarheels","budz-unctarheels-logo2","Primary","MB147-4","Bay",700,"yes","no","yes","2025-09-16 14:54:39"
"Frost Budz | UNC Tarheels","budz-unctarheels-logo","Primary","MB147-4","Bay",660,"yes","no","yes","2025-09-16 14:53:57"
"Frost Budz | South Carolina Gamecocks","budz-southcarolinagamecocks-logo4","Primary","MB147-4","Bay",800,"yes","no","yes","2025-09-16 14:53:19"
"Frost Budz | South Carolina Gamecocks","budz-southcarolinagamecocks-logo3","Primary","MB147-4","Bay",800,"yes","no","yes","2025-09-16 14:52:52"
"Frost Budz | South Carolina Gamecocks","budz-southcarolinagamecocks-logo2","Primary","MB147-4","Bay",800,"yes","no","yes","2025-09-16 14:52:23"
"Frost Budz | South Carolina Gamecocks","budz-southcarolinagamecocks-logo","Primary","MB147-4","Bay",800,"yes","no","yes","2025-09-16 14:51:50"
"Frost Budz | Auburn Tigers","budz-auburntigers-logo4","Primary","MB147-4","Bay",498,"yes","no","yes","2025-09-16 14:50:26"
"Frost Budz | Auburn Tigers","budz-auburntigers-logo3","Primary","MB147-4","Bay",598,"yes","no","yes","2025-09-16 14:49:56"
"Frost Budz | Auburn Tigers","budz-auburntigers-logo2","Primary","MB147-4","Bay",531,"yes","no","yes","2025-09-16 14:48:01"
"Frost Budz | Auburn Tigers","budz-auburntigers-logo","Primary","MB147-4","Bay",501,"yes","no","yes","2025-09-16 14:47:17"
"Frost Budz | Clemson Tigers","budz-clemsontigers-logo4","Primary","MB149-4","Bay",837,"yes","no","yes","2025-09-16 14:38:53"
"Frost Budz | Clemson Tigers","budz-clemsontigers-logo3","Primary","MB149-4","Bay",800,"yes","no","yes","2025-09-16 14:38:29"
"Frost Budz | Clemson Tigers","budz-clemsontigers-logo2","Primary","MB149-4","Bay",800,"yes","no","yes","2025-09-16 14:38:07"
"Frost Budz | Clemson Tigers","budz-clemsontigers-logo","Primary","MB149-4","Bay",800,"yes","no","yes","2025-09-16 14:37:45"
"Frost Budz | Penn State Nittany Lions","budz-pennstatenittanylions-logo4","Primary","MB149-4","Bay",800,"yes","no","yes","2025-09-16 14:37:13"
"Frost Budz | Penn State Nittany Lions","budz-pennstatenittanylions-logo3","Primary","MB149-4","Bay",800,"yes","no","yes","2025-09-16 14:36:37"
"Frost Budz | Penn State Nittany Lions","budz-pennstatenittanylions-logo2","Primary","MB149-4","Bay",800,"yes","no","yes","2025-09-16 14:36:14"
"Frost Budz | Penn State Nittany Lions","budz-pennstatenittanylions-logo","Primary","MB149-4","Bay",800,"yes","no","yes","2025-09-16 14:35:36"
"Frost Budz | Iowa Hawkeyes","budz-iowahawkeyes-logo4","Primary","MB149-4","Bay",800,"yes","no","yes","2025-09-16 14:34:24"
"Frost Budz | Iowa Hawkeyes","budz-iowahawkeyes-logo3","Primary","MB149-4","Bay",800,"yes","no","yes","2025-09-16 14:34:02"
"Frost Budz | Iowa Hawkeyes","budz-iowahawkeyes-logo2","Primary","MB149-4","Bay",800,"yes","no","yes","2025-09-16 14:33:38"
"Frost Budz | Iowa Hawkeyes","budz-iowahawkeyes-logo","Primary","MB149-4","Bay",800,"yes","no","yes","2025-09-16 14:32:27"
"Frost Budz | Michigan State Spartans","budz-michiganstatespartans-logo4","Primary","MB149-4","Bay",800,"yes","no","yes","2025-09-16 14:31:36"
"Frost Budz | Michigan State Spartans","budz-michiganstatespartans-logo3","Primary","MB149-4","Bay",800,"yes","no","yes","2025-09-16 14:27:24"
"Frost Budz | Michigan State Spartans","budz-michiganstatespartans-logo2","Primary","MB149-4","Bay",800,"yes","no","yes","2025-09-16 14:27:00"
"Frost Budz | Michigan State Spartans","budz-michiganstatespartans-logo","Primary","MB149-4","Bay",800,"yes","no","yes","2025-09-16 14:26:33"
"Frost Budz | Oregon Ducks","budz-oregonducks-logo4","Primary","MB149-4","Bay",900,"yes","no","yes","2025-09-16 14:25:55"
"Frost Budz | Oregon Ducks","budz-oregonducks-logo3","Primary","MB151-4","Bay",778,"yes","no","yes","2025-09-16 14:25:33"
"Frost Budz | Oregon Ducks","budz-oregonducks-logo2","Primary","MB151-4","Bay",800,"yes","no","yes","2025-09-16 14:25:12"
"Frost Budz | Oregon Ducks","budz-oregonducks-logo","Primary","MB149-4","Bay",800,"yes","no","yes","2025-09-16 14:24:52"
"Frost Budz | Florida State Seminoles","budz-floridastateseminoles-logo4","Primary","MB149-4","Bay",800,"yes","no","yes","2025-09-16 14:23:45"
"Frost Budz | Florida State Seminoles","budz-floridastateseminoles-logo3","Primary","MB149-4","Bay",800,"yes","no","yes","2025-09-16 14:23:11"
"Frost Budz | Florida State Seminoles","budz-floridastateseminoles-logo2","Primary","MB149-4","Bay",800,"yes","no","yes","2025-09-16 14:21:20"
"Frost Budz | Florida State Seminoles","budz-floridastateseminoles-logo","Primary","MB149-4","Bay",800,"yes","no","yes","2025-09-16 14:19:48"
"Frost Budz | Georgia Bulldogs","budz-georgiabulldogs-logo4","Primary","MBC106-1","Bin",54,"yes","yes","yes","2025-09-16 14:16:29"
"Frost Budz | Georgia Bulldogs","budz-georgiabulldogs-logo2","Primary","MBC105-1","Bin",51,"yes","yes","yes","2025-09-16 14:15:25"
"Frost Budz | Georgia Bulldogs","budz-georgiabulldogs-logo3","Primary","MBC106-2","Bin",15,"yes","yes","yes","2025-09-16 14:14:49"
"Frost Budz | Georgia Bulldogs","budz-georgiabulldogs-logo","Primary","MBC105-2","Bin",49,"yes","yes","yes","2025-09-16 14:13:55"
"Frost Budz | UVA Cavaliers","budz-uvacavaliers-logo4","Primary","MAB106-1","Bin",18,"yes","yes","yes","2025-09-16 14:10:08"
"Frost Budz | UVA Cavaliers","budz-uvacavaliers-logo3","Primary","MAB105-1","Bin",20,"yes","yes","yes","2025-09-16 14:09:02"
"Frost Budz | UVA Cavaliers","budz-uvacavaliers-logo2","Primary","MAB106-2","Bin",12,"yes","yes","yes","2025-09-16 14:07:30"
"Frost Budz | UVA Cavaliers","budz-uvacavaliers-logo","Primary","MAB105-2","Bin",20,"yes","yes","yes","2025-09-16 14:06:37"
"Frost Budz | Nebraska Cornhuskers","budz-nebraskacornhuskers-logo2","Primary","MAB106-3","Bin",36,"yes","yes","yes","2025-09-16 14:05:36"
"Frost Budz | Arkansas Razorbacks","budz-arkansasrazorbacks-logo4","Primary","MB151-4","Bay",800,"yes","no","yes","2025-09-16 14:05:24"
"Frost Budz | Arkansas Razorbacks","budz-arkansasrazorbacks-logo3","Primary","MB151-4","Bay",859,"yes","no","yes","2025-09-16 14:04:48"
"Frost Budz | Arkansas Razorbacks","budz-arkansasrazorbacks-logo2","Primary","MB151-4","Bay",800,"yes","no","yes","2025-09-16 14:04:13"
"Frost Budz | Nebraska Cornhuskers","budz-nebraskacornhuskers-logo","Primary","MAB105-3","Bin",24,"yes","yes","yes","2025-09-16 14:04:05"
"Frost Budz | Arkansas Razorbacks","budz-arkansasrazorbacks-logo","Primary","MB151-4","Bay",800,"yes","no","yes","2025-09-16 14:03:48"
"Frost Budz | Nebraska Cornhuskers","budz-nebraskacornhuskers-logo4","Primary","MAB106-4","Bin",43,"yes","yes","yes","2025-09-16 14:03:04"
"Frost Budz | UVA Cavaliers","budz-uvacavaliers-logo4","Primary","MB151-4","Bay",900,"yes","no","yes","2025-09-16 14:02:48"
"Frost Budz | Arkansas Razorbacks","budz-arkansasrazorbacks-logo","Primary","MAB106-5","Bin",68,"yes","yes","yes","2025-09-16 14:01:41"
"Frost Budz | UVA Cavaliers","budz-uvacavaliers-logo3","Primary","MB151-4","Bay",900,"yes","no","yes","2025-09-16 14:01:28"
"Frost Budz | UVA Cavaliers","budz-uvacavaliers-logo2","Primary","MB151-4","Bay",900,"yes","no","yes","2025-09-16 14:01:01"
"Frost Budz | UVA Cavaliers","budz-uvacavaliers-logo","Primary","MB151-4","Bay",900,"yes","no","yes","2025-09-16 14:00:25"
"Frost Budz | Nebraska Cornhuskers","budz-nebraskacornhuskers-logo4","Primary","MB151-4","Bay",800,"yes","no","yes","2025-09-16 13:57:45"
"Frost Budz | Nebraska Cornhuskers","budz-nebraskacornhuskers-logo3","Primary","MB151-4","Bay",800,"yes","no","yes","2025-09-16 13:57:12"
"Frost Budz | Nebraska Cornhuskers","budz-nebraskacornhuskers-logo2","Primary","MB151-4","Bay",800,"yes","no","yes","2025-09-16 13:56:16"
"Frost Budz | Nebraska Cornhuskers","budz-nebraskacornhuskers-logo","Primary","MB151-4","Bay",800,"yes","no","yes","2025-09-16 13:55:40"
"Frost Budz | Iowa State Cyclones","budz-iowastatecyclones-logo4","Primary","MB151-4","Bay",900,"yes","no","yes","2025-09-16 13:54:29"
"Frost Budz | Iowa State Cyclones","budz-iowastatecyclones-logo3","Primary","MB151-4","Bay",900,"yes","no","yes","2025-09-16 13:54:02"
"Frost Budz | Iowa State Cyclones","budz-iowastatecyclones-logo2","Primary","MB151-4","Bay",900,"yes","no","yes","2025-09-16 13:52:51"
"Frost Budz | Iowa State Cyclones","budz-iowastatecyclones-logo","Primary","MB151-4","Bay",900,"yes","no","yes","2025-09-16 13:52:24"
"Frost Budz | Kentucky Wildcats","budz-kentuckywildcats-logo4","Primary","MB151-4","Bay",600,"yes","no","yes","2025-09-16 13:51:41"
"Frost Budz | Kentucky Wildcats","budz-kentuckywildcats-logo3","Primary","MB151-4","Bay",600,"yes","no","yes","2025-09-16 13:51:17"
"Frost Budz | Nebraska Cornhuskers","budz-nebraskacornhuskers-logo3","Primary","MAB105-4","Bin",44,"yes","yes","yes","2025-09-16 13:50:59"
"Frost Budz | Kentucky Wildcats","budz-kentuckywildcats-logo2","Primary","MB151-4","Bay",600,"yes","no","yes","2025-09-16 13:49:08"
"Frost Budz | Arkansas Razorbacks","budz-arkansasrazorbacks-logo2","Primary","MAB105-5","Bin",73,"yes","yes","yes","2025-09-16 13:48:48"
"Frost Budz | Kentucky Wildcats","budz-kentuckywildcats-logo","Primary","MB151-4","Bay",600,"yes","no","yes","2025-09-16 13:48:28"
"Frost Budz | Georgia Bulldogs","budz-georgiabulldogs-logo4","Primary","MB151-4","Bay",500,"yes","no","yes","2025-09-16 13:47:47"
"Frost Budz | Georgia Bulldogs","budz-georgiabulldogs-logo3","Primary","MB151-4","Bay",500,"yes","no","yes","2025-09-16 13:47:14"
"Frost Budz | Georgia Bulldogs","budz-georgiabulldogs-logo2","Primary","MB151-4","Bay",500,"yes","no","yes","2025-09-16 13:46:40"
"Frost Budz | Arkansas Razorbacks","budz-arkansasrazorbacks-logo4","Primary","MAB106-6","Bin",19,"yes","yes","yes","2025-09-16 13:46:23"
"Frost Budz | Georgia Bulldogs","budz-georgiabulldogs-logo","Primary","MB151-4","Bay",500,"yes","no","yes","2025-09-16 13:46:11"
"Frost Budz | Arkansas Razorbacks","budz-arkansasrazorbacks-logo3","Primary","MAB105-6","Bin",13,"yes","yes","yes","2025-09-16 13:45:16"
"Frost Budz | Kentucky Wildcats","budz-kentuckywildcats-logo4","Primary","MAB106-7","Bin",57,"yes","yes","yes","2025-09-16 13:44:37"
"Frost Budz | Kentucky Wildcats","budz-kentuckywildcats-logo2","Primary","MAB105-7","Bin",54,"yes","yes","yes","2025-09-16 13:43:31"
"Frost Budz | Kentucky Wildcats","budz-kentuckywildcats-logo3","Primary","MAB106-8","Bin",57,"yes","yes","yes","2025-09-16 13:42:41"
"Frost Budz | Kentucky Wildcats","budz-kentuckywildcats-logo","Primary","MAB105-8","Bin",42,"yes","yes","yes","2025-09-16 13:41:29"
"Frost Budz | Mississippi State Bulldogs","budz-mississippistatebulldogs-logo3","Primary","MAB106-9","Bin",69,"yes","yes","yes","2025-09-16 13:39:27"
"Frost Budz | Mississippi State Bulldogs","budz-mississippistatebulldogs-logo4","Primary","MAB105-9","Bin",66,"yes","yes","yes","2025-09-16 13:38:00"
"Frost Budz | Mississippi State Bulldogs","budz-mississippistatebulldogs-logo2","Primary","MAB106-10","Bin",65,"yes","yes","yes","2025-09-16 13:35:33"
"Frost Budz | Mississippi State Bulldogs","budz-mississippistatebulldogs-logo","Primary","MAB105-10","Bin",72,"yes","yes","yes","2025-09-16 13:34:43"
"Frost Budz | Iowa State Cyclones","budz-iowastatecyclones-logo","Primary","MAB104-1","Bin",31,"yes","yes","yes","2025-09-16 13:29:26"
"Frost Budz | Iowa State Cyclones","budz-iowastatecyclones-logo4","Primary","MAB103-1","Bin",30,"yes","yes","yes","2025-09-16 13:28:12"
"Frost Budz | Iowa State Cyclones","budz-iowastatecyclones-logo2","Primary","MAB102-1","Bin",30,"yes","yes","yes","2025-09-16 13:26:52"
"Frost Budz | Iowa State Cyclones","budz-iowastatecyclones-logo3","Primary","MAB101-1","Bin",30,"yes","yes","yes","2025-09-16 13:25:29"
"Frost Budz | Ohio State Buckeyes","budz-ohiostatebuckeyes-logo4","Primary","MAB104-2","Bin",103,"yes","yes","yes","2025-09-16 13:10:49"
"Frost Budz | Ohio State Buckeyes","budz-ohiostatebuckeyes-logo3","Primary","MAB103-2","Bin",104,"yes","yes","yes","2025-09-16 13:09:59"
"Frost Budz | Ohio State Buckeyes","budz-ohiostatebuckeyes-logo","Primary","MAB102-2","Bin",32,"yes","yes","yes","2025-09-16 13:09:01"
"Frost Budz | Ohio State Buckeyes","budz-ohiostatebuckeyes-logo2","Primary","MAB101-2","Bin",67,"yes","yes","yes","2025-09-16 13:08:01"
"Frost Budz | West Virginia Mtneers","budz-westvirginiamtneers-logo4","Primary","MAB104-3","Bin",101,"yes","yes","yes","2025-09-16 13:07:07"
"Frost Budz | West Virginia Mtneers","budz-westvirginiamtneers-logo3","Primary","MAB103-3","Bin",97,"yes","yes","yes","2025-09-16 13:06:04"
"Frost Budz | West Virginia Mtneers","budz-westvirginiamtneers-logo2","Primary","MAB102-3","Bin",92,"yes","yes","yes","2025-09-16 13:05:22"
"Frost Budz | West Virginia Mtneers","budz-westvirginiamtneers-logo","Primary","MAB101-3","Bin",40,"yes","yes","yes","2025-09-16 13:04:28"
"Frost Budz | Louisville Cardinals","budz-louisvillecardinals-logo4","Primary","MAB104-4","Bin",106,"yes","yes","yes","2025-09-16 13:03:47"
"Frost Budz | Louisville Cardinals","budz-louisvillecardinals-logo2","Primary","MAB103-4","Bin",109,"yes","yes","yes","2025-09-16 13:02:48"
"Frost Budz | Louisville Cardinals","budz-louisvillecardinals-logo3","Primary","MAB102-4","Bin",100,"yes","yes","yes","2025-09-16 13:01:42"
"Frost Budz | Louisville Cardinals","budz-louisvillecardinals-logo","Primary","MAB101-4","Bin",12,"yes","yes","yes","2025-09-16 13:00:41"
"Frost Budz | LSU Tigers","budz-lsutigers-logo4","Primary","MAB104-5","Bin",36,"yes","yes","yes","2025-09-16 12:57:51"
"Frost Budz | LSU Tigers","budz-lsutigers-logo3","Primary","MAB103-5","Bin",29,"yes","yes","yes","2025-09-16 12:57:03"
"Frost Budz | LSU Tigers","budz-lsutigers-logo","Primary","MAB102-5","Bin",29,"yes","yes","yes","2025-09-16 12:56:05"
"Frost Budz | LSU Tigers","budz-lsutigers-logo2","Primary","MAB101-5","Bin",33,"yes","yes","yes","2025-09-16 12:55:28"
"Frost Budz | Oklahoma State Cowboys","budz-oklahomastatecowboys-logo","Primary","MAB104-6","Bin",29,"yes","yes","yes","2025-09-16 12:54:32"
"Frost Budz | Oklahoma State Cowboys","budz-oklahomastatecowboys-logo2","Primary","MAB103-6","Bin",28,"yes","yes","yes","2025-09-16 12:53:53"
"Frost Budz | Oklahoma State Cowboys","budz-oklahomastatecowboys-logo3","Primary","MAB102-6","Bin",24,"yes","yes","yes","2025-09-16 12:52:55"
"Frost Budz | Oklahoma State Cowboys","budz-oklahomastatecowboys-logo4","Primary","MAB101-6","Bin",24,"yes","yes","yes","2025-09-16 12:51:33"
"Frost Budz | Oregon Ducks","budz-oregonducks-logo2","Primary","MAB104-7","Bin",50,"yes","yes","yes","2025-09-16 12:50:53"
"Frost Budz | Oregon Ducks","budz-oregonducks-logo3","Primary","MAB103-7","Bin",48,"yes","yes","yes","2025-09-16 12:50:10"
"Frost Budz | Oregon Ducks","budz-oregonducks-logo","Primary","MAB102-7","Bin",44,"yes","yes","yes","2025-09-16 12:49:25"
"Frost Budz | Oregon Ducks","budz-oregonducks-logo4","Primary","MAB101-7","Bin",43,"yes","yes","yes","2025-09-16 12:48:39"
"Frost Budz | Florida State Seminoles","budz-floridastateseminoles-logo2","Primary","MAB104-8","Bin",52,"yes","yes","yes","2025-09-16 12:47:22"
"Frost Budz | Florida State Seminoles","budz-floridastateseminoles-logo3","Primary","MAB103-8","Bin",51,"yes","yes","yes","2025-09-16 12:43:36"
"Frost Budz | Florida State Seminoles","budz-floridastateseminoles-logo4","Primary","MAB102-8","Bin",51,"yes","yes","yes","2025-09-16 12:42:49"
"Frost Budz | Florida State Seminoles","budz-floridastateseminoles-logo","Primary","MAB101-8","Bin",49,"yes","yes","yes","2025-09-16 12:42:07"
"Frost Budz | Penn State Nittany Lions","budz-pennstatenittanylions-logo","Primary","MAB104-9","Bin",74,"yes","yes","yes","2025-09-16 12:41:18"
"Frost Budz | Penn State Nittany Lions","budz-pennstatenittanylions-logo2","Primary","MAB102-9","Bin",76,"yes","yes","yes","2025-09-16 12:39:08"
"Frost Budz | Penn State Nittany Lions","budz-pennstatenittanylions-logo4","Primary","MAB101-9","Bin",78,"yes","yes","yes","2025-09-16 12:38:29"
"Frost Budz | South Carolina Gamecocks","budz-southcarolinagamecocks-logo3","Primary","MAB104-10","Bin",12,"yes","yes","yes","2025-09-16 12:37:09"
"Frost Budz | South Carolina Gamecocks","budz-southcarolinagamecocks-logo4","Primary","MAB103-10","Bin",8,"yes","yes","yes","2025-09-16 12:34:29"
"Frost Budz | South Carolina Gamecocks","budz-southcarolinagamecocks-logo2","Primary","MAB102-10","Bin",9,"yes","yes","yes","2025-09-16 12:33:47"
"Frost Budz | South Carolina Gamecocks","budz-southcarolinagamecocks-logo","Primary","MAB101-10","Bin",14,"yes","yes","yes","2025-09-16 12:32:59"
"Frost Budz | Alabama Crimson Tide","budz-alabamacrimsontide-logo","Primary","MBC106-3","Bin",62,"yes","yes","yes","2025-09-15 22:11:24"
"Frost Budz | Alabama Crimson Tide","budz-alabamacrimsontide-logo3","Primary","MBC105-3","Bin",47,"yes","yes","yes","2025-09-15 22:09:37"
"Frost Budz | Alabama Crimson Tide","budz-alabamacrimsontide-logo2","Primary","MBC106-4","Bin",41,"yes","yes","yes","2025-09-15 22:09:10"
"Frost Budz | Alabama Crimson Tide","budz-alabamacrimsontide-logo4","Primary","MBC105-4","Bin",70,"yes","yes","yes","2025-09-15 22:08:21"
"Frost Budz | Florida Gators","budz-floridagators-logo2","Primary","MBC106-5","Bin",53,"yes","yes","yes","2025-09-15 22:07:42"
"Frost Budz | Florida Gators","budz-floridagators-logo3","Primary","MBC106-6","Bin",45,"yes","yes","yes","2025-09-15 22:07:04"
"Frost Budz | Florida Gators","budz-floridagators-logo","Primary","MBC105-6","Bin",39,"yes","yes","yes","2025-09-15 22:06:28"
"Frost Budz | Oklahoma Sooners","budz-oklahomasooners-logo4","Primary","MBC106-7","Bin",30,"yes","yes","yes","2025-09-15 22:05:49"
"Frost Budz | Oklahoma Sooners","budz-oklahomasooners-logo2","Primary","MBC105-7","Bin",24,"yes","yes","yes","2025-09-15 22:04:10"
"Frost Budz | Oklahoma Sooners","budz-oklahomasooners-logo","Primary","MBC106-8","Bin",85,"yes","yes","yes","2025-09-15 22:03:31"
"Frost Budz | Oklahoma Sooners","budz-oklahomasooners-logo3","Primary","MBC105-8","Bin",21,"yes","yes","yes","2025-09-15 22:02:27"
"Frost Budz | Tennessee Vols","budz-tennesseevols-logo4","Primary","MBC106-9","Bin",60,"yes","yes","yes","2025-09-15 22:01:54"
"Frost Budz | Tennessee Vols","budz-tennesseevols-logo","Primary","MBC105-9","Bin",137,"yes","yes","yes","2025-09-15 22:01:22"
"Frost Budz | Tennessee Vols","budz-tennesseevols-logo2","Primary","MBC105-10","Bin",134,"yes","yes","yes","2025-09-15 22:00:11"
"Frost Budz | Indiana Hoosiers","budz-indianahoosiers-logo","Primary","MBC104-1","Bin",33,"yes","yes","yes","2025-09-15 21:59:33"
"Frost Budz | Indiana Hoosiers","budz-indianahoosiers-logo4","Primary","MBC102-1","Bin",53,"yes","yes","yes","2025-09-15 21:57:08"
"Frost Budz | Indiana Hoosiers","budz-indianahoosiers-logo3","Primary","MBC101-1","Bin",42,"yes","yes","yes","2025-09-15 21:56:15"
"Frost Budz | Kansas Jayhawks","budz-kansasjayhawks-logo3","Primary","MBC104-2","Bin",74,"yes","yes","yes","2025-09-15 21:55:31"
"Frost Budz | Kansas Jayhawks","budz-kansasjayhawks-logo4","Primary","MBC103-2","Bin",82,"yes","yes","yes","2025-09-15 21:54:59"
"Frost Budz | Kansas Jayhawks","budz-kansasjayhawks-logo","Primary","MBC102-2","Bin",75,"yes","yes","yes","2025-09-15 21:54:19"
"Frost Budz | Kansas Jayhawks","budz-kansasjayhawks-logo2","Primary","MBC101-2","Bin",80,"yes","yes","yes","2025-09-15 21:53:41"
"Frost Budz | UNC Tarheels","budz-unctarheels-logo3","Primary","MBC104-3","Bin",37,"yes","yes","yes","2025-09-15 21:53:03"
"Frost Budz | UNC Tarheels","budz-unctarheels-logo","Primary","MBC103-3","Bin",37,"yes","yes","yes","2025-09-15 21:52:27"
"Frost Budz | UNC Tarheels","budz-unctarheels-logo2","Primary","MBC102-3","Bin",50,"yes","yes","yes","2025-09-15 21:51:38"
"Frost Budz | UNC Tarheels","budz-unctarheels-logo4","Primary","MBC101-3","Bin",39,"yes","yes","yes","2025-09-15 21:50:41"
"Frost Budz | Illinois Fighting Illini","budz-illionoisfightingillini-logo2","Primary","MBC104-4","Bin",39,"yes","yes","yes","2025-09-15 21:48:08"
"Frost Budz | Illinois Fighting Illini","budz-illionoisfightingillini-logo3","Primary","MBC103-4","Bin",42,"yes","yes","yes","2025-09-15 21:46:50"
"Frost Budz | Illinois Fighting Illini","budz-illionoisfightingillini-logo4","Primary","MBC102-4","Bin",40,"yes","yes","yes","2025-09-15 21:46:00"
"Frost Budz | Illinois Fighting Illini","budz-illionoisfightingillini-logo","Primary","MBC101-4","Bin",40,"yes","yes","yes","2025-09-15 21:45:24"
"Frost Budz | Clemson Tigers","budz-clemsontigers-logo4","Primary","MBC104-5","Bin",89,"yes","yes","yes","2025-09-15 21:45:09"
"Frost Budz | Clemson Tigers","budz-clemsontigers-logo","Primary","MBC103-5","Bin",97,"yes","yes","yes","2025-09-15 21:44:17"
"Frost Budz | Clemson Tigers","budz-clemsontigers-logo2","Primary","MBC102-5","Bin",108,"yes","yes","yes","2025-09-15 21:43:22"
"Frost Budz | Clemson Tigers","budz-clemsontigers-logo3","Primary","MBC101-5","Bin",114,"yes","yes","yes","2025-09-15 21:41:51"
"Frost Budz | Michigan Wolverines","budz-michiganwolverines-logo4","Primary","MBC104-6","Bin",29,"yes","yes","yes","2025-09-15 21:41:15"
"Frost Budz | Michigan Wolverines","budz-michiganwolverines-logo2","Primary","MBC102-6","Bin",32,"yes","yes","yes","2025-09-15 21:39:59"
"Frost Budz | Auburn Tigers","budz-auburntigers-logo4","Primary","MBC104-7","Bin",39,"yes","yes","yes","2025-09-15 21:38:47"
"Frost Budz | Auburn Tigers","budz-auburntigers-logo3","Primary","MBC103-7","Bin",47,"yes","yes","yes","2025-09-15 21:38:10"
"Frost Budz | Auburn Tigers","budz-auburntigers-logo","Primary","MBC102-7","Bin",46,"yes","yes","yes","2025-09-15 21:37:29"
"Frost Budz | Auburn Tigers","budz-auburntigers-logo2","Primary","MBC101-7","Bin",46,"yes","yes","yes","2025-09-15 21:36:49"
"Frost Budz | Michigan State Spartans","budz-michiganstatespartans-logo3","Primary","MBC103-8","Bin",126,"yes","yes","yes","2025-09-15 21:35:24"
"Frost Budz | Michigan State Spartans","budz-michiganstatespartans-logo2","Primary","MBC102-8","Bin",122,"yes","yes","yes","2025-09-15 21:34:45"
"Frost Budz | Michigan State Spartans","budz-michiganstatespartans-logo4","Primary","MBC101-8","Bin",51,"yes","yes","yes","2025-09-15 21:33:33"
"Frost Budz | Iowa Hawkeyes","budz-iowahawkeyes-logo4","Primary","MBC104-9","Bin",49,"yes","yes","yes","2025-09-15 21:32:55"
"Frost Budz | Iowa Hawkeyes","budz-iowahawkeyes-logo3","Primary","MBC103-9","Bin",100,"yes","yes","yes","2025-09-15 21:32:19"
"Frost Budz | Iowa Hawkeyes","budz-iowahawkeyes-logo2","Primary","MBC102-9","Bin",16,"yes","yes","yes","2025-09-15 21:31:37"
"Frost Budz | Virginia Tech Hokies","budz-virginiatechhokies-logo4","Primary","MBC104-10","Bin",45,"yes","yes","yes","2025-09-15 21:30:30"
"Frost Budz | Virginia Tech Hokies","budz-virginiatechhokies-logo3","Primary","MBC103-10","Bin",42,"yes","yes","yes","2025-09-15 21:29:42"
"Frost Budz | Virginia Tech Hokies","budz-virginiatechhokies-logo","Primary","MBC102-10","Bin",45,"yes","yes","yes","2025-09-15 21:29:03"
"Frost Budz | Virginia Tech Hokies","budz-virginiatechhokies-logo2","Primary","MBC101-10","Bin",56,"yes","yes","yes","2025-09-15 21:28:21"
"Frost Budz | Pink Skull","budz-pinkskull","Primary","MEF106-2","Bin",93,"yes","yes","yes","2025-09-15 20:40:42"
"Frost Budz | Crab","budz-crab","Primary","MEF105-2","Bin",62,"yes","yes","yes","2025-09-15 20:39:57"
"Frost Budz | Dragon Book","budz-dragonbook","Primary","MEF104-2","Bin",86,"yes","yes","yes","2025-09-15 20:38:02"
"Frost Budz | Coffee","budz-coffee","Primary","MEF103-2","Bin",41,"yes","yes","yes","2025-09-15 20:36:03"
"Frost Budz | Nail Polish","budz-nailpolish","Primary","MEF102-2","Bin",69,"yes","yes","yes","2025-09-15 20:34:54"
"Frost Budz | Earth","budz-earth","Primary","MEF101-2","Bin",85,"yes","yes","yes","2025-09-15 20:33:41"
"Frost Budz | Leo Symbol","budz-leosymbol","Primary","MEF106-3","Bin",92,"yes","yes","yes","2025-09-15 20:32:35"
"Frost Budz | Mushroom","budz-mushroom","Primary","MEF105-3","Bin",61,"yes","yes","yes","2025-09-15 19:01:08"
"Frost Budz | Evil Eye","budz-evileye","Primary","MEF104-3","Bin",67,"yes","yes","yes","2025-09-15 19:00:20"
"Frost Budz | Nurse Life","budz-nurselife","Primary","MEF102-3","Bin",52,"yes","yes","yes","2025-09-15 18:56:18"
"Frost Budz | Luna Cat","budz-lunacat","Primary","MEF101-3","Bin",79,"yes","yes","yes","2025-09-15 18:55:26"
"Frost Budz | Duck Swag","budz-duckswag","Primary","MEF106-4","Bin",88,"yes","yes","yes","2025-09-15 18:53:29"
"Frost Budz | Aquarius Symbol","budz-aquariussymbol","Primary","MEF105-4","Bin",84,"yes","yes","yes","2025-09-15 18:51:50"
"Frost Budz | K9","budz-k9","Primary","MCD106-1","Bin",57,"yes","yes","yes","2025-09-15 18:48:40"
"Frost Budz | Pineapple","budz-pineapple","Primary","MCD105-1","Bin",60,"yes","yes","yes","2025-09-15 18:47:46"
"Frost Budz | Pisces Symbol","budz-piscessymbol","Primary","MCD104-1","Bin",88,"yes","yes","yes","2025-09-15 18:47:11"
"Frost Budz | Pumpkin","budz-pumpkin","Primary","MCD103-1","Bin",26,"yes","yes","yes","2025-09-15 18:46:03"
"Frost Budz | Lipstick","budz-lipstick","Primary","MCD102-1","Bin",52,"yes","yes","yes","2025-09-15 18:45:06"
"Frost Budz | Magic Ball","budz-magicball","Primary","MCD101-1","Bin",64,"yes","yes","yes","2025-09-15 18:44:28"
"Frost Budz | Kiss","budz-kiss","Primary","MCD106-2","Bin",62,"yes","yes","yes","2025-09-15 18:43:23"
"Frost Budz | Cancer","budz-cancer","Primary","MCD105-2","Bin",100,"yes","yes","yes","2025-09-15 18:42:43"
"Frost Budz | Daisies","budz-daisies","Primary","MCD104-2","Bin",41,"yes","yes","yes","2025-09-15 18:41:38"
"Frost Budz | Avocado","budz-avocado","Primary","MCD103-2","Bin",59,"yes","yes","yes","2025-09-15 18:40:53"
"Frost Budz | Heart Shades","budz-heartshades","Primary","MCD102-2","Bin",68,"yes","yes","yes","2025-09-15 18:39:11"
"Frost Budz | Gemini Symbol","budz-geminisymbol","Primary","MEF103-4","Bin",81,"yes","yes","yes","2025-09-15 18:38:06"
"Frost Budz | Cat Paw","budz-catpaw","Primary","MCD101-2","Bin",77,"yes","yes","yes","2025-09-15 18:38:04"
"Frost Budz | Moon","budz-moon","Primary","MCD106-3","Bin",65,"yes","yes","yes","2025-09-15 18:37:21"
"Frost Budz | Parasaurolophus","budz-parasaurolophus","Primary","MEF102-4","Bin",83,"yes","yes","yes","2025-09-15 18:37:10"
"Frost Budz | Donkey","budz-donkey","Primary","MCD105-3","Bin",63,"yes","yes","yes","2025-09-15 18:36:37"
"Frost Budz | Football","budz-football","Primary","MCD104-3","Bin",78,"yes","yes","yes","2025-09-15 18:35:38"
"Frost Budz | Chicken","budz-chicken","Primary","MCD103-3","Bin",52,"yes","yes","yes","2025-09-15 18:35:03"
"Frost Budz | Fueled by wit & sarcasm","budz-fueledbywitnsarcasm","Primary","MEF106-5","Bin",27,"yes","yes","yes","2025-09-15 18:34:13"
"Frost Budz | Pride Star","budz-pridestar","Primary","MCD102-3","Bin",55,"yes","yes","yes","2025-09-15 18:34:07"
"Frost Budz | Libra","budz-libra","Primary","MEF105-5","Bin",101,"yes","yes","yes","2025-09-15 18:33:27"
"Frost Budz | Police Car","budz-policecar","Primary","MCD101-3","Bin",83,"yes","yes","yes","2025-09-15 18:32:48"
"Frost Budz | Unicorn","budz-unicorn","Primary","MCD106-4","Bin",87,"yes","yes","yes","2025-09-15 18:32:04"
"Frost Budz | Console","budz-console","Primary","MCD105-4","Bin",6,"yes","yes","yes","2025-09-15 18:31:35"
"Frost Budz | Ghoul Read","budz-ghoulread","Primary","MEF104-5","Bin",49,"yes","yes","yes","2025-09-15 18:31:26"
"Frost Budz | Melody","budz-melody","Primary","MCD104-4","Bin",99,"yes","yes","yes","2025-09-15 18:31:02"
"Frost Budz | Silver Letter X","budz-silverx","Primary","MEF103-5","Bin",101,"yes","yes","yes","2025-09-15 18:30:47"
"Frost Budz | Silver Letter N","budz-silvern","Primary","MEF102-5","Bin",70,"yes","yes","yes","2025-09-15 18:30:29"
"Frost Budz | Checkered Daisy","budz-checkereddaisy","Primary","MEF101-5","Bin",53,"yes","yes","yes","2025-09-15 18:29:46"
"Frost Budz | Pink Smiley","budz-pinksmiley","Primary","MCD102-4","Bin",24,"yes","yes","yes","2025-09-15 18:29:32"
"Frost Budz | Aries","budz-aries","Primary","MEF106-6","Bin",103,"yes","yes","yes","2025-09-15 18:28:55"
"Frost Budz | Pizza","budz-pizza","Primary","MCD101-4","Bin",51,"yes","yes","yes","2025-09-15 18:28:47"
"Frost Budz | Silver Letter S","budz-silvers","Primary","MEF105-6","Bin",35,"yes","yes","yes","2025-09-15 18:27:26"
"Frost Budz | Mean Girls Pink","budz-meangirlspink","Primary","MCD106-5","Bin",50,"yes","yes","yes","2025-09-15 18:27:18"
"Frost Budz | Apple","budz-apple","Primary","MCD105-5","Bin",84,"yes","yes","yes","2025-09-15 18:26:32"
"Frost Budz | Silver Letter Q","budz-silverq","Primary","MEF104-6","Bin",97,"yes","yes","yes","2025-09-15 18:26:21"
"Frost Budz | Pig","budz-pig","Primary","MCD104-5","Bin",50,"yes","yes","yes","2025-09-15 18:25:47"
"Frost Budz | Saggitarius Symbol","budz-saggitatiussymbol","Primary","MEF103-6","Bin",88,"yes","yes","yes","2025-09-15 18:25:27"
"Frost Budz | Excavator","budz-excavator","Primary","MCD103-5","Bin",73,"yes","yes","yes","2025-09-15 18:25:12"
"Frost Budz | Flower Spook","budz-flowerspook","Primary","MCD102-5","Bin",63,"yes","yes","yes","2025-09-15 18:24:16"
"Frost Budz | Silver Letter U","budz-silveru","Primary","MCD101-5","Bin",94,"yes","yes","yes","2025-09-15 18:23:33"
"Frost Budz | Hound","budz-hound","Primary","MCD106-6","Bin",91,"yes","yes","yes","2025-09-15 18:22:54"
"Frost Budz | Silver Letter F","budz-silverf","Primary","MCD105-6","Bin",89,"yes","yes","yes","2025-09-15 18:22:20"
"Frost Budz | Ladybug","budz-ladybug","Primary","MCD104-6","Bin",59,"yes","yes","yes","2025-09-15 18:21:51"
"Frost Budz | Horseshoe","budz-horseshoe","Primary","MCD103-6","Bin",75,"yes","yes","yes","2025-09-15 18:21:12"
"Frost Budz | Bikini","budz-bikini","Primary","MCD102-6","Bin",101,"yes","yes","yes","2025-09-15 18:20:18"
"Frost Budz | Twin Hearts","budz-twinhearts","Primary","MCD101-6","Bin",64,"yes","yes","yes","2025-09-15 18:19:39"
"Frost Budz | Silver Letter V","budz-silverv","Primary","MCD106-7","Bin",93,"yes","yes","yes","2025-09-15 18:18:58"
"Frost Budz | Virgo","budz-virgo","Primary","MCD105-7","Bin",100,"yes","yes","yes","2025-09-15 18:18:17"
"Frost Budz | Tennis","budz-tennis","Primary","MCD104-7","Bin",66,"yes","yes","yes","2025-09-15 18:17:23"
"Frost Budz | Taurus Symbol","budz-taurussymbol","Primary","MCD103-7","Bin",87,"yes","yes","yes","2025-09-15 18:15:36"
"Frost Budz | Silver Letter B","budz-silverb","Primary","MCD102-7","Bin",47,"yes","yes","yes","2025-09-15 18:15:03"
"Frost Budz | Spicy Reader","budz-spicyreader","Primary","MCD106-8","Bin",83,"yes","yes","yes","2025-09-15 18:12:21"
"Frost Budz | Triceratops","budz-triceratops","Primary","MCD105-8","Bin",86,"yes","yes","yes","2025-09-15 18:11:42"
"Frost Budz | Silver Letter A","budz-silvera","Primary","MCD104-8","Bin",13,"yes","yes","yes","2025-09-15 18:11:07"
"Frost Budz | Gemini","budz-gemini","Primary","MCD103-8","Bin",101,"yes","yes","yes","2025-09-15 18:09:12"
"Frost Budz | Spicy Book","budz-spicybook","Primary","MCD102-8","Bin",58,"yes","yes","yes","2025-09-15 18:07:53"
"Frost Budz | Unicorn Ice Cream","budz-unicornicecream","Primary","MCD101-8","Bin",72,"yes","yes","yes","2025-09-15 18:06:47"
"Frost Budz | Penguin","budz-penguin","Primary","MCD106-9","Bin",7,"yes","yes","yes","2025-09-15 18:06:10"
"Frost Budz | Donut","budz-donut","Primary","MCD105-9","Bin",50,"yes","yes","yes","2025-09-15 18:05:07"
"Frost Budz | Popsicle","budz-popsicle","Primary","MCD104-9","Bin",88,"yes","yes","yes","2025-09-15 18:04:26"
"Frost Budz | Pink Chucks","budz-pinkchucks","Primary","MCD103-9","Bin",56,"yes","yes","yes","2025-09-15 18:03:33"
"Frost Budz | Silver Letter K","budz-silverk","Primary","MCD102-9","Bin",24,"yes","yes","yes","2025-09-15 18:01:44"
"Frost Budz | Summer Ice Cream","budz-summericecream","Primary","MCD101-9","Bin",76,"yes","yes","yes","2025-09-15 18:01:19"
"Frost Budz | Summer Tree","budz-summertree","Primary","MCD106-10","Bin",54,"yes","yes","yes","2025-09-15 18:00:33"
"Frost Budz | Love Cats","budz-lovecats","Primary","MCD105-10","Bin",47,"yes","yes","yes","2025-09-15 17:59:58"
"Frost Budz | Breast Cancer","budz-breastcancer","Primary","MCD104-10","Bin",55,"yes","yes","yes","2025-09-15 17:59:25"
"Frost Budz | Watermelon","budz-watermelon","Primary","MCD103-10","Bin",87,"yes","yes","yes","2025-09-15 17:58:39"
"Frost Budz | Vampire","budz-vampire","Primary","MCD102-10","Bin",46,"yes","yes","yes","2025-09-15 17:58:09"
"Frost Budz | Dolphin","budz-dolphin","Primary","MCD101-10","Bin",72,"yes","yes","yes","2025-09-15 17:57:45"
"Frost Budz | Cancer Symbol","budz-cancersymbol","Primary","MDE106-1","Bin",90,"yes","yes","yes","2025-09-15 17:52:13"
"Frost Budz | Retriever","budz-retriever","Primary","MDE105-1","Bin",45,"yes","yes","yes","2025-09-15 17:51:39"
"Frost Budz | Aries Symbol","budz-ariessymbol","Primary","MDE104-1","Bin",89,"yes","yes","yes","2025-09-15 17:51:14"
"Frost Budz | Capricorn","budz-capricorn","Primary","MDE103-1","Bin",102,"yes","yes","yes","2025-09-15 17:50:36"
"Frost Budz | Baseball","budz-baseball","Primary","MDE102-1","Bin",12,"yes","yes","yes","2025-09-15 17:50:02"
"Frost Budz | Cherry","budz-cherry","Primary","MDE101-1","Bin",62,"yes","yes","yes","2025-09-15 17:49:16"
"Frost Budz | Bowterfly","budz-bowterfly","Primary","MDE106-2","Bin",72,"yes","yes","yes","2025-09-15 17:48:39"
"Frost Budz | Boo!","budz-boo","Primary","MDE105-2","Bin",81,"yes","yes","yes","2025-09-15 17:46:20"
"Frost Budz | Cowgirl Boots","budz-cowgirlboots","Primary","MDE104-2","Bin",47,"yes","yes","yes","2025-09-15 17:45:48"
"Frost Budz | Hibiscus","budz-hibiscus","Primary","MDE103-2","Bin",35,"yes","yes","yes","2025-09-15 17:45:29"
"Frost Budz | Music Note","budz-musicnote","Primary","MDE102-2","Bin",28,"yes","yes","yes","2025-09-15 17:45:08"
"Frost Budz | Black Cat","budz-blackcat","Primary","MDE101-2","Bin",56,"yes","yes","yes","2025-09-15 17:44:32"
"Frost Budz | American Eagle","budz-americaneagle","Primary","MDE101-3","Bin",11,"yes","yes","yes","2025-09-15 17:44:03"
"Frost Budz | Aquarius","budz-aquarius","Primary","MDE102-3","Bin",98,"yes","yes","yes","2025-09-15 17:42:07"
"Frost Budz | Bookshelf","budz-bookshelf","Primary","MDE103-3","Bin",100,"yes","yes","yes","2025-09-15 17:41:36"
"Frost Budz | Capricorn Symbol","budz-capriconsymbol","Primary","MDE104-3","Bin",91,"yes","yes","yes","2025-09-15 17:41:09"
"Frost Budz | Butterfly","budz-butterfly","Primary","MDE105-3","Bin",17,"yes","yes","yes","2025-09-15 17:40:40"
"Frost Budz | Chick","budz-chick","Primary","MDE106-3","Bin",76,"yes","yes","yes","2025-09-15 17:40:09"
"Frost Budz | Books","budz-books","Primary","MDE106-4","Bin",24,"yes","yes","yes","2025-09-15 17:39:53"
"Frost Budz | Aces","budz-aces","Primary","MDE105-4","Bin",59,"yes","yes","yes","2025-09-15 17:39:24"
"Frost Budz | Book Flower","budz-bookflower","Primary","MDE104-4","Bin",56,"yes","yes","yes","2025-09-15 17:38:54"
"Frost Budz | Alebrijes","budz-alebrijes","Primary","MDE103-4","Bin",71,"yes","yes","yes","2025-09-15 17:37:59"
"Frost Budz | Bat and Ball","budz-batnball","Primary","MDE102-4","Bin",33,"yes","yes","yes","2025-09-15 17:36:40"
"Frost Budz | Silver Letter I","budz-silveri","Primary","MEF102-6","Bin",79,"yes","yes","yes","2025-09-15 16:51:05"
"Frost Budz | Apatosaurus","budz-apatosaurus","Primary","MEF101-6","Bin",80,"yes","yes","yes","2025-09-15 16:50:08"
"Frost Budz | Love Football","budz-lovefootball","Primary","MDE101-4","Bin",53,"yes","yes","yes","2025-09-15 16:46:44"
"Frost Budz | Silver Letter C","budz-silverc","Primary","MDE106-5","Bin",26,"yes","yes","yes","2025-09-15 16:45:58"
"Frost Budz | Silver Letter Z","budz-silverz","Primary","MDE105-5","Bin",90,"yes","yes","yes","2025-09-15 16:45:14"
"Frost Budz | Daisy","budz-daisy","Primary","MDE104-5","Bin",54,"yes","yes","yes","2025-09-15 16:44:38"
"Frost Budz | Sagitarius","budz-sagitarius","Primary","MDE103-5","Bin",100,"yes","yes","yes","2025-09-15 16:43:59"
"Frost Budz | Trick or Treat","budz-trickortreat","Primary","MDE102-5","Bin",84,"yes","yes","yes","2025-09-15 16:43:26"
"Frost Budz | Silver Letter R","budz-silverr","Primary","MDE101-5","Bin",58,"yes","yes","yes","2025-09-15 16:42:52"
"Frost Budz | Silver Letter H","budz-silverh","Primary","MDE106-6","Bin",62,"yes","yes","yes","2025-09-15 16:42:13"
"Frost Budz | Silver Letter J","budz-silverj","Primary","MDE105-6","Bin",18,"yes","yes","yes","2025-09-15 16:41:24"
"Frost Budz | Self Love Club","budz-selfloveclub","Primary","MDE104-6","Bin",83,"yes","yes","yes","2025-09-15 16:40:31"
"Frost Budz | Scorpio","budz-scorpio","Primary","MDE103-6","Bin",100,"yes","yes","yes","2025-09-15 16:39:47"
"Frost Budz | Cat Person","budz-catperson","Primary","MDE102-6","Bin",41,"yes","yes","yes","2025-09-15 16:37:22"
"Frost Budz | Silver Letter T","budz-silvert","Primary","MDE101-6","Bin",69,"yes","yes","yes","2025-09-15 16:36:44"
"Frost Budz | Pisces","budz-pisces","Primary","MDE106-7","Bin",101,"yes","yes","yes","2025-09-15 16:35:10"
"Frost Budz | Silver Letter G","budz-silverg","Primary","MDE105-7","Bin",83,"yes","yes","yes","2025-09-15 16:34:17"
"Frost Budz | Silver Letter L","budz-silverl","Primary","MEF105-7","Bin",49,"yes","yes","yes","2025-09-15 16:32:41"
"Frost Budz | Leo","budz-leo","Primary","MEF104-7","Bin",100,"yes","yes","yes","2025-09-15 16:31:30"
"Frost Budz | T-Rex","budz-trex","Primary","MDE103-7","Bin",99,"yes","yes","yes","2025-09-15 16:29:59"
"Frost Budz | Silver Letter O","budz-silvero","Primary","MEF103-7","Bin",85,"yes","yes","yes","2025-09-15 16:29:53"
"Frost Budz | Surf Board","budz-surfboard","Primary","MEF102-7","Bin",86,"yes","yes","yes","2025-09-15 16:28:58"
"Frost Budz | Sunflower","budz-sunflower","Primary","MDE102-7","Bin",71,"yes","yes","yes","2025-09-15 16:27:43"
"Frost Budz | Silver Letter Y","budz-silvery","Primary","MEF101-7","Bin",89,"yes","yes","yes","2025-09-15 16:27:23"
"Frost Budz | USA","budz-usa","Primary","MEF106-8","Bin",58,"yes","yes","yes","2025-09-15 16:26:56"
"Frost Budz | Terrier","budz-terrier","Primary","MDE101-7","Bin",64,"yes","yes","yes","2025-09-15 16:26:30"
"Frost Budz | Cute Cow","budz-cutecow","Primary","MEF105-8","Bin",44,"yes","yes","yes","2025-09-15 16:25:08"
"Frost Budz | Strawberry","budz-strawberry","Primary","MDE106-8","Bin",52,"yes","yes","yes","2025-09-15 16:23:43"
"Frost Budz | Saturn","budz-saturn","Primary","MDE105-8","Bin",90,"yes","yes","yes","2025-09-15 16:23:03"
"Frost Budz | Summer Flower","budz-summerflower","Primary","MDE104-8","Bin",57,"yes","yes","yes","2025-09-15 16:22:23"
"Frost Budz | Virgo Symbol","budz-virgosymbol","Primary","MEF104-8","Bin",85,"yes","yes","yes","2025-09-15 16:22:22"
"Frost Budz | Magical Books","budz-magicalbooks","Primary","MEF103-8","Bin",53,"yes","yes","yes","2025-09-15 16:21:42"
"Frost Budz | Cowgirl","budz-cowgirl","Primary","MDE103-8","Bin",74,"yes","yes","yes","2025-09-15 16:20:53"
"Frost Budz | Silver Letter D","budz-silverd","Primary","MEF102-8","Bin",64,"yes","yes","yes","2025-09-15 16:20:47"
"Frost Budz | Paws","budz-paws","Primary","MEF101-8","Bin",99,"yes","yes","yes","2025-09-15 16:20:10"
"Frost Budz | Silver Letter P","budz-silverp","Primary","MDE102-8","Bin",84,"yes","yes","yes","2025-09-15 16:19:22"
"Frost Budz | Good Vibes","budz-goodvibes","Primary","MEF106-9","Bin",53,"yes","yes","yes","2025-09-15 16:19:18"
"Frost Budz | Summer Watermelon","budz-summerwatermelon","Primary","MEF105-9","Bin",84,"yes","yes","yes","2025-09-15 16:18:37"
"Frost Budz | Volleyball","budz-volleyball","Primary","MDE101-8","Bin",67,"yes","yes","yes","2025-09-15 16:18:32"
"Frost Budz | Silver Letter E","budz-silvere","Primary","MDE106-9","Bin",46,"yes","yes","yes","2025-09-15 16:17:50"
"Frost Budz | Mirror Ball","budz-mirrorball","Primary","MEF104-9","Bin",89,"yes","yes","yes","2025-09-15 16:17:21"
"Frost Budz | Spicy Book Club","budz-spicybookclub","Primary","MDE105-9","Bin",78,"yes","yes","yes","2025-09-15 16:17:05"
"Frost Budz | Libra Symbol","budz-librasymbol","Primary","MEF101-9","Bin",88,"yes","yes","yes","2025-09-15 16:16:28"
"Frost Budz | Golf","budz-golf","Primary","MDE104-9","Bin",64,"yes","yes","yes","2025-09-15 16:16:22"
"Frost Budz | Taurus","budz-taurus","Primary","MEF102-9","Bin",100,"yes","yes","yes","2025-09-15 16:15:46"
"Frost Budz | Soccer","budz-soccer","Primary","MDE103-9","Bin",48,"yes","yes","yes","2025-09-15 16:15:17"
"Frost Budz | Shark","budz-shark","Primary","MDE102-9","Bin",44,"yes","yes","yes","2025-09-15 16:11:00"
"Frost Budz | Sundae","budz-sundae","Primary","MDE101-9","Bin",77,"yes","yes","yes","2025-09-15 16:09:57"
"Frost Budz | Nurse","budz-nurse","Primary","MEF103-9","Bin",18,"yes","yes","yes","2025-09-15 16:08:55"
"Frost Budz | Book Babe","budz-bookbabe","Primary","MDE105-10","Bin",74,"yes","yes","yes","2025-09-15 16:07:47"
"Frost Budz | Silver Letter W","budz-silverw","Primary","MDE104-10","Bin",83,"yes","yes","yes","2025-09-15 16:07:21"
"Frost Budz | Heart & Paws","budz-heartsnpaws","Primary","MDE103-10","Bin",21,"yes","yes","yes","2025-09-15 16:06:51"
"Frost Budz | Cowboy Hat","budz-cowboyhat","Primary","MEF105-10","Bin",64,"yes","yes","yes","2025-09-15 16:06:49"
"Frost Budz | Octopus","budz-octopus","Primary","MEF104-10","Bin",98,"yes","yes","yes","2025-09-15 16:06:14"
"Frost Budz | Vampiress","budz-vampiress","Primary","MDE102-10","Bin",79,"yes","yes","yes","2025-09-15 16:06:13"
"Frost Budz | Pick Ball Paddle","budz-pickballpaddle","Primary","MEF103-10","Bin",94,"yes","yes","yes","2025-09-15 16:04:28"
"Frost Budz | Stegosaurus","budz-stegosaurus","Primary","MEF102-10","Bin",90,"yes","yes","yes","2025-09-15 16:03:17"
"Frost Budz | Scorpio Symbol","budz-scorpiosymbol","Primary","MEF101-10","Bin",82,"yes","yes","yes","2025-09-15 16:01:27"
"Frost Budz | Starfish","budz-startfish","Primary","MEF106-10","Bin",86,"yes","yes","yes","2025-09-15 15:59:00"
"Thicc Buddy 40 | Gunmetal Glory","thicc40-gunmetalglory","Primary","CA122-3","Bay",144,"yes","no","yes","2025-09-14 17:49:47"
"Thicc Buddy 40 | Gunmetal Glory","thicc40-gunmetalglory","Primary","MD140-4","Bay",144,"yes","no","yes","2025-09-14 17:46:47"
"Thicc Buddy | Blue Ice Cream 40oz","thicc40-icecreamblue","Primary","MJ142-4","Bay",144,"yes","no","yes","2025-09-14 17:36:02"
"Bottle Buddy 24 | White","bottle24-white","Primary","PS116-2","Flow",80,"yes","no","yes","2025-09-14 16:48:32"
"Thicc Buddy 40 | Vanilla Ice Cream","thicc40-vanillaicecream","Primary","PS111-3","Flow",144,"yes","no","yes","2025-09-14 16:21:17"
"Bottle Buddy 24 | Navy","bottle24-navy","Primary","MF160-1","Floor",60,"yes","yes","yes","2025-09-14 16:12:27"
"Bottle Buddy 16 | Cream","bottle16-cream","Primary","PS110-3","Flow",320,"yes","no","yes","2025-09-14 16:11:32"
"Bottle Buddy 16 | Black","bottle16-black","Primary","PS109-2","Flow",320,"yes","no","yes","2025-09-14 15:53:48"
"Bottle Buddy 16 | Black","bottle16-black","Primary","PS109-3","Flow",320,"yes","no","yes","2025-09-14 15:44:14"
"Bottle Buddy 16 | White","bottle16-white","Primary","PS108-2","Flow",320,"yes","no","yes","2025-09-14 15:38:12"
"Bottle Buddy 16 | Cream","bottle16-cream","Primary","PS108-3","Flow",320,"yes","no","yes","2025-09-14 15:33:59"
"Bottle Buddy 16 | Navy","bottle16-navy","Primary","PS107-3","Flow",320,"yes","no","yes","2025-09-14 15:29:01"
"Bottle Buddy 16 | Cream","bottle16-cream","Primary","PS106-3","Flow",320,"yes","no","yes","2025-09-14 15:24:00"
"Bottle Buddy 24 | Black","bottle24-black","Primary","PS104-3","Flow",240,"yes","no","yes","2025-09-14 15:14:31"
"Bottle Buddy 24 | Black","bottle24-black","Primary","PS101-2","Flow",240,"yes","no","yes","2025-09-14 15:10:12"
"Bottle Buddy 24 | Black","bottle24-black","Primary","PS102-2","Flow",240,"yes","no","yes","2025-09-14 15:06:25"
"Bottle Buddy 24 | Black","bottle24-black","Primary","PS103-2","Flow",240,"yes","no","yes","2025-09-14 15:02:05"
"Universal Buddy | Ohio State Buckeyes | Camo","uni-black-ncaa-ohiostate-camo","Primary","MB127-6","Bay",600,"yes","no","yes","2025-09-14 14:32:42"
"Universal Buddy | Penn State Nittany Lions","uni-navy-ncaa-pennstate-stripe","Primary","MB160-6","Bay",600,"yes","no","yes","2025-09-14 14:24:39"
"Universal Buddy | Tennessee Vols","uni-black-ncaa-tennessee-stripe","Primary","MB154-6","Bay",600,"yes","no","yes","2025-09-14 14:17:11"
"Universal Buddy | LSU Tigers","uni-white-ncaa-lsu-stripe","Primary","MB144-6","Bay",600,"yes","no","yes","2025-09-14 14:13:33"
"Universal Buddy | LSU Tigers","uni-white-ncaa-lsu-stripe","Primary","MD125-4","Bay",600,"yes","no","yes","2025-09-14 13:27:00"
"Universal Buddy | Chicago Cubs","uni-white-mlb-cubs-stripe","Primary","PS113-2","Flow",600,"yes","no","yes","2025-09-14 12:45:12"
"Universal Buddy | Boston Red Sox","uni-navy-mlb-redsox-stripe","Primary","MA140-6","Bay",600,"yes","no","yes","2025-09-14 12:25:25"
"Universal Buddy | Florida Gators","uni-royal-ncaa-florida-stripe","Primary","MA152-6","Bay",600,"yes","no","yes","2025-09-14 12:22:06"
"Universal Buddy | Atlanta Braves","uni-navy-mlb-braves-stripe","Primary","MA160-5","Bay",600,"yes","no","yes","2025-09-14 12:12:15"
"Universal Buddy | Tennessee Vols","uni-black-ncaa-tennessee-stripe","Primary","CB105-2","Bay",600,"yes","no","yes","2025-09-14 00:07:21"
"Universal Buddy | Penn State Nittany Lions","uni-navy-ncaa-pennstate-stripe","Primary","CB101-4","Bay",600,"yes","no","yes","2025-09-13 23:58:07"
"Universal Buddy | Alabama Crimson Tide","uni-crimson-ncaa-alabama-stripe","Primary","CB102-4","Bay",600,"yes","no","yes","2025-09-13 23:57:13"
"Universal Buddy | Oklahoma Sooners","uni-crimson-ncaa-oklahoma-stripe","Primary","CC116-4","Bay",600,"yes","no","yes","2025-09-13 23:41:51"
"Universal Buddy | Alabama Crimson Tide","uni-crimson-ncaa-alabama-stripe","Primary","MF168-1","Floor",167,"yes","yes","yes","2025-09-13 23:39:14"
"Universal Buddy | Texas A&M Aggies","uni-black-ncaa-texasam-stripe","Primary","MF166-1","Floor",430,"yes","yes","yes","2025-09-13 23:35:45"
"Universal Buddy | New York Yankees","uni-white-mlb-yankees-stripe","Primary","CC132-4","Bay",600,"yes","no","yes","2025-09-13 23:35:09"
"Universal Buddy | Illinois Fighting Illini","uni-navy-ncaa-illinois-stripe","Primary","MF167-1","Floor",481,"yes","yes","yes","2025-09-13 23:30:58"
"Universal Buddy | Texas A&M Aggies","uni-black-ncaa-texasam-stripe","Primary","CC138-4","Bay",600,"yes","no","yes","2025-09-13 23:28:59"
"Universal Buddy | Georgia Bulldogs","uni-red-ncaa-georgia-stripe","Primary","CC129-3","Bay",600,"yes","no","yes","2025-09-13 23:20:21"
"Universal Buddy | Oklahoma Sooners","uni-crimson-ncaa-oklahoma-stripe","Primary","MF132-1","Floor",11,"yes","yes","yes","2025-09-13 23:19:26"
"Universal Buddy | Alabama Crimson Tide","uni-crimson-ncaa-alabama-stripe","Primary","CC132-2","Bay",600,"yes","no","yes","2025-09-13 23:16:59"
"Universal Buddy | Indiana Hoosiers","uni-crimson-ncaa-indiana-stripe","Primary","MF130-1","Floor",433,"yes","yes","yes","2025-09-13 23:16:09"
"Universal Buddy | Michigan Wolverines | Wings ","uni-navy-ncaa-michigan-wings","Primary","MF128-1","Floor",521,"yes","yes","yes","2025-09-13 22:41:24"
"Universal Buddy | Michigan Wolverines | Wings ","uni-navy-ncaa-michigan-wings","Primary","CC137-3","Bay",600,"yes","no","yes","2025-09-13 22:33:59"
"Universal Buddy | Oklahoma Sooners","uni-crimson-ncaa-oklahoma-stripe","Primary","CC140-2","Bay",600,"yes","no","yes","2025-09-13 22:30:25"
"Universal Buddy | Florida Gators","uni-royal-ncaa-florida-stripe","Primary","CD104-2","Bay",600,"yes","no","yes","2025-09-13 22:22:39"
"Universal Buddy | Auburn Tigers","uni-navy-ncaa-auburn-stripe","Primary","ME134-1","Floor",291,"yes","yes","yes","2025-09-13 21:40:00"
"Universal Buddy | Philadelphia Phillies","uni-white-mlb-phillies-stripe","Primary","ME135-1","Floor",458,"yes","yes","yes","2025-09-13 21:32:47"
"Universal Buddy | Philadelphia Phillies","uni-white-mlb-phillies-stripe","Primary","CD104-3","Bay",600,"yes","no","yes","2025-09-13 21:26:45"
"To-Go Buddy Lid | Neon Yellow","togolid-neonyellow","Primary","MF127-1","Floor",947,"yes","yes","yes","2025-09-13 21:26:11"
"Universal Buddy | Tennessee Vols | Drip","uni-tennesseedrip","Primary","MJ114-3","Bay",600,"yes","no","yes","2025-09-13 21:24:55"
"Universal Buddy | Tennessee Vols | Drip","uni-tennesseedrip","Primary","MI137-2","Bay",600,"yes","no","yes","2025-09-13 21:24:35"
"Universal Buddy | Tennessee Vols | Drip","uni-tennesseedrip","Primary","MC158-1","Floor",146,"yes","yes","yes","2025-09-13 21:23:40"
"Universal Buddy | Michigan Wolverines | Drip","uni-michigandrip","Primary","MC153-1","Floor",407,"yes","yes","yes","2025-09-13 21:21:45"
"Universal Buddy | Georgia Bulldogs | Drip","uni-georgiadrip","Primary","MC152-1","Floor",278,"yes","yes","yes","2025-09-13 21:19:29"
"Universal Buddy | Georgia Bulldogs | Drip","uni-georgiadrip","Primary","MJ109-2","Bay",600,"yes","no","yes","2025-09-13 21:18:25"
"Universal Buddy | New York Yankees","uni-white-mlb-yankees-stripe","Primary","CF108-4","Bay",600,"yes","no","yes","2025-09-13 20:32:36"
"Universal Buddy | Detroit Tigers","uni-navy-mlb-tigers-stripe","Primary","ME131-1","Floor",280,"yes","yes","yes","2025-09-13 20:31:48"
"Universal Buddy | Georgia Bulldogs","uni-red-ncaa-georgia-stripe","Primary","CF104-2","Bay",600,"yes","no","yes","2025-09-13 20:26:32"
"Universal Buddy | Florida Gators","uni-royal-ncaa-florida-stripe","Primary","ME130-1","Floor",143,"yes","yes","yes","2025-09-13 20:25:18"
"Universal Buddy | New York Mets","uni-white-mlb-mets-stripe","Primary","ME121-1","Floor",449,"yes","yes","yes","2025-09-13 20:21:22"
"Universal Buddy | New York Yankees","uni-white-mlb-yankees-stripe","Primary","ME129-1","Floor",553,"yes","yes","yes","2025-09-13 20:14:15"
"Universal Buddy | Philadelphia Phillies","uni-white-mlb-phillies-stripe","Primary","CF101-4","Bay",600,"yes","no","yes","2025-09-13 20:10:31"
"Universal Buddy | Texas Rangers","uni-royal-mlb-rangers-stripe","Primary","ME127-1","Floor",316,"yes","yes","yes","2025-09-13 19:58:52"
"Universal Buddy | Clemson Tigers","uni-orange-ncaa-clemson-stripe","Primary","ME128-1","Floor",393,"yes","yes","yes","2025-09-13 19:46:51"
"Universal Buddy | Atlanta Braves","uni-navy-mlb-braves-stripe","Primary","ME126-1","Floor",277,"yes","yes","yes","2025-09-13 19:46:12"
"Universal Buddy | San Diego Padres","uni-white-mlb-padres-stripe","Primary","ME123-1","Floor",87,"yes","yes","yes","2025-09-13 19:41:38"
"Universal Buddy | Arkansas Razorbacks","uni-crimson-ncaa-arkansas-stripe","Primary","ME124-1","Floor",31,"yes","yes","yes","2025-09-13 19:36:33"
"Universal Buddy | Florida State Seminoles","uni-black-ncaa-floridastate-stripe","Primary","ME122-1","Floor",517,"yes","yes","yes","2025-09-13 19:19:09"
"Universal Buddy | Iowa State Cyclones","uni-black-ncaa-iowastate-stripe","Primary","ME119-1","Floor",534,"yes","yes","yes","2025-09-13 19:16:15"
"Universal Buddy | Los Angeles Dodgers","uni-royal-mlb-dodgers-stripe","Primary","ME120-1","Floor",458,"yes","yes","yes","2025-09-13 19:14:09"
"Universal Buddy | Houston Astros","uni-navy-mlb-astros-stripe","Primary","ME118-1","Floor",60,"yes","yes","yes","2025-09-13 19:09:49"
"Universal Buddy | St. Louis Cardinals","uni-red-mlb-cardinals-stripe","Primary","ME117-1","Floor",331,"yes","yes","yes","2025-09-13 19:03:16"
"Universal Buddy | LSU Tigers","uni-white-ncaa-lsu-stripe","Primary","ME115-1","Floor",27,"yes","yes","yes","2025-09-13 18:59:17"
"Universal Buddy | Purdue Boilermakers","uni-black-ncaa-purdue-stripe","Primary","ME116-1","Floor",314,"yes","yes","yes","2025-09-13 18:55:17"
"Universal Buddy | South Carolina Gamecocks","uni-black-ncaa-southcarolina-stripe","Primary","ME113-1","Floor",513,"yes","yes","yes","2025-09-13 18:52:47"
"Universal Buddy | Chicago Cubs","uni-white-mlb-cubs-stripe","Primary","ME114-1","Floor",389,"yes","yes","yes","2025-09-13 18:44:28"
"Bottle Buddy 16 | Cream","bottle16-cream","Primary","MF145-1","Floor",320,"yes","yes","yes","2025-09-13 15:07:37"
"Thicc Buddy | Blue Ice Cream 40oz","thicc40-icecreamblue","Primary","MI146-1","Floor",106,"yes","yes","yes","2025-09-13 14:48:55"
"Thicc Buddy 40 | Vanilla Ice Cream","thicc40-vanillaicecream","Primary","MI144-1","Floor",34,"yes","yes","yes","2025-09-13 14:42:28"
"Bottle Buddy 16 | Navy","bottle16-navy","Primary","MC164-2","Bay",320,"yes","no","yes","2025-09-13 14:15:15"
"Bottle Buddy 16 | Black","bottle16-black","Primary","MC115-3","Bay",320,"yes","no","yes","2025-09-13 14:09:07"
"Bottle Buddy 16 | Red","bottle16-red","Primary","MC157-3","Bay",320,"yes","no","yes","2025-09-13 14:03:27"
"Bottle Buddy 16 | Navy","bottle16-navy","Primary","MD106-2","Bay",320,"yes","no","yes","2025-09-13 14:00:44"
"Bottle Buddy 16 | Red","bottle16-red","Primary","MB117-5","Bay",320,"yes","no","yes","2025-09-13 13:56:56"
"Bottle Buddy 16 | Red","bottle16-red","Primary","MD131-3","Bay",320,"yes","no","yes","2025-09-13 13:44:08"
"Bottle Buddy 16 | White","bottle16-white","Primary","ME114-3","Bay",320,"yes","no","yes","2025-09-13 12:57:43"
"Bottle Buddy 16 | Red","bottle16-red","Primary","MF146-1","Floor",230,"yes","yes","yes","2025-09-13 00:05:13"
"Bottle Buddy 16 | Navy","bottle16-navy","Primary","MF144-1","Floor",317,"yes","yes","yes","2025-09-13 00:03:02"
"Bottle Buddy 16 | White","bottle16-white","Primary","MB128-5","Bay",320,"yes","no","yes","2025-09-13 00:00:29"
"Bottle Buddy 16 | Red","bottle16-red","Primary","MB126-5","Bay",320,"yes","no","yes","2025-09-12 23:59:49"
"Bottle Buddy 24 | Cream","bottle24-cream","Primary","MF158-1","Floor",77,"yes","yes","yes","2025-09-12 23:56:07"
"Bottle Buddy 16 | White","bottle16-white","Primary","MB147-5","Bay",320,"yes","no","yes","2025-09-12 22:20:48"
"Bottle Buddy 16 | Cream","bottle16-cream","Primary","MB141-6","Bay",320,"yes","no","yes","2025-09-12 22:11:51"
"Bottle Buddy 16 | White","bottle16-white","Primary","MB139-5","Bay",320,"yes","no","yes","2025-09-12 21:47:37"
"Charm Thicc Buddy 40 | Black","charmt40-black","Primary","CF105-2","Bay",144,"yes","no","yes","2025-09-12 21:08:50"
"Charm Thicc Buddy 40 | Gumdrop","charmt40-gumdrop","Primary","CF118-3","Bay",144,"yes","no","yes","2025-09-12 20:08:59"
"Buddy Bumper | Yellow","unibumper-yellow","Primary","CE114-4","Bay",137,"yes","no","yes","2025-09-12 19:30:34"
"Sports Buddy Bumper Hibiscus / 40oz","Bumper-sports40hibiscus","Primary","CE101-2","Bay",436,"yes","no","yes","2025-09-12 19:19:59"
"Bottle Buddy 24 | White","bottle24-white","Primary","MF126-4","Bay",240,"yes","no","yes","2025-09-12 16:31:27"
"Bottle Buddy 24 | White","bottle24-white","Primary","MG118-3","Bay",240,"yes","no","yes","2025-09-12 15:53:13"
"Bottle Buddy 24 | Navy","bottle24-navy","Primary","MG147-3","Bay",240,"yes","no","yes","2025-09-12 15:42:56"
"Bottle Buddy 24 | Cream","bottle24-cream","Primary","MG103-4","Bay",240,"yes","no","yes","2025-09-12 15:37:22"
"Bottle Buddy 24 | Cream","bottle24-cream","Primary","MH155-2","Bay",240,"yes","no","yes","2025-09-12 14:58:24"
"Bottle Buddy 24 | Navy","bottle24-navy","Primary","MG119-3","Bay",240,"yes","no","yes","2025-09-12 14:52:08"
"Bottle Buddy 24 | White","bottle24-white","Primary","MH148-3","Bay",240,"yes","no","yes","2025-09-12 14:47:34"
"Bottle Buddy 24 | White","bottle24-white","Primary","MI158-2","Bay",240,"yes","no","yes","2025-09-12 13:48:00"
"Bottle Buddy 24 | Cream","bottle24-cream","Primary","MG167-2","Bay",240,"yes","no","yes","2025-09-11 22:13:32"
"Bottle Buddy 24 | White","bottle24-white","Primary","MI138-3","Bay",240,"yes","no","yes","2025-09-11 21:40:01"
"Bottle Buddy 24 | White","bottle24-white","Primary","MI146-3","Bay",240,"yes","no","yes","2025-09-11 21:35:40"
"Bottle Buddy 24 | Red","bottle24-red","Primary","MI156-4","Bay",240,"yes","no","yes","2025-09-11 21:31:56"
"Bottle Buddy 24 | Red","bottle24-red","Primary","MI157-3","Bay",240,"yes","no","yes","2025-09-11 21:28:23"
"Bottle Buddy 24 | Red","bottle24-red","Primary","MJ137-4","Bay",240,"yes","no","yes","2025-09-11 21:00:57"
"Universal Buddy | Florida State Seminoles | Legacy","uni-floridastate3d","Primary","MJ165-3","Bay",200,"yes","no","yes","2025-09-11 20:58:01"
"Universal Buddy | Florida State Seminoles | Legacy","uni-floridastate3d","Primary","MC155-1","Floor",601,"yes","yes","yes","2025-09-11 20:57:06"
"Universal Buddy | Tennessee Vols | Legacy","uni-tennessee3d","Primary","MC150-1","Floor",78,"yes","yes","yes","2025-09-11 20:48:12"
"Bottle Buddy 24 | White","bottle24-white","Primary","MJ105-2","Bay",240,"yes","no","yes","2025-09-11 19:51:16"
"Universal Buddy | Happy Dad","c-c-white-happydad-logo-uni","Primary","MB176-1","Bin",1,"yes","yes","yes","2025-09-11 12:55:38"
"Universal Buddy | Happy Dad | Merica","c-c-merica-happydad-merica-uni","Primary","MB152-1","Bin",1,"yes","yes","yes","2025-09-11 12:41:57"
"Universal Buddy | Black","uni-black","Primary","CA105-4","Bay",600,"yes","no","yes","2025-09-10 18:12:36"
"Universal Buddy | Black","uni-black","Primary","CA107-4","Bay",600,"yes","no","yes","2025-09-10 18:10:25"
"Thicc Buddy 50 | Flip Straw Lid | Clear","thicclidreplacement50-clear","Primary","MF103-1","Floor",560,"yes","yes","yes","2025-09-10 13:03:19"
"Universal XL | Black","unixl-black","Primary","ME101-1","Floor",44,"yes","yes","yes","2025-09-10 12:50:39"
"Mini Thicc Buddy | Rocky Top","thicc16-rockytop","Primary","CC106-3","Bay",144,"yes","no","yes","2025-09-09 21:45:05"
"Universal Buddy | Crimson","uni-crimson","Primary","CA109-2","Bay",600,"yes","no","yes","2025-09-09 21:38:00"
"Universal Buddy | Black","uni-black","Primary","CA107-3","Bay",600,"yes","no","yes","2025-09-09 21:34:28"
"Universal Buddy | Black","uni-black","Primary","CA107-2","Bay",600,"yes","no","yes","2025-09-09 21:24:02"
"Jr Buddy | White","jr-white","Primary","CC113-2","Bay",600,"yes","no","yes","2025-09-09 21:23:29"
"Mini Thicc Buddy | Cream","thicc16-cream","Primary","CG103-3","Bay",384,"yes","no","yes","2025-09-09 20:32:48"
"Universal Buddy Replacement Insert  3.0","uniinsert3-black","Primary","MC163-1","Floor",730,"yes","yes","yes","2025-09-09 13:47:15"
"Unboxed Universal XL | Red","unixl-red-unboxed","Primary","PS129-1","Flow",111,"yes","no","yes","2025-09-08 20:50:56"
"To-Go Buddy | Crimson","togo30-crimson","Primary","MC102-4","Bay",400,"yes","no","yes","2025-09-06 22:15:05"
"To-Go Buddy | Royal","togo30-royal","Primary","ME131-4","Bay",400,"yes","no","yes","2025-09-06 21:09:10"
"To-Go Buddy | Royal","togo30-royal","Primary","MF159-4","Bay",400,"yes","no","yes","2025-09-06 20:46:58"
"To-Go Buddy | Royal","togo30-royal","Primary","MF165-4","Bay",400,"yes","no","yes","2025-09-06 20:34:04"
"Thicc Buddy 40 | Pink Glitter","thicc40-pinkglitter","Primary","MC106-2","Bay",48,"yes","no","yes","2025-09-06 20:23:52"
"Thicc Buddy 40 | Pink Glitter","thicc40-pinkglitter","Primary","MC118-3","Bay",144,"yes","no","yes","2025-09-06 20:13:48"
"Thicc Buddy 40 | Pink Glitter","thicc40-pinkglitter","Primary","MI156-1","Floor",49,"yes","yes","yes","2025-09-06 19:45:22"
"Universal Buddy | New York Yankees","c-c-white-mlb-yankees-stripe-uni","Primary","MB158-1","Bin",15,"yes","yes","yes","2025-09-06 15:45:21"
"Universal Buddy | Indiana Hoosiers","c-c-white-ncaa-indiana-biglogo-uni","Primary","MB250-3","Bin",5,"yes","yes","yes","2025-09-05 21:28:34"
"Universal Buddy | Iowa Hawkeyes","c-c-black-ncaa-iowa-biglogo-uni","Primary","MB308-2","Bin",1,"yes","yes","yes","2025-09-05 19:58:57"
"Thicc Buddy 30 | Ice Cream","thicc30-icecream","Primary","ME127-2","Bay",144,"yes","no","yes","2025-09-05 18:10:21"
"Universal Buddy | Gumdrop","uni-gumdrop","Primary","MC107-1","Floor",391,"yes","yes","yes","2025-09-05 17:43:22"
"Universal Buddy | Purple","uni-purple","Primary","MC103-1","Floor",634,"yes","yes","yes","2025-09-05 17:42:54"
"Thicc Buddy 30 | Ice Cream","thicc30-icecream","Primary","MI116-1","Floor",118,"yes","yes","yes","2025-09-05 16:46:26"
"Universal Buddy | Emerald","uni-emerald","Primary","MJ107-4","Bay",600,"yes","no","yes","2025-09-05 16:09:05"
"Shot Buddy","fb-shotglass","Primary","MD105-1","Floor",1583,"yes","yes","yes","2025-09-05 12:25:50"
"Universal XL | Teal Glitz","unixl-tealglitz","Primary","MD145-1","Floor",31,"yes","yes","yes","2025-09-04 21:26:38"
"Universal XL | Silver Sleigh","unixl-silversleigh","Primary","MD157-1","Floor",392,"yes","yes","yes","2025-09-04 21:21:02"
"Universal XL | 24oz Can Lid | White","lid24-white","Primary","MD163-1","Floor",104,"yes","yes","yes","2025-09-04 21:04:31"
"Universal XL |  Insert","unixlinsert-black","Primary","MD165-1","Floor",1137,"yes","yes","yes","2025-09-04 21:02:46"
"To-Go Buddy | Mint Chocolate","togo30-mint","Primary","ME142-1","Floor",97,"yes","yes","yes","2025-09-04 20:52:29"
"To-Go Buddy | Baby Blue","togo30-babyblue","Primary","ME146-1","Floor",75,"yes","yes","yes","2025-09-04 20:45:13"
"To-Go Buddy Lid | Copper Leopard","togolid-copperleopard","Primary","MF126-1","Floor",674,"yes","yes","yes","2025-09-04 19:44:25"
"To-Go Buddy Lid | Pastel Pink","togolid-pastelpink","Primary","MF122-1","Floor",71,"yes","yes","yes","2025-09-04 19:40:40"
"To-Go Buddy Lid | Neon Pink","togolid-neonpink","Primary","MF118-1","Floor",74,"yes","yes","yes","2025-09-04 19:34:24"
"To-Go Buddy Lid | Beige","togolid-beige","Primary","MF121-1","Floor",77,"yes","yes","yes","2025-09-04 19:32:05"
"Charm Bottle Buddy 32 | Cream","charmb32-cream","Primary","MG144-2","Bay",40,"yes","no","yes","2025-09-04 17:13:11"
"Charm Bottle Buddy 32 | Black","charmb32-black","Primary","MG153-2","Bay",40,"yes","no","yes","2025-09-04 17:11:20"
"Charm Bottle Buddy 32 | Gumdrop","charmb32-gumdrop","Primary","MG157-2","Bay",40,"yes","no","yes","2025-09-04 17:09:32"
"Charm Bottle Buddy 32 | Navy","charmb32-navy","Primary","MG159-3","Bay",40,"yes","no","yes","2025-09-04 17:07:07"
"Universal Buddy | New York Mets","c-c-white-mlb-mets-stripe-uni","Primary","MB172-2","Bin",4,"yes","yes","yes","2025-09-03 14:38:58"
"Unboxed ToGo Buddy | Navy","togo30-navy-unboxed","Primary","PS140-1","Flow",160,"yes","no","yes","2025-09-02 19:04:43"
"Unboxed ToGo Buddy | Crimson","togo30-crimson-unboxed","Primary","PS137-1","Flow",201,"yes","no","yes","2025-09-02 19:00:01"
"Unboxed ToGo Buddy | Cream","togo30-cream-unboxed","Primary","PS136-1","Flow",71,"yes","no","yes","2025-09-02 18:37:28"
"Unboxed ToGo Buddy | Black","togo30-black-unboxed","Primary","PS135-1","Flow",413,"yes","no","yes","2025-09-02 18:29:43"
"Unboxed Universal XL | White","unixl-white-unboxed","Primary","PS133-1","Flow",95,"yes","no","yes","2025-09-02 17:20:30"
"Unboxed Universal XL | Orange","unixl-orange-unboxed","Primary","PS128-1","Flow",106,"yes","no","yes","2025-09-02 17:14:45"
"Unboxed Universal XL | Navy","unixl-navy-unboxed","Primary","PS127-1","Flow",74,"yes","no","yes","2025-09-02 17:09:10"
"Unboxed Universal XL | Crimson","unixl-crimson-unboxed","Primary","PS126-1","Flow",106,"yes","no","yes","2025-09-02 17:08:26"
"Universal Buddy | Crimson","uni-crimson","Primary","CA109-1","Floor",575,"yes","no","yes","2025-09-02 16:54:09"
"Unboxed Universal XL | Black","unixl-black-unboxed","Primary","PS123-1","Flow",135,"yes","no","yes","2025-09-02 16:53:49"
"Unboxed Universal White","uni-allwhite-unboxed","Primary","PS121-1","Flow",363,"yes","no","yes","2025-09-02 16:31:22"
"Unboxed Universal Red","uni-red1-unboxed","Primary","PS115-1","Flow",123,"yes","no","yes","2025-09-02 16:29:09"
"Unboxed Universal Purple","uni-purple-unboxed","Primary","PS114-1","Flow",207,"yes","no","yes","2025-09-02 16:03:39"
"Unboxed Universal Orange","uni-orange1-unboxed","Primary","PS113-1","Flow",57,"yes","no","yes","2025-09-02 16:00:18"
"Unboxed Universal Charcoal","uni-charcoal-unboxed","Primary","PS103-1","Flow",55,"yes","no","yes","2025-09-02 15:02:01"
"Unboxed Universal Crimson","uni-crimson-unboxed","Primary","PS107-1","Flow",450,"yes","no","yes","2025-09-02 15:01:09"
"Thicc Buddy 40 | Violet Haze","thicc40-violethaze","Primary","MJ103-1","Floor",126,"yes","yes","yes","2025-09-01 16:59:13"
"Replacement Silicone | To-Go Buddy | Nebula","togorubber-nebula","Primary","MA162-1","Bin",242,"yes","yes","yes","2025-09-01 13:55:04"
"Replacement Silicone | To-Go Buddy | Aurora","togorubber-aurora","Primary","MA161-1","Bin",249,"yes","yes","yes","2025-09-01 13:51:16"
"Replacement Silicone | To-Go Buddy | Pink Checkered","togorubber-pinkchreckered","Primary","MA160-1","Bin",241,"yes","yes","yes","2025-09-01 13:48:24"
"Universal XL 24oz Can Lid | Rose Gold","lid24-rosegold","Primary","MA155-3","Bin",3,"yes","yes","yes","2025-09-01 13:42:59"
"Universal XL 24oz Can Lid | Glow","lid24-glow","Primary","MA157-2","Bin",18,"yes","yes","yes","2025-09-01 13:41:46"
"Replacement Silicone | To-Go Buddy | Aloe","togorubber-aloe","Primary","MA149-3","Bin",97,"yes","yes","yes","2025-09-01 13:36:50"
"Replacement Silicone | To-Go Buddy | Jade","togorubber-jade","Primary","MA149-3","Bin",83,"yes","yes","yes","2025-09-01 13:34:22"
"Replacement Silicone | To-Go Buddy | Ice Cream","togorubber-icecream","Primary","MA147-2","Bin",97,"yes","yes","yes","2025-09-01 13:30:45"
"Replacement Silicone | To-Go Buddy | Royal","togorubber-royal","Primary","MA147-2","Bin",96,"yes","yes","yes","2025-09-01 13:27:07"
"Replacement Silicone | To-Go Buddy | Berry","togorubber-berry","Primary","MA147-3","Bin",89,"yes","yes","yes","2025-09-01 13:21:36"
"Replacement Silicone | To-Go Buddy | Gumdrop","togorubber-gumdrop","Primary","MA146-2","Bin",96,"yes","yes","yes","2025-09-01 13:18:20"
"Replacement Silicone | To-Go Buddy | Coral Crush","togorubber-coralcrush","Primary","MA145-2","Bin",96,"yes","yes","yes","2025-09-01 13:15:42"
"uni-stainless-unboxed","uni-stainless-unboxed","Primary","PS rack 1","Shelf",51,"yes","no","yes","2025-08-30 21:25:07"
"Charm Thicc Buddy 40 | Cream","charmt40-cream","Primary","ME111-2","Bay",144,"yes","no","yes","2025-08-29 23:48:45"
"Charm Thicc Buddy 40 | Navy","charmt40-navy","Primary","MF161-2","Bay",144,"yes","no","yes","2025-08-29 23:40:56"
"Mini Thicc Skin | Red","t16skin-red","Primary","MH159-1","Floor",482,"yes","yes","yes","2025-08-29 22:48:53"
"Mini Thicc Skin | Gumdrop","t16skin-gumdrop","Primary","MH161-1","Floor",423,"yes","yes","yes","2025-08-29 22:46:33"
"Mini Thicc Skin | Gray","t16skin-gray","Primary","MH160-1","Floor",476,"yes","yes","yes","2025-08-29 22:41:32"
"Charm Thicc Buddy 40 | Navy","charmt40-navy","Primary","MF157-4","Bay",144,"yes","no","yes","2025-08-29 22:39:20"
"Mini Thicc Skin | Royal","t16skin-royal","Primary","MH162-1","Floor",355,"yes","yes","yes","2025-08-29 22:39:00"
"Mini Thicc Skin | Black","t16skin-black","Primary","MH164-1","Floor",243,"yes","yes","yes","2025-08-29 22:34:24"
"Mini Thicc Skin | Crimson","t16skin-crimson","Primary","MH166-1","Floor",96,"yes","yes","yes","2025-08-29 22:32:16"
"Mini Thicc Skin | Cream","t16skin-cream","Primary","MH168-1","Floor",448,"yes","yes","yes","2025-08-29 22:29:30"
"Thicc Buddy 40 Skin | Royal","t40skin-royal","Primary","MI153-1","Floor",44,"yes","yes","yes","2025-08-29 21:59:11"
"Thicc Buddy 40 Skin | Gumdrop","t40skin-gumdrop","Primary","MI151-1","Floor",296,"yes","yes","yes","2025-08-29 21:54:29"
"Thicc Buddy 40 Skin | Cream","t40skin-cream","Primary","MI149-1","Floor",323,"yes","yes","yes","2025-08-29 21:52:27"
"Thicc Buddy 40 Skin | Gray","t40skin-gray","Primary","MI152-1","Floor",346,"yes","yes","yes","2025-08-29 21:47:35"
"Thicc Buddy 40 Skin | Red","t40skin-red","Primary","MI150-1","Floor",378,"yes","yes","yes","2025-08-29 21:43:48"
"Charm Thicc Buddy 40 | Black","charmt40-black","Primary","MI136-1","Floor",73,"yes","yes","yes","2025-08-29 21:02:11"
"Thicc Buddy 40 | Aurora","thicc40-aurora","Primary","CF121-3","Bay",144,"yes","no","yes","2025-08-27 20:36:48"
"Thicc Buddy 40 | Aurora","thicc40-aurora","Primary","CF123-3","Bay",144,"yes","no","yes","2025-08-27 20:34:44"
"Thicc Buddy 40 | Aurora","thicc40-aurora","Primary","CF127-4","Bay",144,"yes","no","yes","2025-08-27 20:32:39"
"Thicc Buddy 40 | Aurora","thicc40-aurora","Primary","CF127-3","Bay",144,"yes","no","yes","2025-08-27 20:30:16"
"Thicc Buddy 40 | Aurora","thicc40-aurora","Primary","CB113-4","Bay",144,"yes","no","yes","2025-08-27 20:28:46"
"Thicc Buddy 40 | Aurora","thicc40-aurora","Primary","CC139-4","Bay",144,"yes","no","yes","2025-08-27 20:27:06"
"Thicc Buddy 40 | Aurora","thicc40-aurora","Primary","CC137-4","Bay",144,"yes","no","yes","2025-08-27 20:24:53"
"Thicc Buddy 40 | Aurora","thicc40-aurora","Primary","CC133-4","Bay",144,"yes","no","yes","2025-08-27 20:22:42"
"Thicc Buddy 40 | Aurora","thicc40-aurora","Primary","CC133-3","Bay",144,"yes","no","yes","2025-08-27 20:20:31"
"Thicc Buddy 40 | Aurora","thicc40-aurora","Primary","CC121-4","Bay",144,"yes","no","yes","2025-08-27 20:04:48"
"Thicc Buddy 40 | Aurora","thicc40-aurora","Primary","CC130-3","Bay",144,"yes","no","yes","2025-08-27 18:40:14"
"Thicc Buddy 40 | Aurora","thicc40-aurora","Primary","CC128-3","Bay",144,"yes","no","yes","2025-08-27 18:38:03"
"Thicc Buddy 40 | Aurora","thicc40-aurora","Primary","CC126-3","Bay",144,"yes","no","yes","2025-08-27 18:35:51"
"Chubby Buddy | Black","chub-black","Primary","CD138-4","Bay",600,"yes","no","yes","2025-08-27 18:28:13"
"Thicc Buddy 40 | Aurora","thicc40-aurora","Primary","CC120-4","Bay",144,"yes","no","yes","2025-08-27 18:25:44"
"Thicc Buddy 40 | Aurora","thicc40-aurora","Primary","CC122-4","Bay",144,"yes","no","yes","2025-08-27 18:20:16"
"Thicc Buddy 40 | Aurora","thicc40-aurora","Primary","CC102-4","Bay",144,"yes","no","yes","2025-08-27 18:17:39"
"Thicc Buddy 40 | Aurora","thicc40-aurora","Primary","CE109-4","Bay",144,"yes","no","yes","2025-08-27 18:16:40"
"Thicc Buddy 40 | Aurora","thicc40-aurora","Primary","CD107-3","Bay",144,"yes","no","yes","2025-08-27 18:13:27"
"Chubby Buddy | Black","chub-black","Primary","CE106-4","Bay",600,"yes","no","yes","2025-08-27 18:09:04"
"Bottle Buddy 32 Skin | Gumdrop","b32skin-gumdrop","Primary","MH107-1","Floor",434,"yes","yes","yes","2025-08-27 16:47:14"
"Bottle Buddy 32 Skin | Navy","b32skin-navy","Primary","MH105-1","Floor",102,"yes","yes","yes","2025-08-27 16:45:00"
"Bottle Buddy 32 Skin | Red","b32skin-red","Primary","MH108-1","Floor",458,"yes","yes","yes","2025-08-27 16:42:42"
"Bottle Buddy 32 Skin | Royal","b32skin-royal","Primary","MH106-1","Floor",190,"yes","yes","yes","2025-08-27 16:40:06"
"Bottle Buddy 32 Skin | Cream","b32skin-cream","Primary","MH103-1","Floor",445,"yes","yes","yes","2025-08-27 16:35:08"
"Bottle Buddy 32 Skin | Gray","b32skin-gray","Primary","MH104-1","Floor",385,"yes","yes","yes","2025-08-27 16:29:45"
"Bottle Buddy | Aurora","bottle32-aurora","Primary","MF157-2","Bay",80,"yes","no","yes","2025-08-27 16:11:08"
"Thicc Buddy 40 | Violet Haze","thicc40-violethaze","Primary","CE126-4","Bay",140,"yes","no","yes","2025-08-27 14:27:40"
"Bottle Buddy | Aurora","bottle32-aurora","Primary","MF152-2","Bay",240,"yes","no","yes","2025-08-27 14:13:12"
"Thicc Buddy 40 | Violet Haze","thicc40-violethaze","Primary","CF133-4","Bay",144,"yes","no","yes","2025-08-27 14:12:50"
"Bottle Buddy | Aurora","bottle32-aurora","Primary","MF142-4","Bay",240,"yes","no","yes","2025-08-27 14:11:02"
"Bottle Buddy | Aurora","bottle32-aurora","Primary","CF139-4","Bay",240,"yes","no","yes","2025-08-27 14:03:11"
"Thicc Buddy 40 | Violet Haze","thicc40-violethaze","Primary","CG113-4","Bay",144,"yes","no","yes","2025-08-27 13:02:13"
"Thicc Buddy 40 | Violet Haze","thicc40-violethaze","Primary","CG107-3","Bay",144,"yes","no","yes","2025-08-27 12:45:19"
"Thicc Buddy 40 | Violet Haze","thicc40-violethaze","Primary","ME151-4","Bay",144,"yes","no","yes","2025-08-26 22:01:17"
"Bottle Buddy | Aurora","bottle32-aurora","Primary","MG126-1","Floor",57,"yes","yes","yes","2025-08-26 16:20:44"
"Thicc Buddy | Silver Sleigh 40oz","thicc40-silversleigh","Primary","Receiving","",288,"yes","no","yes","2025-08-26 15:41:22"
"Bottle Buddy | Teal Glitz","bottle32-tealglitz","Primary","MG160-1","Floor",162,"yes","yes","yes","2025-08-26 14:03:12"
"Bottle Buddy | Banana","bottle32-banana","Primary","MG158-1","Floor",173,"yes","yes","yes","2025-08-26 14:00:42"
"Bottle Buddy | Pebble","bottle32-pebble","Primary","MG156-1","Floor",211,"yes","yes","yes","2025-08-26 13:57:57"
"Bottle Buddy | Icicle","bottle32-icicle","Primary","MG159-1","Floor",130,"yes","yes","yes","2025-08-26 13:55:20"
"Bottle Buddy | Winter Berry","bottle32-winterberry","Primary","MG153-1","Floor",168,"yes","yes","yes","2025-08-26 13:50:09"
"Bottle Buddy | Banana","bottle32-banana","Primary","MG122-4","Bay",240,"yes","no","yes","2025-08-26 13:20:19"
"Bottle Buddy | Pebble","bottle32-pebble","Primary","ME160-2","Bay",240,"yes","no","yes","2025-08-26 13:05:49"
"Bottle Buddy | Banana","bottle32-banana","Primary","MG150-2","Bay",240,"yes","no","yes","2025-08-25 22:00:08"
"Bottle Buddy | Banana","bottle32-banana","Primary","MG147-4","Bay",240,"yes","no","yes","2025-08-25 21:56:21"
"Bottle Buddy | Banana","bottle32-banana","Primary","MG149-2","Bay",240,"yes","no","yes","2025-08-25 21:51:25"
"Bottle Buddy | Banana","bottle32-banana","Primary","MG151-2","Bay",240,"yes","no","yes","2025-08-25 21:49:24"
"Bottle Buddy | Teal Glitz","bottle32-tealglitz","Primary","MH158-4","Bay",240,"yes","no","yes","2025-08-25 21:18:49"
"Bottle Buddy | Cowabunga","bottle32-cowabunga","Primary","MH159-4","Bay",240,"yes","no","yes","2025-08-25 21:16:16"
"Bottle Buddy | Winter Berry","bottle32-winterberry","Primary","MH154-4","Bay",236,"yes","no","yes","2025-08-25 21:07:57"
"Bottle Buddy | Cowabunga","bottle32-cowabunga","Primary","MH143-4","Bay",240,"yes","no","yes","2025-08-25 20:49:42"
"Bottle Buddy | Banana","bottle32-banana","Primary","MH142-4","Bay",173,"yes","no","yes","2025-08-25 20:45:26"
"Bottle Buddy | Cowabunga","bottle32-cowabunga","Primary","MH124-2","Bay",240,"yes","no","yes","2025-08-25 20:03:34"
"Bottle Buddy | Pebble","bottle32-pebble","Primary","MJ117-2","Bay",240,"yes","no","yes","2025-08-25 19:56:51"
"Universal Buddy Drinking Lid with Straw | Brown","coffeelid-brown","Primary","ME109-1","Floor",149,"yes","yes","yes","2025-08-24 15:04:17"
"Universal Buddy Drinking Lid with Straw | Pink1","coffeelid-pink","Primary","ME111-1","Floor",174,"yes","yes","yes","2025-08-24 15:00:18"
"Universal Buddy | Ohio State Helmet","uni-silver-ncaa-ohiostate-helmet","Primary","MC142-1","Floor",479,"yes","yes","yes","2025-08-23 22:02:14"
"Universal Buddy | Royal","uni-royal","Primary","ME153-4","Bay",600,"yes","no","yes","2025-08-23 21:04:39"
"Universal Buddy | Northern Lights","uni-lights","Primary","CF136-3","Bay",600,"yes","no","yes","2025-08-23 19:56:54"
"Universal Buddy | Northern Lights","uni-lights","Primary","CF134-3","Bay",600,"yes","no","yes","2025-08-23 19:55:19"
"Universal Buddy | Ice Cream","uni-icecream","Primary","CD114-4","Bay",600,"yes","no","yes","2025-08-23 18:59:26"
"Universal Buddy Replacement Insert  3.0","uniinsert3-black","Primary","MC121-2","Bay",1000,"yes","no","yes","2025-08-23 18:06:21"
"Universal Buddy | Royal Glitz","uni-royalglitz","Primary","MC130-1","Floor",309,"yes","yes","yes","2025-08-23 16:22:48"
"Replacement Silicone | To-Go Buddy | Red","togorubber-red","Primary","MA146-3","Bin",53,"yes","yes","yes","2025-08-22 20:26:10"
"To-Go Buddy | Nebula","togo30-nebula","Primary","CE105-4","Bay",400,"yes","no","yes","2025-08-22 16:49:47"
"To-Go Buddy | Nebula","togo30-nebula","Primary","CE108-3","Bay",400,"yes","no","yes","2025-08-22 16:48:24"
"To-Go Buddy | Nebula","togo30-nebula","Primary","CE112-4","Bay",400,"yes","no","yes","2025-08-22 15:33:13"
"To-Go Buddy | Nebula","togo30-nebula","Primary","CE106-2","Bay",400,"yes","no","yes","2025-08-22 15:30:19"
"To-Go Buddy | Nebula","togo30-nebula","Primary","CD106-3","Bay",399,"yes","no","yes","2025-08-22 15:25:09"
"To-Go Buddy | Crimson","togo30-crimson","Primary","CD108-4","Bay",400,"yes","no","yes","2025-08-21 21:11:07"
"To-Go Buddy | Crimson","togo30-crimson","Primary","CD107-4","Bay",400,"yes","no","yes","2025-08-21 20:44:53"
"To-Go Buddy | Crimson","togo30-crimson","Primary","CD109-3","Bay",400,"yes","no","yes","2025-08-21 20:32:43"
"To-Go Buddy | Crimson","togo30-crimson","Primary","CD112-4","Bay",400,"yes","no","yes","2025-08-21 20:27:17"
"To-Go Buddy | Crimson","togo30-crimson","Primary","CD111-2","Bay",400,"yes","no","yes","2025-08-21 19:38:14"
"To-Go Buddy | White","togo30-white","Primary","CD139-3","Bay",400,"yes","no","yes","2025-08-21 18:10:52"
"Stein Buddy | White","stein-white","Primary","ME106-1","Floor",36,"yes","yes","yes","2025-08-20 14:50:09"
"Replacement Straw | Thicc Buddy | Ballet Slipper","thiccstraw-balletslipper","Primary","MA137-2","Bin",18,"yes","yes","yes","2025-08-20 14:15:55"
"Universal Buddy 2.0 Can Cooler Drink Lid with Straw | Purple","Drinklid2straw-purple","Primary","MA152-2","Bin",12,"yes","yes","yes","2025-08-20 14:07:51"
"Sports Buddy Bumper 24oz Teal Blue","Bumper-sports24tealblue","Primary","MA147-3","Bin",7,"yes","yes","yes","2025-08-20 14:06:31"
"Replacement Silicone | To-Go Buddy | Purple Gradient","togorubber-purplegradient","Primary","MA156-1","Bin",2,"yes","yes","yes","2025-08-20 14:01:34"
"Sports Buddy Bumper (azul azulado, 40 onzas)","Bumper-sports40tealblue","Primary","MA158-2","Bin",27,"yes","yes","yes","2025-08-20 13:59:31"
"Replacement Silicone | To-Go Buddy | Mademoiselle","togorubber-mademoiselle","Primary","MA167-2","Bin",5,"yes","yes","yes","2025-08-20 13:49:40"
"Thicc Buddy 40 | Dark Glitz","thicc40-darkglitz","Primary","MJ147-1","Floor",16,"yes","yes","yes","2025-08-19 17:13:24"
"Mystery Returns Assortment Return 10","return10","Primary","MG133-1","Floor",29,"yes","yes","yes","2025-08-18 21:43:41"
"Universal Buddy | Teal Glitz","uni-tealglitz","Primary","MC151-1","Floor",350,"yes","yes","yes","2025-08-18 19:47:10"
"Universal Buddy | Teal Glitz","uni-tealglitz","Primary","CE115-2","Bay",100,"yes","no","yes","2025-08-18 19:43:02"
"Universal Buddy | Silver Sleigh","uni-silversleigh","Primary","CD127-2","Bay",600,"yes","no","yes","2025-08-18 18:54:34"
"Thicc Buddy 40 | Nebula","thicc40-nebula","Primary","CG137-2","Bay",144,"yes","no","yes","2025-08-18 18:06:40"
"Thicc Buddy 40 | Pink Checkered","thicc40-pinkcheckered","Primary","CG133-3","Bay",144,"yes","no","yes","2025-08-18 18:05:11"
"Thicc Buddy 40 | Gunmetal Glory","thicc40-gunmetalglory","Primary","CG103-4","Bay",144,"yes","no","yes","2025-08-18 17:54:24"
"Bottle Buddy | Nebula","bottle32-nebula","Primary","CD133-3","Bay",240,"yes","no","yes","2025-08-18 16:37:51"
"Thicc Buddy 40 | Ice Cream","thicc40-icecream","Primary","CD118-4","Bay",144,"yes","no","yes","2025-08-18 16:27:44"
"To-Go Buddy | White","togo30-white","Primary","CD126-3","Bay",400,"yes","no","yes","2025-08-18 16:21:42"
"Sports Buddy Bumper (azul azulado, 40 onzas)","Bumper-sports40tealblue","Primary","CD138-2","Bay",96,"yes","no","yes","2025-08-18 16:14:13"
"Bottle Buddy 24 | Pink Checkered","bottle24-pinkcheckered","Primary","MF151-1","Floor",85,"yes","yes","yes","2025-08-18 14:38:38"
"Universal Buddy | Orange","uni-orange1","Primary","MB137-6","Bay",600,"yes","no","yes","2025-08-18 13:46:18"
"To-Go Buddy | Navy","togo30-navy","Primary","MF110-1","Floor",159,"yes","yes","yes","2025-08-18 13:42:19"
"Bottle Buddy | Gunmetal Glory","bottle32-gunmetalglory","Primary","MB127-5","Bay",240,"yes","no","yes","2025-08-18 13:34:49"
"To-Go Buddy | Red","togo30-red","Primary","MB126-4","Bay",100,"yes","no","yes","2025-08-18 13:15:44"
"Bottle Buddy 24 | White","bottle24-white","Primary","MF150-1","Floor",226,"yes","yes","yes","2025-08-18 12:45:46"
"Thicc Buddy 40 | White","thicc40-white","Primary","MJ129-4","Bay",144,"yes","no","yes","2025-08-16 16:50:23"
"Thicc Buddy 40 | White","thicc40-white","Primary","MJ111-4","Bay",144,"yes","no","yes","2025-08-16 16:35:43"
"Thicc Buddy 40 | White","thicc40-white","Primary","MJ120-4","Bay",144,"yes","no","yes","2025-08-16 16:10:50"
"Universal Buddy | Emerald","uni-emerald","Primary","MI118-2","Bay",200,"yes","no","yes","2025-08-16 15:04:03"
"Bottle Buddy 24 | Nebula","bottle24-nebula","Primary","MI125-4","Bay",320,"yes","no","yes","2025-08-15 22:28:41"
"Bottle Buddy 24 | Pink Checkered","bottle24-pinkcheckered","Primary","CD109-4","Bay",240,"yes","no","yes","2025-08-15 21:14:19"
"Bottle Buddy 24 | Pink Checkered","bottle24-pinkcheckered","Primary","MI145-4","Bay",240,"yes","no","yes","2025-08-15 20:42:51"
"Bottle Buddy 24 | White","bottle24-white","Primary","MF103-4","Bay",240,"yes","no","yes","2025-08-15 20:22:01"
"Bottle Buddy 24 | White","bottle24-white","Primary","MI106-4","Bay",240,"yes","no","yes","2025-08-15 20:15:16"
"Bottle Buddy 24 | Nebula","bottle24-nebula","Primary","MD113-4","Bay",240,"yes","no","yes","2025-08-15 19:59:53"
"Bottle Buddy 24 | White","bottle24-white","Primary","MI161-4","Bay",240,"yes","no","yes","2025-08-15 19:52:56"
"To-Go Buddy | Mint Chocolate","togo30-mint","Primary","MA150-4","Bay",200,"yes","no","yes","2025-08-15 19:51:20"
"Bottle Buddy 24 | White","bottle24-white","Primary","MG159-4","Bay",240,"yes","no","yes","2025-08-15 19:50:06"
"Thicc Buddy 40 | Nebula","thicc40-nebula","Primary","ME166-4","Bay",144,"yes","no","yes","2025-08-15 18:25:07"
"To-Go Buddy | White","togo30-white","Primary","CD130-4","Bay",400,"yes","no","yes","2025-08-15 16:39:30"
"To-Go Buddy | White","togo30-white","Primary","CD132-4","Bay",400,"yes","no","yes","2025-08-15 16:38:40"
"To-Go Buddy | White","togo30-white","Primary","CD128-3","Bay",400,"yes","no","yes","2025-08-15 16:07:23"
"To-Go Buddy | White","togo30-white","Primary","CD128-2","Bay",400,"yes","no","yes","2025-08-15 16:06:46"
"To-Go Buddy | White","togo30-white","Primary","CD130-3","Bay",400,"yes","no","yes","2025-08-15 16:02:44"
"To-Go Buddy | White","togo30-white","Primary","CD129-3","Bay",400,"yes","no","yes","2025-08-15 15:48:25"
"Bottle Buddy | Northern Lights","bottle32-lights","Primary","MD160-3","Bay",240,"yes","no","yes","2025-08-15 15:43:15"
"To-Go Buddy | White","togo30-white","Primary","CD134-4","Bay",400,"yes","no","yes","2025-08-15 15:36:14"
"To-Go Buddy | White","togo30-white","Primary","CD136-4","Bay",400,"yes","no","yes","2025-08-15 15:35:34"
"Universal Buddy | San Diego Padres","c-c-white-mlb-padres-stripe-uni","Primary","MB111-3","Bin",20,"yes","yes","yes","2025-08-15 00:36:45"
"Universal Buddy Replacement Lid | Orange","lid2-orange","Primary","MA172-2","Bin",57,"yes","yes","yes","2025-08-14 01:14:59"
"Sports Buddy Bumper White / 40oz","Bumper-sports40white","Primary","MA144-6","Bay",733,"yes","no","yes","2025-08-11 23:00:59"
"Universal Buddy | Royal","uni-royal","Primary","MJ145-4","Bay",600,"yes","no","yes","2025-08-10 23:07:58"
"Universal Buddy | Crimson","uni-crimson","Primary","MJ158-3","Bay",100,"yes","no","yes","2025-08-10 22:19:37"
"Universal Buddy | Ice Cream","uni-icecream","Primary","MJ156-2","Bay",600,"yes","no","yes","2025-08-10 21:31:08"
"Universal Buddy | Ice Cream","uni-icecream","Primary","MJ158-2","Bay",600,"yes","no","yes","2025-08-10 21:30:40"
"Bottle Buddy 16 | White","bottle16-white","Primary","MI117-4","Bay",320,"yes","no","yes","2025-08-10 21:04:42"
"Bottle Buddy 16 | Black","bottle16-black","Primary","MG107-2","Bay",80,"yes","no","yes","2025-08-10 21:01:15"
"Bottle Buddy 16 | White","bottle16-white","Primary","MI123-4","Bay",320,"yes","no","yes","2025-08-10 20:57:36"
"Bottle Buddy 16 | White","bottle16-white","Primary","MI121-4","Bay",320,"yes","no","yes","2025-08-10 20:57:21"
"Bottle Buddy 16 | White","bottle16-white","Primary","MG114-2","Bay",80,"yes","no","yes","2025-08-10 20:49:13"
"Bottle Buddy 16 | Nebula","bottle16-nebula","Primary","MD133-4","Bay",320,"yes","no","yes","2025-08-10 20:24:53"
"Bottle Buddy 16 | Nebula","bottle16-nebula","Primary","MF147-4","Bay",320,"yes","no","yes","2025-08-10 20:22:28"
"Bottle Buddy 16 | Black","bottle16-black","Primary","MI102-3","Bay",320,"yes","no","yes","2025-08-10 20:11:10"
"Bottle Buddy 16 | Black","bottle16-black","Primary","MI113-3","Bay",320,"yes","no","yes","2025-08-10 20:07:39"
"Bottle Buddy 16 | Pink Checkered","bottle16-pinkcheckered","Primary","MF144-4","Bay",320,"yes","no","yes","2025-08-10 19:56:45"
"Bottle Buddy 16 | Dark Night","bottle16-darknight","Primary","MF133-4","Bay",320,"yes","no","yes","2025-08-10 19:08:33"
"Bottle Buddy 16 | Pink Checkered","bottle16-pinkcheckered","Primary","MF143-4","Bay",320,"yes","no","yes","2025-08-10 18:59:34"
"Bottle Buddy 16 | Pink Checkered","bottle16-pinkcheckered","Primary","MF141-4","Bay",320,"yes","no","yes","2025-08-10 18:59:04"
"Bottle Buddy 16 | Aurora","bottle16-aurora","Primary","MC133-3","Bay",260,"yes","no","yes","2025-08-10 17:51:50"
"Bottle Buddy 16 | Nebula","bottle16-nebula","Primary","MC147-3","Bay",320,"yes","no","yes","2025-08-10 17:49:01"
"Bottle Buddy 24 | Dark Night","bottle24-darknight","Primary","MC122-3","Bay",240,"yes","no","yes","2025-08-10 17:07:04"
"Bottle Buddy 16 | Nebula","bottle16-nebula","Primary","MF141-1","Floor",181,"yes","yes","yes","2025-08-10 16:56:15"
"Bottle Buddy 16 | Aurora","bottle16-aurora","Primary","MC125-3","Bay",320,"yes","no","yes","2025-08-10 16:37:07"
"Bottle Buddy 16 | Pink Checkered","bottle16-pinkcheckered","Primary","MF139-1","Floor",117,"yes","yes","yes","2025-08-10 16:31:34"
"Bottle Buddy 16 | Dark Night","bottle16-darknight","Primary","MG102-3","Bay",320,"yes","no","yes","2025-08-10 16:28:00"
"Bottle Buddy 16 | Aurora","bottle16-aurora","Primary","MF140-1","Floor",302,"yes","yes","yes","2025-08-10 16:23:22"
"Bottle Buddy 16 | Black","bottle16-black","Primary","MF137-1","Floor",135,"yes","yes","yes","2025-08-10 16:17:54"
"Bottle Buddy 16 | Dark Night","bottle16-darknight","Primary","MC158-3","Bay",320,"yes","no","yes","2025-08-10 16:09:02"
"Bottle Buddy 16 | Dark Night","bottle16-darknight","Primary","MF138-1","Floor",262,"yes","yes","yes","2025-08-10 16:02:22"
"Bottle Buddy 16 | White","bottle16-white","Primary","MG104-3","Bay",320,"yes","no","yes","2025-08-10 15:58:29"
"Bottle Buddy 16 | White","bottle16-white","Primary","MF136-1","Floor",356,"yes","yes","yes","2025-08-10 15:54:44"
"Bottle Buddy 24 | Black","bottle24-black","Primary","MG114-3","Bay",240,"yes","no","yes","2025-08-10 15:04:31"
"Bottle Buddy 24 | Black","bottle24-black","Primary","MG105-3","Bay",160,"yes","no","yes","2025-08-10 14:52:35"
"Bottle Buddy 24 | Aurora","bottle24-aurora","Primary","MG111-3","Bay",240,"yes","no","yes","2025-08-10 14:33:29"
"Bottle Buddy 24 | Black","bottle24-black","Primary","MF153-1","Floor",75,"yes","yes","yes","2025-08-10 13:50:42"
"Bottle Buddy 24 | Aurora","bottle24-aurora","Primary","MF156-1","Floor",163,"yes","yes","yes","2025-08-10 13:47:10"
"Bottle Buddy 24 | Dark Night","bottle24-darknight","Primary","MF154-1","Floor",238,"yes","yes","yes","2025-08-10 13:44:23"
"Thicc Buddy 40 | White","thicc40-white","Primary","MJ133-4","Bay",144,"yes","no","yes","2025-08-09 18:59:19"
"Thicc Buddy 40 | White","thicc40-white","Primary","MJ125-4","Bay",143,"yes","no","yes","2025-08-09 18:37:13"
"Thicc Buddy 40 | White","thicc40-white","Primary","MJ127-4","Bay",144,"yes","no","yes","2025-08-09 18:36:55"
"Thicc Buddy 40 | Tactical Green","thicc40-tactical","Primary","MJ142-1","Floor",5,"yes","yes","yes","2025-08-09 15:28:29"
"Universal XL | Black Leopard","unixl-blackleopard","Primary","MF167-3","Bay",400,"yes","no","yes","2025-08-09 13:23:58"
"Universal XL | Black Leopard","unixl-blackleopard","Primary","MF165-3","Bay",400,"yes","no","yes","2025-08-09 13:19:32"
"Universal XL | Emerald","unixl-emerald","Primary","MF163-3","Bay",400,"yes","no","yes","2025-08-09 13:10:24"
"Universal XL | Gunmetal Glory","unixl-gunmetalglory","Primary","MF162-3","Bay",400,"yes","no","yes","2025-08-09 12:55:32"
"Universal XL | Emerald","unixl-emerald","Primary","MI147-4","Bay",400,"yes","no","yes","2025-08-09 12:48:19"
"Thicc Buddy 40 | White","thicc40-white","Primary","MJ122-4","Bay",144,"yes","no","yes","2025-08-09 12:31:28"
"Thicc Buddy 40 | White","thicc40-white","Primary","MJ124-4","Bay",144,"yes","no","yes","2025-08-09 12:31:09"
"Thicc Buddy 40 | White","thicc40-white","Primary","MJ126-4","Bay",144,"yes","no","yes","2025-08-09 12:30:31"
"Thicc Buddy 40 | White","thicc40-white","Primary","MJ128-4","Bay",144,"yes","no","yes","2025-08-09 12:30:12"
"Thicc Buddy 40 | White","thicc40-white","Primary","MJ112-4","Bay",144,"yes","no","yes","2025-08-09 12:23:28"
"Universal Buddy | Northern Lights","uni-lights","Primary","MI143-4","Bay",600,"yes","no","yes","2025-08-08 21:28:43"
"Universal XL | Northern Lights","unixl-lights","Primary","MI141-4","Bay",400,"yes","no","yes","2025-08-08 21:26:00"
"Universal XL | Gunmetal Glory","unixl-gunmetalglory","Primary","MI139-4","Bay",400,"yes","no","yes","2025-08-08 21:20:53"
"Universal Buddy | Pink Checkered","uni-pinkcheckered","Primary","MI135-4","Bay",600,"yes","no","yes","2025-08-08 21:15:13"
"Universal Buddy | Northern Lights","uni-lights","Primary","MJ115-3","Bay",600,"yes","no","yes","2025-08-08 21:12:14"
"Universal XL | Black Leopard","unixl-blackleopard","Primary","MH134-3","Bay",400,"yes","no","yes","2025-08-08 21:01:40"
"Universal Buddy | Northern Lights","uni-lights","Primary","MJ116-4","Bay",600,"yes","no","yes","2025-08-08 20:59:42"
"Universal XL | Emerald","unixl-emerald","Primary","MG168-4","Bay",400,"yes","no","yes","2025-08-08 20:50:11"
"Universal XL | Gunmetal Glory","unixl-gunmetalglory","Primary","MH137-2","Bay",400,"yes","no","yes","2025-08-08 20:41:26"
"Universal Buddy | Northern Lights","uni-lights","Primary","MJ101-2","Bay",600,"yes","no","yes","2025-08-08 20:33:08"
"Custom Product for CS Thicc 40oz | Prizm","corp-prizm-t40","Primary","Corporate Processing","",1,"yes","yes","yes","2025-08-08 19:09:11"
"Thicc Buddy 40 | Nebula","thicc40-nebula","Primary","CG131-3","Bay",144,"yes","no","yes","2025-08-07 21:42:55"
"Thicc Buddy 40 | Nebula","thicc40-nebula","Primary","CG131-2","Bay",144,"yes","no","yes","2025-08-07 21:40:20"
"Thicc Buddy 40 | Nebula","thicc40-nebula","Primary","CG129-2","Bay",144,"yes","no","yes","2025-08-07 21:38:08"
"Thicc Buddy 40 | White","thicc40-white","Primary","CG117-3","Bay",144,"yes","no","yes","2025-08-07 21:24:53"
"Thicc Buddy 40 | Navy","thicc40-navy","Primary","MH106-4","Bay",144,"yes","no","yes","2025-08-07 19:54:19"
"Thicc Buddy 40 | Navy","thicc40-navy","Primary","MH108-4","Bay",144,"yes","no","yes","2025-08-07 19:51:51"
"Thicc Buddy 40 | Aurora","thicc40-aurora","Primary","MG117-3","Bay",144,"yes","no","yes","2025-08-07 19:48:24"
"Thicc Buddy 40 | Navy","thicc40-navy","Primary","MG112-4","Bay",144,"yes","no","yes","2025-08-07 19:44:03"
"Thicc Buddy 40 | Navy","thicc40-navy","Primary","MG156-4","Bay",144,"yes","no","yes","2025-08-07 19:29:01"
"Thicc Buddy 40 | Gunmetal Glory","thicc40-gunmetalglory","Primary","MH105-4","Bay",144,"yes","no","yes","2025-08-07 19:05:13"
"Thicc Buddy 40 | Pink Checkered","thicc40-pinkcheckered","Primary","ME155-2","Bay",144,"yes","no","yes","2025-08-07 18:44:43"
"To-Go Buddy | Orange","togo30-orange","Primary","ME155-1","Floor",296,"yes","yes","yes","2025-08-06 19:07:09"
"To-Go Buddy | White","togo30-white","Primary","ME162-1","Floor",313,"yes","yes","yes","2025-08-06 17:48:50"
"To-Go Buddy | Crimson","togo30-crimson","Primary","ME163-1","Floor",57,"yes","yes","yes","2025-08-06 17:34:56"
"To-Go Buddy | Red","togo30-red","Primary","ME168-1","Floor ",228,"yes","yes","yes","2025-08-06 17:22:40"
"To-Go Buddy | Royal","togo30-royal","Primary","MF107-1","Floor",424,"yes","yes","yes","2025-08-06 16:05:06"
"To-Go Buddy | Rocky Top","togo30-rockytop","Primary","MF108-1","Floor",348,"yes","yes","yes","2025-08-06 15:57:53"
"Bottle Buddy | Cream","bottle32-cream","Primary","MG114-1","Floor",132,"yes","yes","yes","2025-08-06 13:23:06"
"Bottle Buddy | Navy","bottle32-navy","Primary","MG115-1","Floor",15,"yes","yes","yes","2025-08-06 13:03:32"
"Bottle Buddy | Northern Lights","bottle32-lights","Primary","MG122-1","Floor",200,"yes","yes","yes","2025-08-06 12:36:27"
"Bottle Buddy | Black","bottle32-black","Primary","MG124-1","Floor",183,"yes","yes","yes","2025-08-06 12:14:32"
"Bottle Buddy | Gumdrop","bottle32-gumdrop","Primary","MG123-1","Floor",291,"yes","yes","yes","2025-08-06 12:10:13"
"Bottle Buddy | Fall Picnic","bottle32-fallpicnic","Primary","MG127-1","Floor",42,"yes","yes","yes","2025-08-05 21:59:29"
"Bottle Buddy | Hippie Haze","bottle32-hippiehaze","Primary","MG141-1","Floor",88,"yes","yes","yes","2025-08-05 21:40:38"
"Bottle Buddy | Purple Glitz","bottle32-purpleglitz","Primary","MG143-1","Floor",198,"yes","yes","yes","2025-08-05 21:28:34"
"Lip Balm | Cherry 4-Pack","lipbalm-cherry4","Primary","MG140-1","Floor",866,"yes","yes","yes","2025-08-05 21:21:25"
"Mini Thicc Buddy | Red","thicc16-red","Primary","MH126-1","Floor",322,"yes","yes","yes","2025-08-05 20:09:39"
"Mini Thicc Buddy | Ice Cream","thicc16-icecream","Primary","MH132-1","Floor",92,"yes","yes","yes","2025-08-05 18:44:57"
"Mini Thicc Buddy | White","thicc16-white","Primary","MH134-1","Floor",96,"yes","yes","yes","2025-08-05 18:37:23"
"Mini Thicc Buddy | Starlight","thicc16-starlight","Primary","MH133-1","Floor",56,"yes","yes","yes","2025-08-05 18:32:59"
"Mini Thicc Coffee Lid | Black","thicc16coffeelid-black","Primary","MH136-1","Floor",653,"yes","yes","yes","2025-08-05 18:28:16"
"Mini Thicc Buddy | Royal","thicc16-royal","Primary","MH138-1","Floor",254,"yes","yes","yes","2025-08-05 18:12:25"
"Mini Thicc Buddy | Navy","thicc16-navy","Primary","MH137-1","Floor",151,"yes","yes","yes","2025-08-05 18:05:12"
"Mini Thicc Buddy | Cream","thicc16-cream","Primary","MH144-1","Floor",327,"yes","yes","yes","2025-08-05 16:50:11"
"Mini Thicc Buddy | Aurora","thicc16-aurora","Primary","MH143-1","Floor",229,"yes","yes","yes","2025-08-05 16:46:58"
"Mini Thicc Buddy | Purple Glitz","thicc16-purpleglitz","Primary","MH146-1","Floor",201,"yes","yes","yes","2025-08-05 16:42:52"
"Mini Thicc Buddy | Gumdrop","thicc16-gumdrop","Primary","MH145-1","Floor",319,"yes","yes","yes","2025-08-05 16:38:49"
"Bottle Buddy | Fireside","bottle32-fireside","Primary","MG150-1","Floor",101,"yes","yes","yes","2025-08-05 14:56:48"
"Mini Thicc Buddy | Ice Cream","thicc16-icecream","Primary","MI162-2","Bay",96,"yes","no","yes","2025-08-04 21:43:56"
"Universal XL | Navy","unixl-navy","Primary","MD148-1","Floor",363,"yes","yes","yes","2025-08-04 16:46:28"
"To-Go Buddy | Royal","togo30-royal","Primary","MJ144-2","Bay",400,"yes","no","yes","2025-08-04 14:12:30"
"To-Go Buddy | Royal","togo30-royal","Primary","MJ142-2","Bay",400,"yes","no","yes","2025-08-04 13:56:10"
"Universal XL | White","unixl-white","Primary","MG116-3","Bay",400,"yes","no","yes","2025-08-04 12:47:44"
"Universal XL | White","unixl-white","Primary","MG126-3","Bay",400,"yes","no","yes","2025-08-04 12:18:27"
"Universal XL | White","unixl-white","Primary","MG126-4","Bay",400,"yes","no","yes","2025-08-04 12:18:08"
"Universal XL | White","unixl-white","Primary","MG128-4","Bay",400,"yes","no","yes","2025-08-04 00:06:03"
"Thicc Buddy 40 | Crimson","thicc40-crimson","Primary","MJ123-1","Floor",47,"yes","yes","yes","2025-08-03 23:28:26"
"Thicc Buddy 40 | Neon USA","thicc40-neonusa","Primary","MJ125-1","Floor",22,"yes","yes","yes","2025-08-03 23:19:20"
"Thicc Buddy 40 | Rocky Top","thicc40-rockytop","Primary","MJ143-1","Floor",72,"yes","yes","yes","2025-08-03 21:52:16"
"Thicc Buddy 40 | Cherry Leopard","thicc40-cherryleopard","Primary","MJ144-1","Floor",2,"yes","yes","yes","2025-08-03 21:48:55"
"Thicc Buddy 40 | Emerald Elegance (Old Lid)","thicc40-emerald-oldlid","Primary","MI149-2","Bay",24,"yes","no","yes","2025-08-03 00:17:20"
"Thicc Buddy 40 | Emerald Elegance (Old Lid)","thicc40-emerald-oldlid","Primary","MI101-4","Bay",144,"yes","no","yes","2025-08-03 00:13:09"
"Thicc Buddy 40 | Emerald Elegance (Old Lid)","thicc40-emerald-oldlid","Primary","MI103-3","Bay",144,"yes","no","yes","2025-08-03 00:11:55"
"Bottle Buddy | White","bottle32-white","Primary","MI151-2","Bay",180,"yes","no","yes","2025-08-02 23:37:19"
"Chubby Buddy | Black","chub-black","Primary","MI148-2","Bay",200,"yes","no","yes","2025-08-02 22:15:36"
"Universal Buddy | Emerald","uni-emerald","Primary","MJ110-2","Bay",600,"yes","no","yes","2025-08-02 20:24:48"
"Bottle Buddy | Gunmetal Glory","bottle32-gunmetalglory","Primary","ME104-4","Bay",240,"yes","no","yes","2025-08-02 19:28:25"
"Bottle Buddy | Navy","bottle32-navy","Primary","ME113-3","Bay",240,"yes","no","yes","2025-08-02 18:20:42"
"Bottle Buddy | Navy","bottle32-navy","Primary","ME115-3","Bay",240,"yes","no","yes","2025-08-02 18:18:33"
"Mini Thicc Buddy | Dinosaur","thicc16-dinosaur2","Primary","MG135-2","Bay",128,"yes","no","yes","2025-08-01 14:44:23"
"To-Go Buddy | White","togo30-white","Primary","CF104-4","Bay",400,"yes","no","yes","2025-07-31 20:47:37"
"To-Go Buddy | White","togo30-white","Primary","CF102-4","Bay",400,"yes","no","yes","2025-07-31 20:47:16"
"To-Go Buddy | White","togo30-white","Primary","CF102-3","Bay",400,"yes","no","yes","2025-07-31 20:46:43"
"To-Go Buddy | White","togo30-white","Primary","CF103-4","Bay",400,"yes","no","yes","2025-07-31 20:45:54"
"Universal XL | Gunmetal Glory","unixl-gunmetalglory","Primary","MG152-3","Bay",400,"yes","no","yes","2025-07-31 20:26:02"
"Universal XL | Gunmetal Glory","unixl-gunmetalglory","Primary","MG151-3","Bay",400,"yes","no","yes","2025-07-31 19:08:11"
"Universal XL | Emerald","unixl-emerald","Primary","MG154-2","Bay",400,"yes","no","yes","2025-07-31 17:56:32"
"Shot Buddy","fb-shotglass","Primary","Laser","Bin",26,"yes","no","no","2025-07-31 16:25:19"
"Mini Thicc Starlight - Both Lids","thicc16-starlight2","Primary","MH119-3","Bay",384,"yes","no","yes","2025-07-31 16:12:58"
"Mini Thicc Buddy | Dinosaur","thicc16-dinosaur2","Primary","MH113-3","Bay",384,"yes","no","yes","2025-07-31 15:53:34"
"Mini Thicc Starlight - Both Lids","thicc16-starlight2","Primary","MH121-2","Bay",384,"yes","no","yes","2025-07-31 15:32:03"
"Universal Buddy | New York Yankees Sticker","C-C-NAVY-MLB-YANKEES","Primary","MB103-3","Bin",8,"yes","yes","yes","2025-07-31 14:40:05"
"Universal Buddy | Camo Flag","uni-camoflag","Primary","CD140-4","Bay",600,"yes","no","yes","2025-07-30 21:46:08"
"Universal Buddy | Camo Flag","uni-camoflag","Primary","CD140-2","Bay",600,"yes","no","yes","2025-07-30 21:31:03"
"Chubby Buddy | Black","chub-black","Primary","CD121-2","Bay",600,"yes","no","yes","2025-07-30 21:25:40"
"Mini Thicc Buddy | Ice Cream","thicc16-icecream","Primary","MH164-2","Bay",384,"yes","no","yes","2025-07-30 15:00:53"
"Mini Thicc Buddy | Dinosaur","thicc16-dinosaur2","Primary","MH160-2","Bay",384,"yes","no","yes","2025-07-30 14:53:41"
"Mini Thicc Buddy | Dinosaur","thicc16-dinosaur2","Primary","MH154-2","Bay",384,"yes","no","yes","2025-07-30 14:53:12"
"Bottle Buddy | Ice Cream","bottle32-icecream","Primary","Buc-ee's Processing","Floor",60,"yes","no","yes","2025-07-30 14:28:23"
"Mini Thicc Buddy | Ice Cream","thicc16-icecream","Primary","MH153-2","Bay",384,"yes","no","yes","2025-07-30 14:07:31"
"Bottle Buddy | Dark Night","bottle32-darknight","Primary","Buc-ee's Processing","Floor",60,"yes","no","yes","2025-07-30 14:02:52"
"Mini Thicc Buddy | Ice Cream","thicc16-icecream","Primary","MH151-2","Bay",384,"yes","no","yes","2025-07-30 14:01:28"
"Thicc Buddy 30 | Nebula","thicc30-nebula","Primary","MH128-4","Bay",288,"yes","no","yes","2025-07-29 22:00:47"
"Bottle Buddy | Winter Rose","bottle32-winterrose","Primary","MG144-1","Floor",8,"yes","yes","yes","2025-07-28 14:51:41"
"Thicc Buddy 40 | Nebula","thicc40-nebula","Primary","MC120-4","Bay",144,"yes","no","yes","2025-07-25 18:10:19"
"Mini Thicc Buddy | Emerald Elegance","thicc16-emerald","Primary","MB143-5","Bay",384,"yes","no","yes","2025-07-25 16:31:46"
"Thicc Buddy 30 | Nebula","thicc30-nebula","Primary","CB106-3","Bay",288,"yes","no","yes","2025-07-24 21:52:27"
"Thicc Buddy 40 | Emerald Elegance","thicc40-emerald","Primary","CB117-4","Bay",144,"yes","no","yes","2025-07-24 20:32:02"
"Thicc Buddy 40 | Emerald Elegance","thicc40-emerald","Primary","CB117-2","Bay",144,"yes","no","yes","2025-07-24 18:39:18"
"Mini Thicc Buddy | Dinosaur","thicc16-dinosaur2","Primary","CB123-2","Bay",383,"yes","no","yes","2025-07-24 16:49:01"
"Thicc Buddy 40 | Nebula","thicc40-nebula","Primary","MF123-4","Bay",144,"yes","no","yes","2025-07-24 13:21:31"
"Chubby Buddy | Black","chub-black","Primary","MF109-4","Bay",600,"yes","no","yes","2025-07-24 12:54:55"
"Thicc Buddy 40 | Nebula","thicc40-nebula","Primary","ME165-2","Bay",144,"yes","no","yes","2025-07-24 12:35:45"
"Universal XL | Northern Lights","unixl-lights","Primary","MA148-5","Bay",400,"yes","no","yes","2025-07-23 21:39:07"
"Universal XL | Ice Cream","unixl-icecream","Primary","MD142-1","Floor",24,"yes","yes","yes","2025-07-21 13:05:23"
"Mini Thicc Buddy | Gumdrop","thicc16-gumdrop","Primary","MF126-3","Bay",384,"yes","no","yes","2025-07-17 16:57:00"
"Lipbalm | Cherry","lipbalm-cherry","Primary","MG139-1","Floor",5022,"yes","yes","yes","2025-07-17 16:05:48"
"Replacement Lid | Thicc Buddy 50 | In The Nude","thicc50lid-nude","Primary","MA178-1","Bin",25,"yes","yes","yes","2025-07-14 12:40:38"
"unboxing thicc40 | Lavender","thicc40-lavender-unboxed","Primary","CC139-1","Floor",41,"yes","no","yes","2025-07-11 23:12:42"
"unboxed thicc40 | Neonpink","thicc40-neonpink-unboxed","Primary","CC139-1","Floor",14,"yes","no","yes","2025-07-11 23:12:42"
"Sports Buddy Bumper Purple / 40oz","Bumper-sports40purple","Primary","MA175-3","Bin",31,"yes","yes","yes","2025-07-10 15:28:55"
"Mini Thicc Buddy | Ice Cream","thicc16-icecream","Primary","CE129-3","Bay",384,"yes","no","yes","2025-07-09 13:24:28"
"Thicc Buddy 40 | Ice Cream","thicc40-icecream","Primary","CE124-4","Bay",144,"yes","no","yes","2025-07-09 13:21:25"
"Chubby Buddy | Black","chub-black","Primary","CD133-4","Bay",600,"yes","no","yes","2025-07-08 21:56:22"
"Thicc Buddy 40 | Ice Cream","thicc40-icecream","Primary","CD126-4","Bay",144,"yes","no","yes","2025-07-08 20:42:21"
"Unboxed Universal Black","uni-black-unboxed","Primary","PS102-1","Flow",187,"yes","no","yes","2025-07-07 18:40:35"
"Universal Buddy | Crimson","uni-crimson","Primary","MA138-6","Bay",250,"yes","no","yes","2025-07-07 17:32:07"
"Thicc Buddy 40 | Ice Cream","thicc40-icecream","Primary","MB130-4","Bay",144,"yes","no","yes","2025-07-07 12:15:09"
"Thicc Buddy 40 | Ice Cream","thicc40-icecream","Primary","MB122-4","Bay",144,"yes","no","yes","2025-07-07 12:12:29"
"Thicc Buddy 40 | Ice Cream","thicc40-icecream","Primary","MB116-4","Bay",144,"yes","no","yes","2025-07-07 12:11:17"
"Thicc Buddy 40 | Ice Cream","thicc40-icecream","Primary","MC112-2","Bay",144,"yes","no","yes","2025-07-07 12:08:11"
"Thicc Buddy 40 | Ice Cream","thicc40-icecream","Primary","MC120-2","Bay",144,"yes","no","yes","2025-07-07 11:59:38"
"Thicc Buddy 40 | Ice Cream","thicc40-icecream","Primary","MC142-2","Bay",144,"yes","no","yes","2025-07-07 11:58:24"
"Thicc Buddy 40 | Ice Cream","thicc40-icecream","Primary","MC136-2","Bay",144,"yes","no","yes","2025-07-07 11:57:10"
"Thicc Buddy 40 | Ice Cream","thicc40-icecream","Primary","ME138-2","Bay",144,"yes","no","yes","2025-07-07 11:53:52"
"Thicc Buddy 40 | Ice Cream","thicc40-icecream","Primary","MD126-2","Bay",144,"yes","no","yes","2025-07-07 11:52:47"
"Thicc Buddy 40 | Ice Cream","thicc40-icecream","Primary","MD131-2","Bay",144,"yes","no","yes","2025-07-07 11:51:48"
"Thicc Buddy 40 | Ice Cream","thicc40-icecream","Primary","MB127-4","Bay",144,"yes","no","yes","2025-07-06 23:04:40"
"Universal Buddy | Emerald","uni-emerald","Primary","CE103-3","Bay",575,"yes","no","yes","2025-07-03 16:24:15"
"Universal Buddy | Orange","uni-orange1","Primary","MC141-1","Floor",208,"yes","yes","yes","2025-07-02 20:58:40"
"Universal Buddy | Tactical Green","uni-tactical","Primary","MC117-1","Floor",532,"yes","yes","yes","2025-06-27 16:52:45"
"Universal Buddy | Pink Checkered","uni-pinkcheckered","Primary","MC139-1","Floor",145,"yes","yes","yes","2025-06-21 14:29:33"
"Custom Product for CS Universal | Black","corp-black-uni","Primary","Corporate Processing","",15,"yes","yes","yes","2025-06-20 17:35:17"
"Thicc Buddy 40 | Northern Lights","thicc40-lights","Primary","MB114-5","Bay",144,"yes","no","yes","2025-06-19 22:03:17"
"Thicc Buddy 40 | Pink Checkered","thicc40-pinkcheckered","Primary","MB111-4","Bay",144,"yes","no","yes","2025-06-19 22:02:16"
"Thicc Buddy 40 | Nebula","thicc40-nebula","Primary","MF111-4","Bay",144,"yes","no","yes","2025-06-19 22:01:05"
"Thicc Buddy 40 | Nebula","thicc40-nebula","Primary","MB111-5","Bay",144,"yes","no","yes","2025-06-19 21:58:55"
"Thicc Buddy 40 | Pink Checkered","thicc40-pinkcheckered","Primary","MD118-4","Bay",144,"yes","no","yes","2025-06-19 21:47:07"
"Thicc Buddy 40 | Ice Cream","thicc40-icecream","Primary","ME142-4","Bay",144,"yes","no","yes","2025-06-19 21:41:52"
"Thicc Buddy 30 | Nebula","thicc30-nebula","Primary","MF108-4","Bay",288,"yes","no","yes","2025-06-19 21:39:03"
"Thicc Buddy 40 | Nebula","thicc40-nebula","Primary","MF105-4","Bay",144,"yes","no","yes","2025-06-19 21:36:10"
"Thicc Buddy 40 | Pink Checkered","thicc40-pinkcheckered","Primary","MD108-3","Bay",141,"yes","no","yes","2025-06-19 21:00:14"
"Thicc Buddy 40 | Northern Lights","thicc40-lights","Primary","MC164-4","Bay",143,"yes","no","yes","2025-06-19 20:54:02"
"Universal Buddy | Mint Chocolate","uni-mint","Primary","MC137-1","Floor",165,"yes","yes","yes","2025-06-19 20:20:18"
"Blender Attachment | Universal XL","blenderA-black","Primary","MD128-1","Floor",493,"yes","yes","yes","2025-06-19 17:42:37"
"Thicc Buddy 40 | Nebula","thicc40-nebula","Primary","MD167-2","Bay",144,"yes","no","yes","2025-06-18 16:42:39"
"Thicc Buddy 40 | Ice Cream","thicc40-icecream","Primary","MD122-2","Bay",144,"yes","no","yes","2025-06-18 16:41:16"
"Thicc Buddy 40 | Ice Cream","thicc40-icecream","Primary","MD135-3","Bay",144,"yes","no","yes","2025-06-18 16:40:01"
"Thicc Buddy 40 | Ice Cream","thicc40-icecream","Primary","MC149-2","Bay",144,"yes","no","yes","2025-06-18 16:37:00"
"Thicc Buddy 40 | Ice Cream","thicc40-icecream","Primary","MD152-3","Bay",144,"yes","no","yes","2025-06-18 16:35:35"
"Thicc Buddy 40 | Ice Cream","thicc40-icecream","Primary","MC104-2","Bay",144,"yes","no","yes","2025-06-18 16:32:40"
"Thicc Buddy 40 | Ice Cream","thicc40-icecream","Primary","MC109-2","Bay",144,"yes","no","yes","2025-06-18 16:30:11"
"Thicc Buddy 40 | Ice Cream","thicc40-icecream","Primary","MC127-3","Bay",144,"yes","no","yes","2025-06-18 16:29:18"
"Bottle Buddy | Northern Lights","bottle32-lights","Primary","MC134-2","Bay",240,"yes","no","yes","2025-06-16 13:51:44"
"Bottle Buddy | Hippie Haze","bottle32-hippiehaze","Primary","MC142-3","Bay",240,"yes","no","yes","2025-06-13 20:31:09"
"Bottle Buddy | Fall Picnic","bottle32-fallpicnic","Primary","MC143-2","Bay",240,"yes","no","yes","2025-06-13 20:28:04"
"Mini Thicc Buddy | Nebula","thicc16-nebula","Primary","MB109-5","Bay",384,"yes","no","yes","2025-06-13 14:57:51"
"Thicc Buddy 30 | Nebula","thicc30-nebula","Primary","ME157-2","Bay",72,"yes","no","yes","2025-06-13 14:09:22"
"Mini Thicc Buddy | Nebula","thicc16-nebula","Primary","MD105-2","Bay",240,"yes","no","yes","2025-06-13 14:06:53"
"Universal Buddy | Coral Crush","uni-coralcrush","Primary","MC118-1","Floor",10,"yes","yes","yes","2025-06-10 20:34:48"
"Universal Buddy Drinking Lid with Straw | Pink","Drinklid2straw-pink","Primary","MA169-2","Bin",20,"yes","yes","yes","2025-06-08 19:49:26"
"Bottle Buddy | Cream","bottle32-cream","Primary","CD122-2","Bay",240,"yes","no","yes","2025-06-08 16:14:32"
"Bottle Buddy | White","bottle32-white","Primary","MG139-2","Bay",160,"yes","no","yes","2025-06-08 15:22:41"
"Bottle Buddy | Navy","bottle32-navy","Primary","ME137-3","Bay",240,"yes","no","yes","2025-06-08 15:00:45"
"Bottle Buddy | Nebula","bottle32-nebula","Primary","CD117-2","Bay",240,"yes","no","yes","2025-06-07 17:09:11"
"Bottle Buddy | Northern Lights","bottle32-lights","Primary","MD165-2","Bay",240,"yes","no","yes","2025-06-07 15:37:34"
"Bottle Buddy | Northern Lights","bottle32-lights","Primary","MD157-2","Bay",240,"yes","no","yes","2025-06-07 15:28:52"
"Bottle Buddy | Northern Lights","bottle32-lights","Primary","MD133-2","Bay",240,"yes","no","yes","2025-06-07 15:23:19"
"Bottle Buddy | Northern Lights","bottle32-lights","Primary","MD104-3","Bay",240,"yes","no","yes","2025-06-07 15:20:38"
"Bottle Buddy | Northern Lights","bottle32-lights","Primary","MD115-2","Bay",240,"yes","no","yes","2025-06-07 15:17:38"
"Universal XL | Nebula","unixl-nebula","Primary","MD122-1","Floor",128,"yes","yes","yes","2025-06-02 14:06:28"
"Universal Buddy | Nebula","uni-nebula","Primary","MC110-1","Floor",296,"yes","yes","yes","2025-05-30 21:12:13"
"unboxed thicc40 | Nebula","thicc40-nebula-unboxed","Primary","PS164-1","Flow",58,"yes","no","yes","2025-05-29 14:24:14"
"Chubby Buddy | Black","chub-black","Primary","MF103-3","Bay",600,"yes","no","yes","2025-05-21 18:03:33"
"Chubby Buddy | Black","chub-black","Primary","ME158-3","Bay",600,"yes","no","yes","2025-05-21 16:59:08"
"Mini Thicc Buddy | Nebula","thicc16-nebula","Primary","MF105-3","Bay",144,"yes","no","yes","2025-05-21 16:53:49"
"Universal Buddy Cocktail Shaker","uni-cocktailshaker","Primary","MC147-1","Floor",31,"yes","yes","yes","2025-05-20 17:59:31"
"Universal Buddy | Gunmetal Glory","uni-gunmetalglory","Primary","MC104-1","Floor",254,"yes","yes","yes","2025-05-20 16:36:42"
"Universal XL | Drinking Lid","unixl-lid-clear","Primary","MD137-1","Floor",438,"yes","yes","yes","2025-05-20 15:27:21"
"Universal XL 24oz Can Lid | Black","lid24-black","Primary","MA146-3","Bin",7,"yes","yes","yes","2025-05-19 18:21:43"
"Frost Buddy Bottle Opener","fb-bottleopener","Primary","MG132-1","Floor",9992,"yes","yes","yes","2025-05-19 17:44:17"
"Universal Buddy | White","uni-allwhite","Primary","ME166-2","Bay",150,"yes","no","yes","2025-05-16 14:14:45"
"Replacement Silicone | Thicc Buddy 40 | Copper Leopard","thicc40rubber-copperleopard","Primary","MA175-2","Bin",27,"yes","yes","yes","2025-05-15 13:41:02"
"Chubby Buddy | Black","chub-black","Primary","MC162-1","Floor",124,"yes","yes","yes","2025-05-07 19:36:54"
"Universal Buddy | Baby Blue","uni-babyblue","Primary","MC113-1","Floor",428,"yes","yes","yes","2025-05-07 19:31:10"
"Universal XL Protein Shaker Lid | Black","unixlproteinlid-black","Primary","MD156-1","Floor",400,"yes","yes","yes","2025-05-07 19:07:48"
"Universal XL Protein Shaker Lid | Navy","unixlproteinlid-navy","Primary","MD152-1","Floor",99,"yes","yes","yes","2025-05-07 19:05:51"
"Universal XL Protein Shaker Lid |  Orange","unixlproteinlid-orange","Primary","MD154-1","Floor",100,"yes","yes","yes","2025-05-07 19:04:17"
"Universal XL | Red","unixl-red","Primary","MD121-1","Floor",339,"yes","yes","yes","2025-05-07 18:44:42"
"Universal XL | Northern Lights","unixl-lights","Primary","MD136-1","Floor",9,"yes","yes","yes","2025-05-07 18:37:59"
"Universal XL | Texas Tea","unixl-texastea","Primary","MD138-1","Floor",13,"yes","yes","yes","2025-05-07 18:33:35"
"Universal XL | White","unixl-white","Primary","MD139-1","Floor",411,"yes","yes","yes","2025-05-07 18:29:40"
"Universal XL | Orange","unixl-orange","Primary","MD143-1","Floor",389,"yes","yes","yes","2025-05-07 18:20:48"
"Universal Buddy Replacement Lid | Green","lid2-green","Primary","MA143-2","Bin",49,"yes","yes","yes","2025-05-06 15:35:15"
"Universal XL | Black Leopard","unixl-blackleopard","Primary","MD151-1","Floor",285,"yes","yes","yes","2025-05-06 14:50:53"
"Universal XL | Baby Blue","unixl-babyblue","Primary","MD150-1","Floor",323,"yes","yes","yes","2025-05-06 14:32:56"
"Replacement Silicone | To-Go Buddy | Yale Blue","togorubber-yaleblue","Primary","MA135-3","Bin",3,"yes","yes","yes","2025-04-18 15:30:47"
"Replacement Silicone | Thicc Buddy 40 | Ballet Slipper","thicc40rubber-balletslipper","Primary","MA159-3","Bin",17,"yes","yes","yes","2025-04-18 15:27:47"
"Replacement Silicone | To-Go Buddy | Aqua","togorubber-aqua","Primary","MA157-2","Bin",57,"yes","yes","yes","2025-04-18 15:26:10"
"Sports Buddy Bumper Grey / 24oz","Bumper-sports24grey","Primary","MA134-3","Bin",17,"yes","yes","yes","2025-04-18 15:20:53"
"Mini Thicc Coffee Lid | Black","thicc16coffeelid-black","Primary","MB156-5","Bay",1000,"yes","no","yes","2025-04-17 20:06:44"
"Mini Thicc Buddy | Royal","thicc16-royal","Primary","ME161-2","Bay",336,"yes","no","yes","2025-04-17 20:01:13"
"Mini Thicc Buddy | Red","thicc16-red","Primary","MB137-5","Bay",384,"yes","no","yes","2025-04-17 18:13:49"
"Universal XL | Crimson","unixl-crimson","Primary","MD125-1","Floor",245,"yes","yes","yes","2025-04-09 17:07:44"
"Jr Buddy | Black","jr-black","Primary","MD164-1","Floor",588,"yes","yes","yes","2025-04-08 20:42:46"
"Jr Buddy | Crimson","jr-crimson","Primary","MD162-1","Floor",600,"yes","yes","yes","2025-04-08 20:39:04"
"Jr Buddy | White","jr-white","Primary","MD160-1","Floor",596,"yes","yes","yes","2025-04-08 20:35:33"
"Jr Buddy | Orange","jr-orange","Primary","MD158-1","Floor",399,"yes","yes","yes","2025-04-08 20:32:00"
"Jr Buddy | Navy","jr-navy","Primary","MC102-1","Floor",598,"yes","yes","yes","2025-04-08 20:28:32"
"Universal Buddy | Ice Cream","uni-icecream","Primary","MC134-1","Floor",772,"yes","yes","yes","2025-04-08 19:25:51"
"Chubby Buddy | Black","chub-black","Primary","MD133-3","Bay",600,"yes","no","yes","2025-04-07 14:03:55"
"Universal Buddy | Black","uni-black","Primary","CA101-1","Floor",600,"yes","no","yes","2025-04-03 20:08:34"
"Universal Buddy | Royal","uni-royal","Primary","MC127-1","Floor",220,"yes","yes","yes","2025-03-21 19:04:47"
"Jr Buddy | White","jr-white","Primary","PS106-2","Flow",600,"yes","no","yes","2025-03-13 16:20:15"
"Jr Buddy | White","jr-white","Primary","MD130-2","Bay",600,"yes","no","yes","2025-03-13 16:16:07"
"Jr Buddy | Black","jr-black","Primary","CD122-4","Bay",600,"yes","no","yes","2025-03-13 16:11:28"
"Jr Buddy | Black","jr-black","Primary","CD116-2","Bay",600,"yes","no","yes","2025-03-13 16:05:37"
"Jr Buddy | Black","jr-black","Primary","CE110-4","Bay",600,"yes","no","yes","2025-03-13 16:01:13"
"Jr Buddy | Black","jr-black","Primary","CC102-2","Bay",600,"yes","no","yes","2025-03-13 15:55:54"
"Jr Buddy | Crimson","jr-crimson","Primary","MC101-4","Bay",400,"yes","no","yes","2025-03-13 15:14:50"
"Jr Buddy | Navy","jr-navy","Primary","MB121-6","Bay",400,"yes","no","yes","2025-03-13 14:51:49"
"Bucee's Products | Universal Buddy | Black","Ws-uni-black","Primary","Temporary Holding","Floor",2182,"yes","yes","yes","2025-03-06 16:25:43"
"Universal XL Protein Shaker Lid | Black","unixlproteinlid-black","Primary","MC163-2","Bay",600,"yes","no","yes","2025-02-25 21:07:51"
"Thicc Buddy 40 | Rocky Top","thicc40-rockytop","Primary","MC118-2","Bay",144,"yes","no","yes","2025-02-25 20:41:31"
"Thicc Buddy 40 | Rocky Top","thicc40-rockytop","Primary","MC125-2","Bay",144,"yes","no","yes","2025-02-25 20:35:50"
"Thicc Buddy 40 | Rocky Top","thicc40-rockytop","Primary","MB102-4","Bay",144,"yes","no","yes","2025-02-25 20:29:45"
"Old Drinking Lid 2.0","OldDrinkLid","Primary","CG115-2","Bay",3402,"yes","no","yes","2025-02-20 19:36:10"
"Sports Buddy Bumper Lemon / 40oz","sports40bumper-lemon","Primary","CG111-4","Bay",651,"yes","no","yes","2025-02-20 19:35:26"
"Replacement Silicone | Thicc Buddy 50 | Seafoam","thicc50rubber-seafoam","Primary","CF137-3","Bay",155,"yes","no","yes","2025-02-20 19:31:35"
"Replacement Silicone | Thicc Buddy 50 | Neon Pink","thicc50rubber-neonpink","Primary","CF135-3","Bay",100,"yes","no","yes","2025-02-20 19:31:07"
"Thicc Buddy 40 | Gunmetal Glory","thicc40-gunmetalglory","Primary","CF135-2","Bay",144,"yes","no","yes","2025-02-20 19:31:00"
"To-Go Buddy | No Lid Purple | 4 Pack","ws-togo-purple4","Primary","CF127-2","Bay",90,"yes","no","yes","2025-02-20 19:29:10"
"Thicc Buddy 40 | Gunmetal Glory","thicc40-gunmetalglory","Primary","CF125-3","Bay",144,"yes","no","yes","2025-02-20 19:28:49"
"Backpack Buddy | Army Green","backpack40-armygreen","Primary","CF108-3","Bay",12,"yes","no","yes","2025-02-20 19:21:16"
"Backpack Buddy | Army Green","backpack40-armygreen","Primary","CF110-3","Bay",12,"yes","no","yes","2025-02-20 19:20:46"
"Stainless Regular Buddy 20","cft-20reg","Primary","CF112-4","Bay",500,"yes","no","yes","2025-02-20 19:20:20"
"Stainless Regular Buddy 20","cft-20reg","Primary","CF114-4","Bay",600,"yes","no","yes","2025-02-20 19:19:47"
"Stainless Regular Buddy 20","cft-20reg","Primary","CF114-2","Bay",600,"yes","no","yes","2025-02-20 19:19:35"
"Backpack Buddy | Army Green","backpack40-armygreen","Primary","CF118-4","Bay",12,"yes","no","yes","2025-02-20 19:18:51"
"Thicc Buddy 40 | Gunmetal Glory","thicc40-gunmetalglory","Primary","CF122-3","Bay",144,"yes","no","yes","2025-02-20 19:17:22"
"Replacement Silicone | Thicc Buddy 50 | In The Nude","thicc50rubber-nude","Primary","CE102-3","Bay",91,"yes","no","yes","2025-02-20 19:12:13"
"Universal Buddy | Stainless","uni-stainless","Primary","CE108-2","Bay",600,"yes","no","yes","2025-02-20 19:10:36"
"Thicc Buddy 40 | Gunmetal Glory","thicc40-gunmetalglory","Primary","CE116-3","Bay",144,"yes","no","yes","2025-02-20 19:08:43"
"Replacement Silicone | Thicc Buddy 50 | Emerald Elegance","thicc50rubber-emerald","Primary","CE124-3","Bay",64,"yes","no","yes","2025-02-20 19:06:51"
"Replacement Silicone | Thicc Buddy 40 | Copper Leopard","thicc40rubber-copperleopard","Primary","CE126-3","Bay",24,"yes","no","yes","2025-02-20 19:06:26"
"Replacement Silicone | Thicc Buddy 50 | White","thicc50rubber-white","Primary","CE127-3","Bay",53,"yes","no","yes","2025-02-20 18:59:58"
"Sports Buddy Bumper Midnight Blue / 40oz","Bumper-sports40mblue","Primary","CE123-3","Bay",61,"yes","no","yes","2025-02-20 18:58:55"
"Universal XL | Merica","unixl-merica","Primary","CC104-3","Bay",400,"yes","no","yes","2025-02-20 18:03:27"
"Universal Buddy Replacement Lid | Yellow","lid2-yellow","Primary","CC112-2","Bay",546,"yes","no","yes","2025-02-20 18:01:07"
"Sports Buddy Bumper Sunset / 24oz","sports24bumper-sunset","Primary","CC114-2","Bay",173,"yes","no","yes","2025-02-20 18:00:39"
"Universal Buddy | Camo Flag","uni-camoflag","Primary","CD137-4","Bay",600,"yes","no","yes","2025-02-20 17:59:26"
"Universal XL | Merica","unixl-merica","Primary","CC120-3","Bay",400,"yes","no","yes","2025-02-20 17:59:10"
"To-Go Buddy Lid | Copper Leopard","togolid-copperleopard","Primary","CC115-3","Bay",432,"yes","no","yes","2025-02-20 17:11:53"
"Universal XL | Merica","unixl-merica","Primary","CC111-3","Bay",400,"yes","no","yes","2025-02-20 17:10:19"
"Universal XL | Merica","unixl-merica","Primary","CB131-4","Bay",400,"yes","no","yes","2025-02-20 15:59:49"
"Universal XL | Merica","unixl-merica","Primary","CB113-2","Bay",400,"yes","no","yes","2025-02-20 15:54:22"
"Universal XL | Merica","unixl-merica","Primary","CB101-3","Bay",400,"yes","no","yes","2025-02-20 15:51:29"
"Universal XL | Merica","unixl-merica","Primary","CB108-3","Bay",400,"yes","no","yes","2025-02-20 15:49:52"
"Replacement Straw | Thicc Buddy | Mademoiselle","thiccstraw-mademoiselle","Primary","MA134-1","Bin",20,"yes","yes","yes","2025-02-18 16:55:04"
"Replacement Straw | Thicc Buddy | Sky Blue Glitter","thiccstraw-skyblueglitter","Primary","MA134-1","Bin",19,"yes","yes","yes","2025-02-18 16:55:04"
"Replacement Straw | Thicc Buddy | Aquamarine","thiccstraw-aquamarine","Primary","MA134-1","Bin",13,"yes","yes","yes","2025-02-18 16:55:03"
"Replacement Straw | Thicc Buddy | White","thiccstraw-white","Primary","MA135-1","Bin",11,"yes","yes","yes","2025-02-18 16:54:19"
"Replacement Straw | Thicc Buddy | Glow","thiccstraw-glow","Primary","MA135-1","Bin",11,"yes","yes","yes","2025-02-18 16:54:18"
"Replacement Straw | Thicc Buddy | Seafoam","thiccstraw-seafoam","Primary","MA135-1","Bin",133,"yes","yes","yes","2025-02-18 16:54:18"
"Replacement Straw | Thicc Buddy | Lavender Fields","thiccstraw-lavender","Primary","MA136-1","Bin",10,"yes","yes","yes","2025-02-18 16:53:30"
"Replacement Straw | Thicc Buddy | Neon Pink","thiccstraw-neonpink","Primary","MA137-1","Bin",19,"yes","yes","yes","2025-02-18 16:52:34"
"Replacement Straw | Thicc Buddy | Copper Leopard","thiccstraw-copperleopard","Primary","MA137-1","Bin",20,"yes","yes","yes","2025-02-18 16:52:33"
"Replacement Straw | Thicc Buddy | Coral Splash","thiccstraw-coralsplash","Primary","MA137-1","Bin",20,"yes","yes","yes","2025-02-18 16:52:33"
"Replacement Silicone | Thicc Buddy 40 | Glow","thicc40rubber-glow","Primary","MA141-1","Bin",38,"yes","yes","yes","2025-02-18 16:48:45"
"Replacement Straw | Thicc Buddy | In The Nude","thiccstraw-nude","Primary","MA142-1","Bin",34,"yes","yes","yes","2025-02-18 16:47:55"
"Universal XL | 24oz Can Lid | Frosty Pop Blue","lid24-frostypopblue","Primary","MA147-1","Bin",16,"yes","yes","yes","2025-02-18 16:43:39"
"Universal XL | 24oz Can Lid | Cream","lid24-cream","Primary","MA147-1","Bin",20,"yes","yes","yes","2025-02-18 16:43:38"
"Replacement Silicone | Thicc Buddy 50 | White","thicc50rubber-white","Primary","MA149-1","Bin",13,"yes","yes","yes","2025-02-18 16:41:52"
"Sports Buddy Bumper Hibiscus / 24oz","Bumper-sports24hibiscus","Primary","MA155-1","Bin",32,"yes","yes","yes","2025-02-18 16:36:34"
"Universal XL 24oz Can Lid | Copper Leopard","lid24-copperleopard","Primary","MA164-1","Bin",20,"yes","yes","yes","2025-02-18 16:28:43"
"Sports Buddy Bumper Cornflower Blue / 40oz","Bumper-sports40cornflowerblue","Primary","MA167-1","Bin",32,"yes","yes","yes","2025-02-18 16:26:48"
"Old Drinking Lid 2.0","OldDrinkLid","Primary","MA168-1","Bin",151,"yes","yes","yes","2025-02-18 16:26:09"
"Universal XL 24oz Can Lid | Royal Blue","lid24-royal","Primary","MA171-1","Bin",18,"yes","yes","yes","2025-02-18 16:23:45"
"Universal Buddy Replacement Lid | Pink","lid2-pink","Primary","MA172-1","Bin",69,"yes","yes","yes","2025-02-18 16:23:07"
"Replacement Silicone | Thicc Buddy 50 | Emerald Elegance","thicc50rubber-emerald","Primary","MA138-2","Bin",20,"yes","yes","yes","2025-02-18 16:09:59"
"Sports Buddy Bumper Hibiscus / 40oz","Bumper-sports40hibiscus","Primary","MA139-2","Bin",22,"yes","yes","yes","2025-02-18 16:09:24"
"Sports Buddy Bumper Sunset / 24oz","sports24bumper-sunset","Primary","MA143-2","Bin",53,"yes","yes","yes","2025-02-18 16:06:56"
"Replacement Silicone | Thicc Buddy 40 | Aquamarine","thicc40rubber-aquamarine","Primary","MA148-2","Bin",78,"yes","yes","yes","2025-02-18 16:02:31"
"Sports Buddy Bumper Midnight Blue / 40oz","Bumper-sports40mblue","Primary","MA150-2","Bin",42,"yes","yes","yes","2025-02-18 16:01:21"
"Universal Buddy Replacement Lid | Grey","lid2-grey","Primary","MA154-2","Bin",18,"yes","yes","yes","2025-02-18 15:58:47"
"Sports 40 Bumper | Sunset","sports40bumper-sunset","Primary","MA156-2","Bin",43,"yes","yes","yes","2025-02-18 15:57:26"
"Replacement Straw | Thicc Buddy | Nebula","thiccstraw-nebula","Primary","MA161-2","Bin",10,"yes","yes","yes","2025-02-18 15:45:33"
"Replacement Silicone | Thicc Buddy 40 | Nebula","thicc40rubber-nebula","Primary","MA162-2","Bin",16,"yes","yes","yes","2025-02-18 15:44:39"
"Buddy Bumper | Yellow","unibumper-yellow","Primary","MA164-2","Bin",141,"yes","yes","yes","2025-02-18 15:43:17"
"Universal XL 24oz Can Lid | Cotton Candy","lid24-cottoncandy","Primary","MA166-2","Bin",17,"yes","yes","yes","2025-02-18 15:41:56"
"Sports Buddy Bumper Midnight Blue / 24oz","Bumper-sports24mblue","Primary","MA168-2","Bin",15,"yes","yes","yes","2025-02-18 15:40:36"
"Replacement Silicone | Thicc Buddy 40 | Black","thicc40rubber-black","Primary","MA177-2","Bin",22,"yes","yes","yes","2025-02-18 15:34:06"
"Replacement Silicone | Thicc Buddy 40 | In The Nude","thicc40rubber-nude","Primary","MA135-3","Bin",5,"yes","yes","yes","2025-02-18 15:30:24"
"Replacement Silicone | Thicc Buddy 40 | Seafoam","thicc40rubber-seafoam","Primary","MA135-3","Bin",35,"yes","yes","yes","2025-02-18 15:30:24"
"Replacement Silicone | Thicc Buddy 40 | Emerald Elegance","thicc40rubber-emerald","Primary","MA136-3","Bin",20,"yes","yes","yes","2025-02-18 15:28:08"
"Replacement Silicone | Thicc Buddy 40 | Neon Pink","thicc40rubber-neonpink","Primary","MA137-3","Bin",20,"yes","yes","yes","2025-02-18 15:27:06"
"Universal Buddy Replacement Lid | Royal Blue","lid2-royal","Primary","MA139-3","Bin",58,"yes","yes","yes","2025-02-18 15:25:49"
"Replacement Straw | Thicc Buddy | Memphis","thiccstraw-memphis","Primary","MA140-3","Bin",21,"yes","yes","yes","2025-02-18 15:13:05"
"Universal Buddy Replacement Lid | Tan","lid2-tan","Primary","MA141-3","Bin",103,"yes","yes","yes","2025-02-18 15:12:25"
"Bumper Buddy | Orange","Bumper-uni-orange","Primary","MA154-3","Bin",31,"yes","yes","yes","2025-02-18 15:01:45"
"Universal Buddy Replacement Lid | Purple","lid2-purple","Primary","MA156-3","Bin",55,"yes","yes","yes","2025-02-18 15:00:07"
"Universal Buddy Replacement Lid | Red","lid2-red","Primary","MA157-3","Bin",19,"yes","yes","yes","2025-02-18 14:59:12"
"Replacement Silicone | Thicc Buddy 40 | Lavender Fields","thicc40rubber-lavender","Primary","MA158-3","Bin",21,"yes","yes","yes","2025-02-18 14:58:06"
"Universal XL | 24oz Can Lid | Nebula Purple","lid24-nebulapurple","Primary","MA159-3","Bin",22,"yes","yes","yes","2025-02-18 14:57:18"
"Replacement Silicone | Thicc Buddy 50 | In The Nude","thicc50rubber-nude","Primary","MA162-3","Bin",74,"yes","yes","yes","2025-02-18 14:54:05"
"Replacement Silicone | Thicc Buddy 40 | Coral Splash","thicc40rubber-coralsplash","Primary","MA164-3","Bin",108,"yes","yes","yes","2025-02-18 14:52:49"
"Sports Buddy Bumper Black / 24oz","Bumper-sports24black","Primary","MA167-3","Bin",18,"yes","yes","yes","2025-02-18 14:50:46"
"Universal XL Bumper | Hibiscus","unixlbumper-hibiscus","Primary","MA171-3","Bin",5,"yes","yes","yes","2025-02-18 14:47:25"
"Universal Buddy Replacement Lid | Navy","lid2-navy","Primary","MA172-3","Bin",4,"yes","yes","yes","2025-02-18 14:46:35"
"Replacement Silicone | Thicc Buddy 50 | Neon Pink","thicc50rubber-neonpink","Primary","MA173-3","Bin",17,"yes","yes","yes","2025-02-18 14:45:52"
"Replacement Silicone | Thicc Buddy 50 | Copper Leopard","thicc50rubber-copperleopard","Primary","MA177-3","Bin",59,"yes","yes","yes","2025-02-18 14:43:20"
"Universal Buddy Replacement Lid | Yellow","lid2-yellow","Primary","MA178-3","Bin",92,"yes","yes","yes","2025-02-18 14:42:39"
"Universal Buddy Drinking Lid with Straw | Matte Grey","coffeelid-mattegrey","Primary","MC162-3","Bay",1000,"yes","no","yes","2025-02-17 15:06:20"
"Universal Buddy Drinking Lid with Straw | Matte Grey","coffeelid-mattegrey","Primary","MB161-5","Bay",1000,"yes","no","yes","2025-02-17 15:03:48"
"Universal Buddy Replacement Lid | Hibiscus","lid2-hibiscus","Primary","MB123-6","Bay",525,"yes","no","yes","2025-02-17 14:49:53"
"Universal Buddy Drinking Lid with Straw | Matte Grey","coffeelid-mattegrey","Primary","MB153-5","Bay",1000,"yes","no","yes","2025-02-17 14:35:47"
"Universal Buddy Drinking Lid with Straw | Matte Grey","coffeelid-mattegrey","Primary","MB146-5","Bay",1000,"yes","no","yes","2025-02-17 14:32:59"
"Sports Buddy Bumper Purple / 40oz","Bumper-sports40purple","Primary","MB119-6","Bay",90,"yes","no","yes","2025-02-15 17:41:37"
"Universal Buddy Replacement Lid | Royal Blue","lid2-royal","Primary","MB113-6","Bay",91,"yes","no","yes","2025-02-15 17:04:38"
"Universal Buddy Replacement Lid | Grey","lid2-grey","Primary","MB124-6","Bay",1273,"yes","no","yes","2025-02-15 15:58:53"
"Sports 40 Bumper | Sunset","sports40bumper-sunset","Primary","MB122-6","Bay",556,"yes","no","yes","2025-02-15 15:57:20"
"Old Drinking Lid 2.0","OldDrinkLid","Primary","MB124-5","Bay",2993,"yes","no","yes","2025-02-15 15:54:05"
"Replacement Silicone | Thicc Buddy 40 | Seafoam","thicc40rubber-seafoam","Primary","MB120-6","Bay",277,"yes","no","yes","2025-02-15 15:50:12"
"Universal Buddy Replacement Lid | Green","lid2-green","Primary","MB118-6","Bay",372,"yes","no","yes","2025-02-15 15:47:56"
"Universal Buddy Replacement Lid | Orange","lid2-orange","Primary","MA150-6","Bay",265,"yes","no","yes","2025-02-15 14:42:37"
"Universal XL 24oz Can Lid | Rose Gold","lid24-rosegold","Primary","MA148-6","Bay",256,"yes","no","yes","2025-02-15 14:38:19"
"Universal XL Bumper | Neon Pink","unixlbumper-pink","Primary","MA136-6","Bay",400,"yes","no","yes","2025-02-14 21:54:42"
"Sports Buddy Bumper Purple / 40oz","Bumper-sports40purple","Primary","MA156-4","Bay",664,"yes","no","yes","2025-02-14 21:31:47"
"Universal Buddy Replacement Lid | Hibiscus","lid2-hibiscus","Primary","MA138-4","Bay",582,"yes","no","yes","2025-02-14 21:17:00"
"Replacement Silicone | Thicc Buddy 50 | Copper Leopard","thicc50rubber-copperleopard","Primary","MA134-4","Bay",97,"yes","no","yes","2025-02-14 21:14:09"
"Universal XL | Dark Night","unixl-darknight","Primary","MD132-1","Floor",127,"yes","yes","yes","2025-02-13 16:01:14"
"Universal XL | Royal","unixl-royal","Primary","MD124-1","Floor",36,"yes","yes","yes","2025-02-13 14:52:45"
"Universal XL | Merica","unixl-merica","Primary","MD117-1","Floor",51,"yes","yes","yes","2025-02-13 14:41:45"
"Universal Buddy | Texas Tea","uni-texastea","Primary","MC135-1","Floor",601,"yes","yes","yes","2025-02-12 22:01:06"
"Universal Buddy | Emerald","uni-emerald","Primary","MC129-1","Floor",256,"yes","yes","yes","2025-02-12 21:52:46"
"Universal Buddy | Crimson","uni-crimson","Primary","MC125-1","Floor",463,"yes","yes","yes","2025-02-12 21:44:55"
"Universal Buddy | Black Leopard","uni-blackleopard","Primary","MC126-1","Floor",360,"yes","yes","yes","2025-02-12 21:43:48"
"Universal Buddy | Charcoal","uni-charcoal","Primary","MC121-1","Floor",343,"yes","yes","yes","2025-02-12 21:40:15"
"Universal Buddy | Red","uni-red1","Primary","MC119-1","Floor",194,"yes","yes","yes","2025-02-12 21:28:05"
"Universal Buddy | RealTree APX","uni-apx","Primary","MC120-1","Floor",658,"yes","yes","yes","2025-02-12 21:21:35"
"Universal Buddy | Golf","uni-golf","Primary","MC111-1","Floor",597,"yes","yes","yes","2025-02-12 20:45:49"
"Universal Buddy | RealTree Max7","uni-max7","Primary","MC112-1","Floor",474,"yes","yes","yes","2025-02-12 20:39:29"
"Universal Buddy | Northern Lights","uni-lights","Primary","MC105-1","Floor",37,"yes","yes","yes","2025-02-12 20:25:14"
"Full Displays Large Display Only (No Product)","dslg5k","Primary","Temporary Holding","Floor",5,"yes","yes","yes","2024-03-20 13:23:13"
"Small Display Only (No Product)","display-sm","Primary","Temporary Holding","Floor",64,"yes","yes","yes","2024-03-20 13:22:45"
